sigla_uf;id_municipio;zona;secao;ano;melhor_urbano
PR;4106506;101;78;2022;POINT(-52.5751549 -25.9819465)
PR;4113908;37;22;2022;POINT(-50.8357745 -25.8029741)
PR;4109401;43;86;2022;POINT(-51.462 -25.433879)
PR;4115200;137;326;2022;POINT(-51.8997963 -23.4180299)
PR;4109401;44;433;2022;POINT(-51.4906285 -25.351769)
PR;4114500;196;149;2022;POINT(-51.675075 -24.519045)
PR;4100608;87;10;2022;POINT(-52.3178619 -23.1331837)
PR;4123501;129;132;2022;POINT(-54.3436541 -24.8696067)
PR;4105706;47;21;2022;POINT(-52.3684961 -26.4124227)
PR;4120606;30;64;2022;POINT(-51.22537333 -24.88401167)
PR;4122404;59;135;2022;POINT(-51.39255504 -23.33292815)
PR;4102109;67;1;2022;POINT(-51.6694594 -23.2390967)
PR;4111308;96;26;2022;POINT(-52.8817562 -22.7280747)
PR;4117701;13;14;2022;POINT(-50.00899255 -25.4325196)
PR;4127700;75;192;2022;POINT(-53.7308839 -24.7121875)
PR;4108403;69;285;2022;POINT(-53.0603587 -26.0696833)
PR;4126272;103;220;2022;POINT(-52.6151936 -25.6940852)
PR;4114906;76;42;2022;POINT(-51.2677397 -23.824874)
PR;4126678;146;119;2022;POINT(-51.0951225 -23.7227281)
PR;4114906;76;6;2022;POINT(-51.3065271 -23.7452608)
PR;4106902;178;460;2022;POINT(-49.2978255 -25.44782)
PR;4108809;90;94;2022;POINT(-54.260229 -24.0943514)
PR;4112405;149;6;2022;POINT(-52.552804 -23.470109)
PR;4105805;186;66;2022;POINT(-49.178211 -25.3717642)
PR;4105805;49;202;2022;POINT(-49.2312729 -25.319282)
PR;4106803;153;39;2022;POINT(-51.3006335 -25.887578)
PR;4122503;141;118;2022;POINT(-52.2747765 -24.5965705)
PR;4113700;42;241;2022;POINT(-51.1984757 -23.308022)
PR;4109401;43;36;2022;POINT(-51.4641039 -25.391219)
PR;4116109;92;103;2022;POINT(-53.0100541 -24.0515278)
PR;4113700;41;356;2022;POINT(-51.20144997 -23.28595562)
PR;4105805;49;6;2022;POINT(-49.2000376 -25.3492824)
PR;4106902;178;507;2022;POINT(-49.3331773 -25.4383667)
PR;4104204;9;31;2022;POINT(-49.5297054 -25.459518)
PR;4106902;177;747;2022;POINT(-49.21125648 -25.42884861)
PR;4106902;175;386;2022;POINT(-49.3412905 -25.59061282)
PR;4112504;93;170;2022;POINT(-51.68723782 -24.17950142)
PR;4127908;86;186;2022;POINT(-52.8791296 -23.8725464)
PR;4104204;9;175;2022;POINT(-49.5313623 -25.4678414)
PR;4101804;50;90;2022;POINT(-49.4342919 -25.5684471)
PR;4106902;1;472;2022;POINT(-49.27282461 -25.4256255)
PR;4107207;115;101;2022;POINT(-53.05716171 -25.73936301)
PR;4103453;126;128;2022;POINT(-53.3243408 -24.6186517)
PR;4118204;5;335;2022;POINT(-48.5329687 -25.5155648)
PR;4126256;206;11;2022;POINT(-51.87367035 -23.44366245)
PR;4105508;88;48;2022;POINT(-52.6115246 -23.6694306)
PR;4103040;38;285;2022;
PR;4106902;3;304;2022;POINT(-49.2186527 -25.4970019)
PR;4113700;42;45;2022;POINT(-51.16027672 -23.32079491)
PR;4127502;17;25;2022;POINT(-50.414893 -24.5214859)
PR;4119400;27;10;2022;POINT(-49.93811883 -24.53552773)
PR;4114609;121;128;2022;
PR;4106902;174;372;2022;POINT(-49.2461667 -25.5295587)
PR;4115200;66;201;2022;POINT(-51.953865 -23.452465)
PR;4102406;58;14;2022;POINT(-50.3712592 -23.1059629)
PR;4106902;177;777;2022;POINT(-49.27298933 -25.4384742)
PR;4106902;177;460;2022;POINT(-49.2385769 -25.44473588)
PR;4117909;124;79;2022;POINT(-53.8509515 -24.2871526)
PR;4122404;59;61;2022;POINT(-51.37534426 -23.20971562)
PR;4106902;175;192;2022;POINT(-49.33205558 -25.55962911)
PR;4106605;86;124;2022;POINT(-53.0706163 -23.7887534)
PR;4106902;3;459;2022;POINT(-49.2056877 -25.4467998)
PR;4119954;194;211;2022;POINT(-48.4628651 -25.6711409)
PR;4118204;5;153;2022;POINT(-48.5493127 -25.5512013)
PR;4106902;176;525;2022;POINT(-49.279486 -25.50544158)
PR;4109401;43;248;2022;POINT(-51.4781355 -25.3902705)
PR;4119152;188;511;2022;POINT(-49.1518477 -25.4172047)
PR;4125506;8;125;2022;POINT(-49.20389514 -25.52099929)
PR;4119103;144;378;2022;POINT(-49.40928222 -26.04795483)
PR;4115705;194;103;2022;POINT(-48.53562226 -25.81824588)
PR;4106407;26;25;2022;POINT(-50.659856 -23.1820758)
PR;4108403;69;223;2022;POINT(-53.0057408 -25.9749044)
PR;4107405;69;307;2022;POINT(-53.0810535 -25.888571)
PR;4108304;147;332;2022;POINT(-54.5351883 -25.491542)
PR;4110706;34;19;2022;POINT(-50.65011041 -25.46795875)
PR;4106902;176;370;2022;POINT(-49.26741347 -25.49858002)
PR;4127700;75;329;2022;POINT(-53.6075635 -24.7930745)
PR;4113205;10;46;2022;POINT(-49.7152877 -25.7708773)
PR;4105003;166;86;2022;POINT(-53.15366858 -25.2112585)
PR;4106506;101;69;2022;POINT(-52.4967279 -26.0198615)
PR;4104303;31;69;2022;POINT(-52.3797724 -24.0450912)
PR;4104303;31;209;2022;POINT(-52.3514233 -24.007591)
PR;4109401;43;70;2022;POINT(-51.4683689 -25.3995801)
PR;4115606;118;132;2022;POINT(-53.9449776 -25.1925008)
PR;4101507;61;151;2022;POINT(-51.42641597 -23.41206162)
PR;4117701;13;27;2022;POINT(-50.0002281 -25.41736978)
PR;4103453;126;76;2022;POINT(-53.3243408 -24.6186517)
PR;4104709;56;20;2022;POINT(-49.7156285 -23.4211333)
PR;4113700;41;340;2022;POINT(-51.20220266 -23.29018761)
PR;4106902;177;745;2022;POINT(-49.21125648 -25.42884861)
PR;4113700;41;77;2022;POINT(-51.13628805 -23.31208363)
PR;4118501;73;151;2022;POINT(-52.70343051 -26.2419348)
PR;4119202;19;13;2022;POINT(-50.0580496 -23.7924071)
PR;4118709;37;34;2022;POINT(-50.7056607 -26.040377)
PR;4124806;151;121;2022;POINT(-52.8389598 -25.7852741)
PR;4122909;21;11;2022;POINT(-49.62741066 -23.60268082)
PR;4115606;118;134;2022;POINT(-53.9888062 -25.2411165)
PR;4106902;178;301;2022;POINT(-49.34779356 -25.39218346)
PR;4101507;61;253;2022;POINT(-51.42631304 -23.42819901)
PR;4106902;176;336;2022;POINT(-49.26591609 -25.49982593)
PR;4108304;147;308;2022;POINT(-54.5182976 -25.4843825)
PR;4106407;26;132;2022;POINT(-50.6372724 -23.1752675)
PR;4122305;11;67;2022;POINT(-49.799315 -26.10303833)
PR;4115200;192;301;2022;POINT(-51.9781348 -23.4159005)
PR;4119905;14;241;2022;POINT(-50.1644738 -25.0942041)
PR;4115408;140;35;2022;POINT(-53.0277546 -26.1464688)
PR;4101804;50;171;2022;POINT(-49.3931889 -25.5476829)
PR;4105805;186;99;2022;POINT(-49.1661216 -25.3541235)
PR;4106902;2;618;2022;POINT(-49.24270216 -25.39211877)
PR;4110409;149;69;2022;POINT(-52.7034437 -23.4780298)
PR;4103040;38;21;2022;POINT(-51.5436505 -24.8825921)
PR;4119202;19;68;2022;POINT(-50.0646552 -23.7842712)
PR;4103602;25;33;2022;POINT(-50.0777123 -23.0369004)
PR;4106902;177;689;2022;POINT(-49.27460825 -25.43555322)
PR;4116059;114;168;2022;POINT(-54.1849372 -25.1766679)
PR;4100400;171;147;2022;POINT(-49.2897973 -25.3136205)
PR;4103156;131;22;2022;POINT(-53.57801015 -26.13348304)
PR;4101507;61;337;2022;POINT(-51.43193403 -23.4198117)
PR;4101507;61;261;2022;POINT(-51.4269749 -23.4298426)
PR;4120903;163;109;2022;POINT(-52.904535 -25.45776)
PR;4108403;69;142;2022;POINT(-53.0437758 -26.0888192)
PR;4121406;130;48;2022;POINT(-53.53389738 -25.77236251)
PR;4104808;143;321;2022;POINT(-53.4637661 -24.9952139)
PR;4108304;147;67;2022;POINT(-54.575181 -25.4991945)
PR;4111902;64;13;2022;POINT(-51.5326281 -23.110769)
PR;4121406;130;150;2022;POINT(-53.53389738 -25.77236251)
PR;4128104;89;389;2022;POINT(-53.2947348 -23.7644656)
PR;4125902;85;85;2022;POINT(-53.2236563 -22.822896)
PR;4126108;149;38;2022;POINT(-52.5928843 -23.5355191)
PR;4108304;147;430;2022;POINT(-54.5059735 -25.4849043)
PR;4113700;146;209;2022;POINT(-51.173009 -23.3242838)
PR;4122305;11;60;2022;POINT(-49.799315 -26.10303833)
PR;4106902;178;288;2022;POINT(-49.33900531 -25.39918274)
PR;4101408;28;239;2022;POINT(-51.4293222 -23.5517773)
PR;4113700;157;71;2022;POINT(-51.1517034 -23.2802851)
PR;4108304;46;393;2022;POINT(-54.5411728 -25.5334388)
PR;4106902;174;359;2022;POINT(-49.24060575 -25.46015929)
PR;4127304;105;5;2022;POINT(-52.62269462 -22.72357979)
PR;4118204;5;120;2022;POINT(-48.4976645 -25.5242964)
PR;4104204;9;43;2022;POINT(-49.5268367 -25.454462)
PR;4122404;59;102;2022;POINT(-51.38967716 -23.31194256)
PR;4115200;192;128;2022;POINT(-51.932056 -23.3805597)
PR;4106902;175;307;2022;POINT(-49.33765044 -25.58628678)
PR;4110508;36;16;2022;POINT(-50.7595168 -24.9234679)
PR;4105904;95;37;2022;POINT(-51.8888157 -22.8983732)
PR;4110706;34;47;2022;POINT(-50.6499631 -25.4635691)
PR;4126603;21;43;2022;POINT(-49.82523851 -23.6885641)
PR;4101408;28;257;2022;POINT(-51.4680413 -23.5557619)
PR;4113700;42;381;2022;POINT(-51.1652492 -23.3075084)
PR;4127106;111;116;2022;POINT(-50.63912554 -24.3217248)
PR;4107652;144;383;2022;POINT(-49.31879584 -25.67227246)
PR;4127106;111;283;2022;POINT(-50.62663586 -24.31771357)
PR;4109203;64;12;2022;POINT(-51.64841371 -22.97458485)
PR;4106902;177;729;2022;POINT(-49.24907486 -25.43258815)
PR;4111506;93;3;2022;POINT(-51.67518396 -24.24821752)
PR;4119905;139;416;2022;POINT(-50.1617783 -25.0578894)
PR;4115200;137;421;2022;POINT(-51.8990047 -23.4197606)
PR;4108700;136;63;2022;POINT(-51.4272972 -24.1858508)
PR;4104808;68;120;2022;POINT(-53.45563512 -24.9542265)
PR;4101408;28;316;2022;POINT(-51.4379323 -23.5506766)
PR;4113700;42;290;2022;POINT(-51.19976085 -23.30633984)
PR;4119202;19;25;2022;POINT(-50.0693875 -23.8935634)
PR;4106902;1;758;2022;POINT(-49.29029039 -25.42279077)
PR;4126603;21;50;2022;POINT(-49.82928619 -23.69028038)
PR;4108304;46;142;2022;POINT(-54.5716062 -25.5369685)
PR;4119905;15;154;2022;POINT(-50.1606274 -25.1250213)
PR;4115200;137;333;2022;POINT(-51.8745156 -23.4110791)
PR;4119954;194;189;2022;POINT(-48.4713914 -25.7006719)
PR;4106902;175;28;2022;POINT(-49.32010007 -25.51157732)
PR;4106902;176;493;2022;POINT(-49.27630541 -25.51533999)
PR;4108403;69;213;2022;POINT(-53.1744089 -26.1333496)
PR;4106902;177;571;2022;POINT(-49.24702678 -25.43451249)
PR;4107207;115;83;2022;POINT(-53.05914038 -25.73742295)
PR;4124103;22;53;2022;POINT(-50.0725188 -23.3062382)
PR;4122404;59;112;2022;POINT(-51.36622938 -23.30477055)
PR;4106902;4;628;2022;POINT(-49.3490455 -25.4573312)
PR;4105706;47;14;2022;POINT(-52.3552583 -26.4020603)
PR;4115200;192;131;2022;POINT(-51.9297324 -23.378216)
PR;4113700;41;89;2022;POINT(-51.14590812 -23.30486275)
PR;4118709;37;52;2022;POINT(-50.8329342 -26.0423491)
PR;4119905;14;417;2022;POINT(-50.146502 -25.0540023)
PR;4106902;145;655;2022;POINT(-49.27286625 -25.54234233)
PR;4100905;72;176;2022;POINT(-52.7846826 -23.0974702)
PR;4112207;183;119;2022;POINT(-52.8601571 -24.1407023)
PR;4122602;100;64;2022;POINT(-52.7752246 -23.4186961)
PR;4116307;150;79;2022;POINT(-51.77188903 -23.14633035)
PR;4106902;178;594;2022;POINT(-49.3125291 -25.4443577)
PR;4122206;156;95;2022;POINT(-49.31327413 -25.18789897)
PR;4118402;72;106;2022;POINT(-52.46592915 -23.08159908)
PR;4125506;8;340;2022;POINT(-49.10198226 -25.69802502)
PR;4113403;26;91;2022;POINT(-50.750653 -23.0801086)
PR;4124103;22;27;2022;POINT(-50.0774755 -23.2915357)
PR;4125803;132;84;2022;POINT(-51.8597296 -23.86864849)
PR;4116109;92;98;2022;POINT(-53.0100541 -24.0515278)
PR;4115358;124;49;2022;POINT(-53.8302957 -24.4212639)
PR;4104253;182;163;2022;POINT(-49.4504136 -25.3717797)
PR;4105805;186;190;2022;POINT(-49.1792897 -25.3723229)
PR;4106902;178;108;2022;POINT(-49.3312097 -25.4022832)
PR;4102802;77;62;2022;POINT(-51.2099286 -22.9708705)
PR;4113700;42;377;2022;POINT(-51.1652492 -23.3075084)
PR;4104204;9;198;2022;POINT(-49.5654718 -25.4547079)
PR;4117255;162;97;2022;POINT(-53.3438445 -25.6322626)
PR;4113700;42;258;2022;POINT(-51.17904648 -23.30274361)
PR;4105805;186;216;2022;POINT(-49.1610121 -25.386978)
PR;4117214;63;51;2022;POINT(-50.7634063 -23.587301)
PR;4115705;194;144;2022;
PR;4108304;46;333;2022;POINT(-54.5338969 -25.5248693)
PR;4118402;72;17;2022;POINT(-52.47884535 -23.09592967)
PR;4127809;19;31;2022;POINT(-49.9580626 -23.778925)
PR;4106902;1;642;2022;POINT(-49.26361423 -25.41836088)
PR;4102406;58;7;2022;POINT(-50.3712592 -23.1059629)
PR;4122305;11;103;2022;POINT(-49.5151685 -26.1545026)
PR;4106902;4;310;2022;POINT(-49.3367299 -25.479553)
PR;4113700;42;225;2022;POINT(-51.15298212 -23.31867695)
PR;4105805;186;54;2022;POINT(-49.1865447 -25.3788775)
PR;4104808;143;268;2022;POINT(-53.4637661 -24.9952139)
PR;4125555;149;58;2022;POINT(-52.6450446 -23.3971065)
PR;4102307;182;1;2022;POINT(-49.6280148 -25.5862229)
PR;4101408;28;180;2022;POINT(-51.5408814 -23.5594151)
PR;4108304;147;291;2022;POINT(-54.5613928 -25.4499369)
PR;4113700;41;138;2022;POINT(-51.16543528 -23.29708688)
PR;4127965;44;127;2022;POINT(-51.5363059 -25.0418192)
PR;4106902;145;807;2022;POINT(-49.2686934 -25.55033872)
PR;4124509;159;66;2022;POINT(-51.7909024 -22.6948987)
PR;4108304;46;53;2022;POINT(-54.5790872 -25.5411517)
PR;4100509;123;21;2022;POINT(-53.8926608 -23.8719315)
PR;4115200;66;238;2022;POINT(-51.97183911 -23.43187244)
PR;4100806;77;17;2022;POINT(-51.230811 -22.7827982)
PR;4119509;155;387;2022;POINT(-49.0821525 -25.45458245)
PR;4106902;177;787;2022;
PR;4108809;90;65;2022;POINT(-54.1520845 -24.3020838)
PR;4109708;79;54;2022;POINT(-50.1857512 -23.8902059)
PR;4109401;43;418;2022;POINT(-51.5489688 -25.2439553)
PR;4123501;129;129;2022;POINT(-54.3314004 -24.859823)
PR;4113700;157;283;2022;POINT(-51.1768601 -23.2650073)
PR;4119509;155;448;2022;POINT(-49.04965546 -25.42399318)
PR;4119152;188;267;2022;POINT(-49.1831047 -25.4569607)
PR;4119905;139;46;2022;POINT(-50.20828604 -25.0655681)
PR;4108304;46;439;2022;POINT(-54.5417129 -25.5472213)
PR;4112405;149;21;2022;POINT(-52.5565897 -23.4738711)
PR;4125605;12;90;2022;POINT(-50.5586984 -25.9349733)
PR;4127700;75;296;2022;POINT(-53.7685537 -24.7065102)
PR;4106902;4;644;2022;POINT(-49.3265397 -25.4871426)
PR;4106902;4;383;2022;POINT(-49.3394871 -25.4746405)
PR;4128203;33;27;2022;POINT(-51.09417258 -26.22107589)
PR;4117800;134;96;2022;POINT(-52.2159613 -24.8787854)
PR;4127882;48;46;2022;POINT(-49.0855761 -24.9759917)
PR;4117305;167;88;2022;POINT(-50.9261114 -24.2109915)
PR;4106407;26;73;2022;POINT(-50.6395625 -23.1897861)
PR;4128104;89;270;2022;POINT(-53.3128818 -23.7509695)
PR;4106456;32;49;2022;POINT(-52.02965034 -26.22607293)
PR;4113304;45;31;2022;POINT(-52.4075191 -25.4039436)
PR;4107124;112;55;2022;POINT(-52.6831882 -25.0439683)
PR;4106902;177;601;2022;POINT(-49.26936639 -25.42496828)
PR;4128104;89;372;2022;POINT(-53.300165 -23.7666383)
PR;4116059;114;93;2022;POINT(-54.1849372 -25.1766679)
PR;4123808;130;87;2022;POINT(-53.4878903 -25.813149)
PR;4102109;67;41;2022;POINT(-51.7637278 -23.2854947)
PR;4122404;59;101;2022;POINT(-51.38967716 -23.31194256)
PR;4126256;206;46;2022;POINT(-51.87063079 -23.43882044)
PR;4127700;75;216;2022;POINT(-53.7237843 -24.7433779)
PR;4113700;41;387;2022;POINT(-51.14005554 -23.29042105)
PR;4105409;103;6;2022;POINT(-52.5274012 -25.8507098)
PR;4103701;78;273;2022;POINT(-51.23602136 -23.30350807)
PR;4101408;28;33;2022;POINT(-51.4678102 -23.553851)
PR;4114005;170;63;2022;POINT(-52.5303563 -24.3088609)
PR;4111803;24;53;2022;POINT(-49.9781447 -23.1495518)
PR;4106902;4;568;2022;POINT(-49.3450213 -25.4603265)
PR;4105805;49;160;2022;POINT(-49.2087338 -25.3457968)
PR;4108304;46;234;2022;POINT(-54.5790872 -25.5411517)
PR;4108304;147;245;2022;POINT(-54.5773926 -25.4834417)
PR;4109005;55;8;2022;POINT(-50.04429132 -23.51643188)
PR;4105508;88;189;2022;POINT(-52.6377933 -23.6815155)
PR;4125605;12;71;2022;POINT(-50.4155486 -25.8786919)
PR;4117255;162;66;2022;POINT(-53.4397014 -25.5658421)
PR;4119905;14;273;2022;POINT(-50.145613 -25.0847)
PR;4104907;16;209;2022;POINT(-49.98962959 -24.80281146)
PR;4124103;22;75;2022;POINT(-50.0715675 -23.2791073)
PR;4119608;38;115;2022;
PR;4115408;140;44;2022;POINT(-53.0276989 -26.1472073)
PR;4106308;126;124;2022;POINT(-53.3022713 -24.8059245)
PR;4119152;188;362;2022;POINT(-49.1731349 -25.4412658)
PR;4119301;160;6;2022;POINT(-51.5972674 -25.9068366)
PR;4108304;147;309;2022;POINT(-54.5182976 -25.4843825)
PR;4124053;147;397;2022;POINT(-54.4044541 -25.4403245)
PR;4102901;153;171;2022;POINT(-51.5528421 -26.1647345)
PR;4106902;177;191;2022;POINT(-49.28640043 -25.4505693)
PR;4100103;82;3;2010;POINT(-50.3129843 -23.3042477)
PR;4100202;48;11;2010;POINT(-48.80923 -24.67845)
PR;4100202;48;17;2010;
PR;4100202;48;3;2010;
PR;4100301;144;162;2010;
PR;4100301;144;183;2010;POINT(-49.33318 -25.98846)
PR;4100400;171;12;2010;
PR;4100400;171;142;2010;
PR;4100400;171;151;2010;POINT(-49.30879 -25.31601)
PR;4100400;171;154;2010;
PR;4100400;171;163;2010;
PR;4100400;171;190;2010;POINT(-49.30879 -25.31601)
PR;4100400;171;192;2010;
PR;4100400;171;21;2010;
PR;4100400;171;221;2010;
PR;4100400;171;26;2010;
PR;4100400;171;48;2010;
PR;4100400;171;67;2010;
PR;4100400;171;9;2010;
PR;4100400;171;92;2010;
PR;4100400;171;96;2010;
PR;4100459;169;73;2010;POINT(-52.715952 -24.798984)
PR;4100459;169;75;2010;POINT(-52.715952 -24.798984)
PR;4100459;169;76;2010;POINT(-52.715952 -24.798984)
PR;4100509;123;14;2010;
PR;4100509;123;16;2010;
PR;4100509;123;20;2010;
PR;4100509;123;22;2010;
PR;4100509;123;31;2010;
PR;4100509;123;36;2010;
PR;4100509;123;48;2010;
PR;4100608;87;11;2010;POINT(-52.3180779 -23.1330207)
PR;4100608;87;21;2010;
PR;4100608;87;22;2010;
PR;4100608;87;9;2010;POINT(-52.3172433 -23.1326688)
PR;4100707;128;11;2010;
PR;4100707;128;15;2010;
PR;4100707;128;2;2010;
PR;4100707;128;3;2010;
PR;4100707;128;34;2010;
PR;4100707;128;38;2010;
PR;4100707;128;39;2010;
PR;4100707;128;46;2010;
PR;4100707;128;9;2010;
PR;4100806;77;11;2010;POINT(-51.22767 -22.7804)
PR;4100806;77;12;2010;POINT(-51.22767 -22.7804)
PR;4100905;138;3;2010;POINT(-52.7846865 -23.0975348)
PR;4101002;130;137;2010;POINT(-53.47255 -25.91554)
PR;4101002;130;144;2010;
PR;4101002;130;156;2010;POINT(-53.47255 -25.91554)
PR;4101002;130;159;2010;POINT(-53.47255 -25.91554)
PR;4101051;126;32;2010;POINT(-53.13372 -24.64264)
PR;4101101;57;17;2010;
PR;4101101;57;64;2010;
PR;4101101;57;65;2010;POINT(-50.22992 -23.04524)
PR;4101101;57;70;2010;
PR;4101101;57;79;2010;POINT(-50.22992 -23.04524)
PR;4101150;67;65;2010;
PR;4101200;6;12;2010;
PR;4101200;6;13;2010;
PR;4101200;6;18;2010;POINT(-48.71645 -25.43045)
PR;4101200;6;22;2010;POINT(-48.70768 -25.43813)
PR;4101200;6;23;2010;POINT(-48.70768 -25.43813)
PR;4101309;12;100;2010;
PR;4101309;12;114;2010;
PR;4101408;150;5;2010;
PR;4101408;150;8;2010;
PR;4101408;179;100;2010;POINT(-51.4384919 -23.551369)
PR;4101408;179;105;2010;
PR;4101408;179;106;2010;POINT(-51.4448381 -23.5384651)
PR;4101408;179;108;2010;
PR;4101408;179;119;2010;POINT(-51.4384919 -23.551369)
PR;4101408;179;127;2010;POINT(-51.435447 -23.529855)
PR;4101408;179;13;2010;
PR;4101408;179;14;2010;
PR;4101408;179;147;2010;POINT(-51.4588 -23.52752)
PR;4101408;179;16;2010;POINT(-51.4482 -23.56136)
PR;4101408;179;21;2010;
PR;4101408;179;22;2010;
PR;4101408;179;3;2010;
PR;4101408;179;49;2010;
PR;4101408;179;50;2010;
PR;4101408;179;51;2010;
PR;4101408;179;66;2010;POINT(-51.4588 -23.52752)
PR;4101408;28;106;2010;POINT(-51.46074 -23.55837)
PR;4101408;28;11;2010;
PR;4101408;28;113;2010;POINT(-51.46074 -23.55837)
PR;4101408;28;121;2010;
PR;4101408;28;16;2010;
PR;4101408;28;24;2010;
PR;4101408;28;27;2010;
PR;4101408;28;30;2010;POINT(-51.4679999 -23.5539422)
PR;4101408;28;32;2010;POINT(-51.4679999 -23.5539422)
PR;4101408;28;42;2010;POINT(-51.4679999 -23.5539422)
PR;4101408;28;48;2010;POINT(-51.4679999 -23.5539422)
PR;4101408;28;6;2010;
PR;4101507;180;105;2010;
PR;4101507;180;106;2010;POINT(-51.4515989 -23.40884729)
PR;4101507;180;108;2010;
PR;4101507;180;111;2010;
PR;4101507;180;22;2010;POINT(-51.433881 -23.414043)
PR;4101507;180;23;2010;POINT(-51.433881 -23.414043)
PR;4101507;180;33;2010;POINT(-51.433881 -23.414043)
PR;4101507;180;34;2010;POINT(-51.4449132 -23.4099334)
PR;4101507;180;41;2010;POINT(-51.4449132 -23.4099334)
PR;4101507;180;47;2010;POINT(-51.463879 -23.377865)
PR;4101507;180;70;2010;
PR;4101507;180;71;2010;POINT(-51.426567 -23.426694)
PR;4101507;180;72;2010;
PR;4101507;180;76;2010;POINT(-51.426567 -23.426694)
PR;4101507;180;8;2010;POINT(-51.42969984 -23.4202779)
PR;4101507;180;81;2010;POINT(-51.4508411 -23.4059844)
PR;4101507;180;88;2010;POINT(-51.4449132 -23.4099334)
PR;4101507;180;97;2010;POINT(-51.4515989 -23.40884729)
PR;4101507;61;126;2010;POINT(-51.4334774 -23.4102942)
PR;4101507;61;162;2010;POINT(-51.4469108 -23.3906324)
PR;4101507;61;163;2010;POINT(-51.4192279 -23.3940309)
PR;4101507;61;166;2010;POINT(-51.4192279 -23.3940309)
PR;4101507;61;167;2010;POINT(-51.4469108 -23.3906324)
PR;4101507;61;170;2010;POINT(-51.4192279 -23.3940309)
PR;4101507;61;171;2010;POINT(-51.4295637 -23.3988738)
PR;4101507;61;176;2010;POINT(-51.4192279 -23.3940309)
PR;4101507;61;4;2010;POINT(-51.4403566 -23.4031157)
PR;4101507;61;73;2010;POINT(-51.430453 -23.3969164)
PR;4101507;61;81;2010;POINT(-51.427014 -23.412366)
PR;4101507;61;82;2010;POINT(-51.427014 -23.412366)
PR;4101606;164;17;2010;POINT(-49.82549009 -24.14731952)
PR;4101606;164;22;2010;POINT(-49.818468 -24.143593)
PR;4101606;164;55;2010;POINT(-49.83003936 -24.13966874)
PR;4101606;164;8;2010;POINT(-49.82630658 -24.14696696)
PR;4101705;74;21;2010;
PR;4101705;74;22;2010;
PR;4101804;50;108;2010;
PR;4101804;50;11;2010;POINT(-49.402885 -25.595519)
PR;4101804;50;124;2010;POINT(-49.4043163 -25.5782086)
PR;4101804;50;129;2010;POINT(-49.3811631 -25.5414685)
PR;4101804;50;143;2010;POINT(-49.3867079 -25.6102258)
PR;4101804;50;155;2010;
PR;4101804;50;190;2010;POINT(-49.402885 -25.595519)
PR;4101804;50;198;2010;POINT(-49.401025 -25.555127)
PR;4101804;50;20;2010;POINT(-49.4051 -25.59121)
PR;4101804;50;220;2010;
PR;4101804;50;223;2010;
PR;4101804;50;27;2010;POINT(-49.390116 -25.595828)
PR;4101804;50;29;2010;POINT(-49.390116 -25.595828)
PR;4101804;50;31;2010;
PR;4101804;50;35;2010;
PR;4101804;50;40;2010;POINT(-49.406626 -25.576786)
PR;4101804;50;42;2010;POINT(-49.406626 -25.576786)
PR;4101804;50;50;2010;POINT(-49.39207 -25.57457)
PR;4101804;50;66;2010;POINT(-49.3628624 -25.5317859)
PR;4101804;50;7;2010;
PR;4101804;50;96;2010;POINT(-49.3991528 -25.5893685)
PR;4101804;50;99;2010;POINT(-49.39207 -25.57457)
PR;4101853;152;108;2010;
PR;4101903;35;15;2010;
PR;4101903;35;20;2010;POINT(-50.8410253 -23.3795786)
PR;4101903;35;25;2010;POINT(-50.8410253 -23.3795786)
PR;4101903;35;32;2010;POINT(-50.8430904 -23.3711843)
PR;4101903;35;34;2010;POINT(-50.8430904 -23.3711843)
PR;4101903;35;6;2010;POINT(-50.8410253 -23.3795786)
PR;4101903;35;9;2010;POINT(-50.8410253 -23.3795786)
PR;4102000;113;1;2010;
PR;4102000;113;121;2010;POINT(-53.5146785 -24.3861964)
PR;4102000;113;18;2010;
PR;4102000;113;19;2010;
PR;4102000;113;26;2010;POINT(-53.51102 -24.40391)
PR;4102000;113;40;2010;POINT(-53.5164096 -24.3959574)
PR;4102000;113;42;2010;POINT(-53.5164096 -24.3959574)
PR;4102000;113;45;2010;POINT(-53.5146785 -24.3861964)
PR;4102000;113;47;2010;POINT(-53.5146785 -24.3861964)
PR;4102000;113;50;2010;
PR;4102000;113;52;2010;POINT(-53.61574 -24.61391)
PR;4102000;113;6;2010;POINT(-53.5120383 -24.4029249)
PR;4102000;113;62;2010;POINT(-53.5033917 -24.4054773)
PR;4102000;113;67;2010;
PR;4102000;113;68;2010;
PR;4102000;113;69;2010;POINT(-53.5033917 -24.4054773)
PR;4102000;113;71;2010;
PR;4102000;113;72;2010;POINT(-53.52417 -24.38028)
PR;4102000;113;73;2010;POINT(-53.52417 -24.38028)
PR;4102000;113;9;2010;
PR;4102109;67;16;2010;POINT(-51.6692179 -23.2390535)
PR;4102109;67;19;2010;
PR;4102109;67;26;2010;POINT(-51.6742729 -23.2379145)
PR;4102109;67;27;2010;POINT(-51.6742729 -23.2379145)
PR;4102109;67;31;2010;POINT(-51.6742729 -23.2379145)
PR;4102109;67;32;2010;POINT(-51.6742729 -23.2379145)
PR;4102109;67;41;2010;POINT(-51.7645 -23.28603)
PR;4102208;71;102;2010;POINT(-52.0510495 -23.1507931)
PR;4102208;71;6;2010;POINT(-52.0851258 -23.1157079)
PR;4102307;182;118;2010;
PR;4102406;58;24;2010;
PR;4102406;58;3;2010;POINT(-50.3700816 -23.1059023)
PR;4102406;58;48;2010;POINT(-50.3683378 -23.1117591)
PR;4102406;58;52;2010;
PR;4102406;58;55;2010;
PR;4102406;58;85;2010;
PR;4102406;58;92;2010;
PR;4102406;58;93;2010;
PR;4102406;58;98;2010;
PR;4102505;133;1;2010;POINT(-52.011932 -24.02401)
PR;4102505;133;19;2010;POINT(-52.01283 -24.03147)
PR;4102505;133;3;2010;POINT(-52.011932 -24.02401)
PR;4102604;131;119;2010;
PR;4102604;131;28;2010;
PR;4102604;131;5;2010;
PR;4102703;57;61;2010;POINT(-50.1805686 -23.1151166)
PR;4102752;107;143;2010;
PR;4102802;77;22;2010;POINT(-51.1901531 -22.9992144)
PR;4102802;77;27;2010;POINT(-51.1901531 -22.9992144)
PR;4102802;77;37;2010;POINT(-51.1901531 -22.9992144)
PR;4102802;77;41;2010;POINT(-51.1901531 -22.9992144)
PR;4102802;77;46;2010;POINT(-51.1901531 -22.9992144)
PR;4102901;153;165;2010;POINT(-51.544239 -26.1500841)
PR;4102901;153;171;2010;POINT(-51.55303 -26.1651162)
PR;4103008;170;3;2010;POINT(-52.78738 -24.24521)
PR;4103008;170;9;2010;POINT(-52.78738 -24.24521)
PR;4103040;38;143;2010;
PR;4103040;38;20;2010;POINT(-51.5436505 -24.8825921)
PR;4103040;38;213;2010;
PR;4103057;165;53;2010;POINT(-53.406518 -25.440779)
PR;4103057;165;55;2010;POINT(-53.406518 -25.440779)
PR;4103057;165;69;2010;
PR;4103057;165;71;2010;
PR;4103107;48;27;2010;POINT(-49.1128528 -25.2081827)
PR;4103107;48;44;2010;POINT(-49.11548 -25.2068)
PR;4103107;48;47;2010;POINT(-49.11548 -25.2068)
PR;4103107;48;53;2010;POINT(-49.1128528 -25.2081827)
PR;4103156;131;14;2010;
PR;4103156;131;23;2010;
PR;4103206;70;2;2010;POINT(-51.76796 -23.71312)
PR;4103206;70;8;2010;POINT(-51.76796 -23.71312)
PR;4103305;110;5;2010;POINT(-51.59269 -23.93788)
PR;4103404;159;45;2010;POINT(-51.7136564 -22.7894567)
PR;4103453;126;79;2010;POINT(-53.326 -24.61918)
PR;4103453;126;85;2010;POINT(-53.3321552 -24.6222983)
PR;4103479;97;34;2010;
PR;4103503;76;45;2010;POINT(-51.35587 -23.66457)
PR;4103503;76;57;2010;POINT(-51.35587 -23.66457)
PR;4103602;25;10;2010;POINT(-50.0755524 -23.04307)
PR;4103602;25;12;2010;POINT(-50.0755524 -23.04307)
PR;4103602;25;35;2010;POINT(-50.07753309 -23.03695201)
PR;4103602;25;36;2010;POINT(-50.07753309 -23.03695201)
PR;4103602;25;45;2010;
PR;4103701;181;113;2010;POINT(-51.235961 -23.3033259)
PR;4103701;181;17;2010;POINT(-51.21881 -23.31163)
PR;4103701;181;39;2010;POINT(-51.24368 -23.29029)
PR;4103701;181;4;2010;POINT(-51.26602 -23.27645)
PR;4103701;181;46;2010;
PR;4103701;181;54;2010;POINT(-51.25407 -23.27339)
PR;4103701;181;58;2010;POINT(-51.25753 -23.26882)
PR;4103701;181;76;2010;POINT(-51.25407 -23.27339)
PR;4103701;181;78;2010;POINT(-51.21624 -23.3069)
PR;4103701;181;96;2010;
PR;4103701;78;1;2010;POINT(-51.27831949 -23.27740568)
PR;4103701;78;11;2010;POINT(-51.27831949 -23.27740568)
PR;4103701;78;111;2010;POINT(-51.27831949 -23.27740568)
PR;4103701;78;13;2010;POINT(-51.27831949 -23.27740568)
PR;4103701;78;21;2010;POINT(-51.2845818 -23.2749217)
PR;4103701;78;22;2010;POINT(-51.2845818 -23.2749217)
PR;4103701;78;23;2010;POINT(-51.2845818 -23.2749217)
PR;4103701;78;27;2010;POINT(-51.2845818 -23.2749217)
PR;4103701;78;7;2010;POINT(-51.27831949 -23.27740568)
PR;4103800;150;33;2010;POINT(-51.5804 -23.60205)
PR;4103800;150;40;2010;POINT(-51.57697 -23.59832)
PR;4103909;169;21;2010;POINT(-52.8063221 -24.5915864)
PR;4103909;169;39;2010;
PR;4103958;44;201;2010;
PR;4104006;195;123;2010;POINT(-49.11875 -25.35197)
PR;4104006;195;20;2010;POINT(-49.11875 -25.35197)
PR;4104006;195;35;2010;
PR;4104006;195;8;2010;POINT(-49.0530493 -25.3061008)
PR;4104006;195;94;2010;POINT(-49.0721466 -25.338975)
PR;4104105;11;1;2010;
PR;4104105;11;138;2010;
PR;4104204;182;105;2010;
PR;4104204;182;108;2010;
PR;4104204;182;120;2010;
PR;4104204;182;31;2010;
PR;4104204;182;33;2010;
PR;4104204;182;40;2010;POINT(-49.3890007 -25.4550974)
PR;4104204;182;47;2010;
PR;4104204;182;54;2010;POINT(-49.50763 -25.35639)
PR;4104204;182;59;2010;POINT(-49.50763 -25.35639)
PR;4104204;182;64;2010;
PR;4104204;182;91;2010;
PR;4104204;9;160;2010;
PR;4104204;9;180;2010;
PR;4104204;9;193;2010;POINT(-49.5315616 -25.4534441)
PR;4104204;9;200;2010;
PR;4104204;9;214;2010;
PR;4104204;9;215;2010;
PR;4104204;9;217;2010;POINT(-49.5655134 -25.4545031)
PR;4104204;9;23;2010;POINT(-49.5315616 -25.4534441)
PR;4104204;9;26;2010;POINT(-49.5296764 -25.459711)
PR;4104204;9;28;2010;POINT(-49.5296764 -25.459711)
PR;4104204;9;31;2010;POINT(-49.5296764 -25.459711)
PR;4104204;9;37;2010;POINT(-49.5296764 -25.459711)
PR;4104204;9;43;2010;POINT(-49.527086 -25.454418)
PR;4104204;9;52;2010;POINT(-49.531512 -25.467133)
PR;4104204;9;62;2010;
PR;4104204;9;68;2010;
PR;4104204;9;75;2010;POINT(-49.5266526 -25.4630303)
PR;4104204;9;86;2010;POINT(-49.5624751 -25.4690617)
PR;4104253;171;164;2010;POINT(-49.38940715 -25.3923305)
PR;4104253;171;174;2010;POINT(-49.38940715 -25.3923305)
PR;4104253;171;179;2010;POINT(-49.35973432 -25.37677889)
PR;4104253;171;204;2010;POINT(-49.35973432 -25.37677889)
PR;4104253;171;210;2010;POINT(-49.36676145 -25.38000611)
PR;4104253;171;64;2010;POINT(-49.51345653 -25.18351046)
PR;4104253;171;82;2010;POINT(-49.3599471 -25.37648005)
PR;4104303;183;128;2010;POINT(-52.3557656 -24.0245202)
PR;4104303;183;132;2010;POINT(-52.3771317 -24.0177851)
PR;4104303;183;15;2010;POINT(-52.41931 -24.05539)
PR;4104303;183;23;2010;POINT(-52.3702914 -24.0236521)
PR;4104303;183;48;2010;POINT(-52.354285 -24.019304)
PR;4104303;183;52;2010;POINT(-52.3631258 -23.9977209)
PR;4104303;183;58;2010;
PR;4104303;183;67;2010;
PR;4104303;183;74;2010;POINT(-52.3702914 -24.0236521)
PR;4104303;183;75;2010;POINT(-52.41001 -24.05584)
PR;4104303;183;77;2010;POINT(-52.3904921 -24.0369771)
PR;4104303;183;89;2010;POINT(-52.356064 -24.022113)
PR;4104303;31;166;2010;
PR;4104303;31;178;2010;
PR;4104303;31;18;2010;
PR;4104303;31;19;2010;
PR;4104303;31;2;2010;
PR;4104303;31;41;2010;
PR;4104303;31;52;2010;
PR;4104402;106;2;2010;POINT(-51.34437 -24.57331)
PR;4104402;106;5;2010;
PR;4104428;44;13;2010;
PR;4104428;44;161;2010;
PR;4104428;44;327;2010;
PR;4104428;44;331;2010;
PR;4104428;44;42;2010;
PR;4104428;44;67;2010;
PR;4104501;107;20;2010;POINT(-53.8088688 -25.6717162)
PR;4104501;107;21;2010;POINT(-53.8088688 -25.6717162)
PR;4104501;107;44;2010;
PR;4104501;107;51;2010;
PR;4104501;107;9;2010;POINT(-53.79981 -25.66688)
PR;4104600;165;38;2010;
PR;4104600;165;4;2010;POINT(-53.61079 -25.48065)
PR;4104600;165;41;2010;
PR;4104600;165;77;2010;POINT(-53.61079 -25.48065)
PR;4104600;165;81;2010;
PR;4104659;16;152;2010;POINT(-50.12799 -24.9449)
PR;4104659;16;171;2010;POINT(-50.12799 -24.9449)
PR;4104709;56;21;2010;POINT(-49.7267848 -23.4317179)
PR;4104709;56;4;2010;POINT(-49.72065 -23.4263)
PR;4104808;143;128;2010;POINT(-53.4636832 -24.9601027)
PR;4104808;143;141;2010;
PR;4104808;143;157;2010;
PR;4104808;143;158;2010;
PR;4104808;143;175;2010;
PR;4104808;143;279;2010;
PR;4104808;143;280;2010;
PR;4104808;143;282;2010;
PR;4104808;143;291;2010;POINT(-53.442003 -24.987108)
PR;4104808;143;304;2010;
PR;4104808;143;309;2010;
PR;4104808;143;52;2010;
PR;4104808;143;90;2010;
PR;4104808;184;11;2010;
PR;4104808;184;110;2010;
PR;4104808;184;120;2010;POINT(-53.4490919 -24.9880535)
PR;4104808;184;127;2010;
PR;4104808;184;13;2010;
PR;4104808;184;131;2010;
PR;4104808;184;145;2010;
PR;4104808;184;58;2010;
PR;4104808;184;7;2010;POINT(-53.4036535 -24.9367031)
PR;4104808;184;78;2010;POINT(-53.4490919 -24.9880535)
PR;4104808;184;80;2010;POINT(-53.4490919 -24.9880535)
PR;4104808;184;85;2010;POINT(-53.4507473 -24.9570014)
PR;4104808;184;91;2010;POINT(-53.443 -24.99078)
PR;4104808;185;101;2010;POINT(-53.42493 -24.93028)
PR;4104808;185;110;2010;
PR;4104808;185;115;2010;POINT(-53.42493 -24.93028)
PR;4104808;185;123;2010;
PR;4104808;185;132;2010;POINT(-53.4195322 -24.9118318)
PR;4104808;185;25;2010;
PR;4104808;185;30;2010;
PR;4104808;185;40;2010;
PR;4104808;185;47;2010;POINT(-53.44632 -24.94684)
PR;4104808;185;49;2010;POINT(-53.44632 -24.94684)
PR;4104808;185;5;2010;
PR;4104808;185;53;2010;
PR;4104808;185;71;2010;
PR;4104808;185;81;2010;
PR;4104808;185;85;2010;
PR;4104808;185;92;2010;POINT(-53.4251645 -24.9387608)
PR;4104808;68;11;2010;POINT(-53.473197 -24.9433512)
PR;4104808;68;118;2010;POINT(-53.4556167 -24.9541314)
PR;4104808;68;270;2010;
PR;4104808;68;336;2010;
PR;4104808;68;339;2010;POINT(-53.4556167 -24.9541314)
PR;4104808;68;359;2010;POINT(-53.4042116 -24.9443943)
PR;4104808;68;362;2010;POINT(-53.4899826 -24.9454441)
PR;4104808;68;371;2010;
PR;4104808;68;378;2010;
PR;4104808;68;380;2010;POINT(-53.421281 -24.923917)
PR;4104808;68;382;2010;POINT(-53.4351204 -24.9200835)
PR;4104808;68;41;2010;
PR;4104808;68;42;2010;POINT(-53.4723701 -24.9534259)
PR;4104808;68;45;2010;POINT(-53.4723701 -24.9534259)
PR;4104808;68;9;2010;POINT(-53.473197 -24.9433512)
PR;4104808;68;95;2010;POINT(-53.4830682 -24.9638055)
PR;4104907;16;10;2010;POINT(-50.0129727 -24.7933827)
PR;4104907;16;104;2010;POINT(-49.9896336 -24.8027216)
PR;4104907;16;110;2010;POINT(-50.009496 -24.779153)
PR;4104907;16;178;2010;
PR;4104907;16;55;2010;POINT(-50.009496 -24.779153)
PR;4104907;16;60;2010;
PR;4104907;16;92;2010;
PR;4105003;166;18;2010;
PR;4105003;166;26;2010;
PR;4105003;166;90;2010;POINT(-53.1526939 -25.2113571)
PR;4105102;159;13;2010;POINT(-51.5936115 -22.8200962)
PR;4105102;159;26;2010;POINT(-51.5947237 -22.8240807)
PR;4105102;159;30;2010;POINT(-51.5947237 -22.8240807)
PR;4105102;159;31;2010;POINT(-51.5987776 -22.8133383)
PR;4105102;159;54;2010;POINT(-51.5977249 -22.8264563)
PR;4105201;7;19;2010;
PR;4105201;7;23;2010;
PR;4105201;7;47;2010;
PR;4105201;7;55;2010;POINT(-49.3481 -24.9)
PR;4105201;7;9;2010;POINT(-49.263905 -24.8255277)
PR;4105300;118;135;2010;POINT(-53.8511802 -25.1490292)
PR;4105300;118;65;2010;POINT(-53.8512823 -25.156684)
PR;4105300;118;74;2010;
PR;4105409;103;16;2010;POINT(-52.5259635 -25.8581052)
PR;4105409;103;50;2010;
PR;4105409;103;51;2010;
PR;4105409;103;52;2010;
PR;4105508;88;100;2010;
PR;4105508;88;101;2010;POINT(-52.6113079 -23.669565)
PR;4105508;88;105;2010;POINT(-52.6105897 -23.6468529)
PR;4105508;88;121;2010;POINT(-52.5977088 -23.6597193)
PR;4105508;88;136;2010;POINT(-52.5977088 -23.6597193)
PR;4105508;88;35;2010;POINT(-52.5977088 -23.6597193)
PR;4105508;88;53;2010;POINT(-52.6113079 -23.669565)
PR;4105508;88;55;2010;
PR;4105508;88;64;2010;
PR;4105508;88;66;2010;
PR;4105508;88;8;2010;POINT(-52.6105897 -23.6468529)
PR;4105508;88;84;2010;
PR;4105508;88;86;2010;POINT(-52.5977088 -23.6597193)
PR;4105508;88;93;2010;
PR;4105607;127;17;2010;POINT(-52.9428463 -23.3876571)
PR;4105607;127;8;2010;POINT(-52.9402324 -23.3877276)
PR;4105706;47;2;2010;POINT(-52.358003 -26.4082947)
PR;4105706;47;60;2010;
PR;4105706;47;70;2010;POINT(-52.358003 -26.4082947)
PR;4105706;47;72;2010;
PR;4105805;186;102;2010;
PR;4105805;186;11;2010;POINT(-49.1933354 -25.3681867)
PR;4105805;186;114;2010;
PR;4105805;186;117;2010;POINT(-49.1480849 -25.3271998)
PR;4105805;186;121;2010;
PR;4105805;186;122;2010;POINT(-49.1894512 -25.3684046)
PR;4105805;186;134;2010;POINT(-49.1480849 -25.3271998)
PR;4105805;186;136;2010;POINT(-49.179636 -25.3661472)
PR;4105805;186;148;2010;POINT(-49.14354758 -25.30751393)
PR;4105805;186;152;2010;POINT(-49.179164 -25.372321)
PR;4105805;186;16;2010;POINT(-49.1933354 -25.3681867)
PR;4105805;186;19;2010;POINT(-49.16530218 -25.35334976)
PR;4105805;186;208;2010;POINT(-49.1480849 -25.3271998)
PR;4105805;186;22;2010;POINT(-49.16530218 -25.35334976)
PR;4105805;186;226;2010;POINT(-49.15617217 -25.36062001)
PR;4105805;186;30;2010;POINT(-49.175947 -25.3473531)
PR;4105805;186;33;2010;POINT(-49.175947 -25.3473531)
PR;4105805;186;43;2010;POINT(-49.1894512 -25.3684046)
PR;4105805;186;47;2010;POINT(-49.1894512 -25.3684046)
PR;4105805;186;57;2010;POINT(-49.1861928 -25.3613441)
PR;4105805;186;6;2010;POINT(-49.19208 -25.35631)
PR;4105805;186;66;2010;POINT(-49.1783481 -25.3719228)
PR;4105805;186;75;2010;POINT(-49.1507551 -25.3389769)
PR;4105805;186;80;2010;POINT(-49.1894195 -25.3835052)
PR;4105805;186;9;2010;POINT(-49.1933354 -25.3681867)
PR;4105805;186;90;2010;POINT(-49.1358677 -25.354959)
PR;4105805;49;135;2010;
PR;4105805;49;156;2010;POINT(-49.1955709 -25.3427858)
PR;4105805;49;161;2010;
PR;4105805;49;170;2010;
PR;4105805;49;176;2010;POINT(-49.2085415 -25.3458476)
PR;4105805;49;196;2010;
PR;4105805;49;202;2010;
PR;4105805;49;203;2010;
PR;4105805;49;228;2010;POINT(-49.2222662 -25.2906191)
PR;4105805;49;237;2010;POINT(-49.2301914 -25.2923358)
PR;4105805;49;33;2010;POINT(-49.2223951 -25.3459755)
PR;4105805;49;55;2010;
PR;4105904;95;108;2010;
PR;4105904;95;16;2010;POINT(-51.96905 -22.83528)
PR;4105904;95;22;2010;POINT(-51.9691786 -22.8351273)
PR;4105904;95;27;2010;POINT(-51.9691786 -22.8351273)
PR;4105904;95;8;2010;POINT(-51.96905 -22.83528)
PR;4106100;79;6;2010;POINT(-50.171631 -23.6244109)
PR;4106209;10;29;2010;POINT(-49.52764 -25.6785)
PR;4106209;10;34;2010;
PR;4106308;126;107;2010;
PR;4106308;126;12;2010;
PR;4106308;126;21;2010;
PR;4106308;126;24;2010;
PR;4106308;126;4;2010;
PR;4106308;126;9;2010;
PR;4106308;126;90;2010;
PR;4106407;26;129;2010;
PR;4106407;26;131;2010;POINT(-50.66046 -23.1828)
PR;4106407;26;21;2010;POINT(-50.6442205 -23.1767087)
PR;4106407;26;48;2010;POINT(-50.66185 -23.1831)
PR;4106407;26;56;2010;
PR;4106407;26;6;2010;
PR;4106407;26;80;2010;
PR;4106456;32;58;2010;
PR;4106506;101;107;2010;
PR;4106506;101;45;2010;POINT(-52.5680478 -25.9842772)
PR;4106506;101;58;2010;POINT(-52.5680478 -25.9842772)
PR;4106506;101;60;2010;POINT(-52.5680478 -25.9842772)
PR;4106506;101;66;2010;
PR;4106506;101;81;2010;
PR;4106506;101;82;2010;
PR;4106506;101;86;2010;
PR;4106506;101;87;2010;
PR;4106506;101;88;2010;
PR;4106506;101;98;2010;
PR;4106555;133;35;2010;POINT(-52.11516 -24.1)
PR;4106555;133;36;2010;POINT(-52.11516 -24.1)
PR;4106555;133;38;2010;POINT(-52.11516 -24.1)
PR;4106571;115;34;2010;POINT(-53.10585667 -25.56104167)
PR;4106571;115;38;2010;POINT(-53.10585667 -25.56104167)
PR;4106571;115;49;2010;
PR;4106605;86;17;2010;
PR;4106605;86;30;2010;POINT(-53.07638 -23.77816)
PR;4106605;86;31;2010;POINT(-53.07638 -23.77816)
PR;4106803;153;116;2010;
PR;4106803;153;155;2010;POINT(-51.3497856 -26.0192465)
PR;4106803;153;159;2010;POINT(-51.3497856 -26.0192465)
PR;4106803;153;57;2010;
PR;4106803;153;59;2010;
PR;4106902;1;195;2010;POINT(-49.2904608 -25.4000803)
PR;4106902;1;196;2010;POINT(-49.2843755 -25.3886582)
PR;4106902;1;202;2010;POINT(-49.2843755 -25.3886582)
PR;4106902;1;329;2010;POINT(-49.2843755 -25.3886582)
PR;4106902;1;341;2010;
PR;4106902;1;364;2010;POINT(-49.26578 -25.4039)
PR;4106902;1;388;2010;POINT(-49.2625269 -25.4246984)
PR;4106902;1;391;2010;POINT(-49.2625269 -25.4246984)
PR;4106902;1;405;2010;POINT(-49.26825 -25.37229)
PR;4106902;1;411;2010;POINT(-49.26447 -25.3668)
PR;4106902;1;418;2010;POINT(-49.257854 -25.376371)
PR;4106902;1;432;2010;POINT(-49.26006 -25.36691)
PR;4106902;1;435;2010;POINT(-49.26006 -25.36691)
PR;4106902;1;442;2010;POINT(-49.26999 -25.51644)
PR;4106902;1;443;2010;POINT(-49.26999 -25.51644)
PR;4106902;1;456;2010;POINT(-49.2475183 -25.3920358)
PR;4106902;1;459;2010;POINT(-49.27421 -25.41544)
PR;4106902;1;465;2010;POINT(-49.27421 -25.41544)
PR;4106902;1;468;2010;POINT(-49.2551185 -25.3530632)
PR;4106902;1;477;2010;POINT(-49.2625269 -25.4246984)
PR;4106902;1;480;2010;POINT(-49.2622446 -25.3864775)
PR;4106902;1;487;2010;POINT(-49.27208 -25.39805)
PR;4106902;1;515;2010;
PR;4106902;1;525;2010;
PR;4106902;1;526;2010;POINT(-49.26825 -25.37229)
PR;4106902;1;527;2010;POINT(-49.2373071 -25.3842702)
PR;4106902;1;547;2010;POINT(-49.2373071 -25.3842702)
PR;4106902;1;550;2010;POINT(-49.274054 -25.4499445)
PR;4106902;1;567;2010;
PR;4106902;1;570;2010;POINT(-49.27831 -25.37481)
PR;4106902;1;593;2010;
PR;4106902;1;599;2010;
PR;4106902;145;291;2010;POINT(-49.29161 -25.53232833)
PR;4106902;145;292;2010;POINT(-49.29161 -25.53232833)
PR;4106902;145;297;2010;POINT(-49.268077 -25.5264044)
PR;4106902;145;302;2010;POINT(-49.268077 -25.5264044)
PR;4106902;145;327;2010;POINT(-49.3000709 -25.5184881)
PR;4106902;145;333;2010;POINT(-49.3000709 -25.5184881)
PR;4106902;145;346;2010;POINT(-49.29161 -25.53232833)
PR;4106902;145;353;2010;POINT(-49.274446 -25.5364367)
PR;4106902;145;372;2010;POINT(-49.2684788 -25.534911)
PR;4106902;145;374;2010;POINT(-49.28355086 -25.54451019)
PR;4106902;145;381;2010;POINT(-49.28355086 -25.54451019)
PR;4106902;145;402;2010;
PR;4106902;145;407;2010;POINT(-49.2658 -25.50003)
PR;4106902;145;424;2010;POINT(-49.27687 -25.51508)
PR;4106902;145;437;2010;POINT(-49.27687 -25.51508)
PR;4106902;145;438;2010;POINT(-49.27687 -25.51508)
PR;4106902;145;440;2010;POINT(-49.27687 -25.51508)
PR;4106902;145;450;2010;POINT(-49.2631859 -25.5117184)
PR;4106902;145;452;2010;
PR;4106902;145;463;2010;POINT(-49.27687 -25.51508)
PR;4106902;145;466;2010;POINT(-49.2706265 -25.529529)
PR;4106902;145;471;2010;POINT(-49.2871768 -25.5235771)
PR;4106902;145;488;2010;POINT(-49.2612093 -25.5426579)
PR;4106902;145;493;2010;POINT(-49.2612093 -25.5426579)
PR;4106902;145;499;2010;POINT(-49.2706265 -25.529529)
PR;4106902;145;511;2010;POINT(-49.2631859 -25.5117184)
PR;4106902;145;523;2010;POINT(-49.3045 -25.51961)
PR;4106902;145;530;2010;POINT(-49.2761753 -25.5449172)
PR;4106902;145;550;2010;POINT(-49.2793624 -25.5054199)
PR;4106902;145;553;2010;POINT(-49.2615862 -25.5337644)
PR;4106902;145;556;2010;POINT(-49.2615862 -25.5337644)
PR;4106902;145;564;2010;POINT(-49.2612093 -25.5426579)
PR;4106902;145;573;2010;POINT(-49.27293577 -25.54247471)
PR;4106902;145;579;2010;POINT(-49.2857188 -25.5688387)
PR;4106902;145;593;2010;POINT(-49.2522683 -25.5439566)
PR;4106902;145;618;2010;POINT(-49.2825599 -25.530053)
PR;4106902;145;639;2010;POINT(-49.2740937 -25.5067359)
PR;4106902;145;643;2010;POINT(-49.2857188 -25.5688387)
PR;4106902;145;644;2010;
PR;4106902;145;646;2010;POINT(-49.2615862 -25.5337644)
PR;4106902;145;649;2010;POINT(-49.27293577 -25.54247471)
PR;4106902;145;703;2010;POINT(-49.2673125 -25.498324)
PR;4106902;145;707;2010;POINT(-49.267798 -25.546852)
PR;4106902;145;718;2010;POINT(-49.2749559 -25.5276174)
PR;4106902;145;726;2010;POINT(-49.247129 -25.5539096)
PR;4106902;145;735;2010;
PR;4106902;145;737;2010;POINT(-49.2832717 -25.5356551)
PR;4106902;145;742;2010;POINT(-49.251626 -25.5401533)
PR;4106902;174;103;2010;POINT(-49.23956 -25.53596)
PR;4106902;174;119;2010;POINT(-49.2524904 -25.5080968)
PR;4106902;174;133;2010;POINT(-49.23816 -25.52102)
PR;4106902;174;140;2010;POINT(-49.23816 -25.52102)
PR;4106902;174;145;2010;POINT(-49.2441424 -25.5025933)
PR;4106902;174;152;2010;POINT(-49.2491992 -25.5169744)
PR;4106902;174;165;2010;POINT(-49.2427686 -25.495382)
PR;4106902;174;191;2010;POINT(-49.2543623 -25.5289027)
PR;4106902;174;195;2010;POINT(-49.2247213 -25.5153987)
PR;4106902;174;224;2010;POINT(-49.24114 -25.52971)
PR;4106902;174;229;2010;POINT(-49.2424251 -25.4982057)
PR;4106902;174;231;2010;POINT(-49.2427686 -25.495382)
PR;4106902;174;234;2010;POINT(-49.23882 -25.53702)
PR;4106902;174;237;2010;POINT(-49.2576373 -25.4896496)
PR;4106902;174;242;2010;POINT(-49.24814 -25.47571)
PR;4106902;174;244;2010;POINT(-49.24658 -25.4798)
PR;4106902;174;256;2010;POINT(-49.2214002 -25.5070192)
PR;4106902;174;257;2010;POINT(-49.2524904 -25.5080968)
PR;4106902;174;270;2010;POINT(-49.2464187 -25.5299817)
PR;4106902;174;283;2010;POINT(-49.2427686 -25.495382)
PR;4106902;174;287;2010;POINT(-49.2424251 -25.4982057)
PR;4106902;174;300;2010;POINT(-49.2464187 -25.5299817)
PR;4106902;174;306;2010;POINT(-49.24114 -25.52971)
PR;4106902;174;312;2010;POINT(-49.24814 -25.47571)
PR;4106902;174;315;2010;POINT(-49.2427686 -25.495382)
PR;4106902;174;317;2010;POINT(-49.233785 -25.52399)
PR;4106902;174;333;2010;POINT(-49.2490291 -25.5232951)
PR;4106902;174;37;2010;POINT(-49.2357525 -25.4995741)
PR;4106902;174;45;2010;POINT(-49.227459 -25.502442)
PR;4106902;174;56;2010;
PR;4106902;174;61;2010;POINT(-49.237771 -25.4634239)
PR;4106902;174;63;2010;POINT(-49.24658 -25.4798)
PR;4106902;174;65;2010;POINT(-49.24658 -25.4798)
PR;4106902;174;7;2010;POINT(-49.22847 -25.51021)
PR;4106902;174;81;2010;POINT(-49.25489 -25.5319)
PR;4106902;174;88;2010;POINT(-49.2464187 -25.5299817)
PR;4106902;174;9;2010;POINT(-49.22847 -25.51021)
PR;4106902;174;92;2010;POINT(-49.2464187 -25.5299817)
PR;4106902;175;104;2010;POINT(-49.30331 -25.5023)
PR;4106902;175;11;2010;POINT(-49.3483639 -25.501447)
PR;4106902;175;127;2010;POINT(-49.3483639 -25.501447)
PR;4106902;175;133;2010;POINT(-49.2928794 -25.5510796)
PR;4106902;175;147;2010;POINT(-49.31665 -25.49636)
PR;4106902;175;157;2010;POINT(-49.2928794 -25.5510796)
PR;4106902;175;172;2010;POINT(-49.325341 -25.5079879)
PR;4106902;175;173;2010;POINT(-49.2809825 -25.4963996)
PR;4106902;175;19;2010;POINT(-49.32368 -25.50394)
PR;4106902;175;190;2010;POINT(-49.3352617 -25.5096168)
PR;4106902;175;192;2010;POINT(-49.3315097 -25.559091)
PR;4106902;175;194;2010;POINT(-49.339091 -25.560104)
PR;4106902;175;195;2010;POINT(-49.3483639 -25.501447)
PR;4106902;175;200;2010;POINT(-49.3483639 -25.501447)
PR;4106902;175;214;2010;POINT(-49.3261812 -25.515406)
PR;4106902;175;226;2010;
PR;4106902;175;235;2010;POINT(-49.2969375 -25.5061683)
PR;4106902;175;240;2010;POINT(-49.339091 -25.560104)
PR;4106902;175;255;2010;
PR;4106902;175;271;2010;POINT(-49.3315097 -25.559091)
PR;4106902;175;290;2010;POINT(-49.33745 -25.58663)
PR;4106902;175;291;2010;POINT(-49.33854 -25.49549)
PR;4106902;175;305;2010;POINT(-49.3396897 -25.5452272)
PR;4106902;175;315;2010;POINT(-49.3261812 -25.515406)
PR;4106902;175;337;2010;POINT(-49.3349751 -25.5735619)
PR;4106902;175;42;2010;POINT(-49.31665 -25.49636)
PR;4106902;175;45;2010;POINT(-49.3261812 -25.515406)
PR;4106902;175;46;2010;POINT(-49.3261812 -25.515406)
PR;4106902;175;57;2010;POINT(-49.325341 -25.5079879)
PR;4106902;175;60;2010;POINT(-49.325341 -25.5079879)
PR;4106902;175;61;2010;POINT(-49.325341 -25.5079879)
PR;4106902;175;65;2010;POINT(-49.2809825 -25.4963996)
PR;4106902;175;69;2010;POINT(-49.2809825 -25.4963996)
PR;4106902;175;87;2010;POINT(-49.3014253 -25.5012632)
PR;4106902;175;88;2010;POINT(-49.3014253 -25.5012632)
PR;4106902;175;89;2010;POINT(-49.3014253 -25.5012632)
PR;4106902;175;95;2010;
PR;4106902;175;98;2010;
PR;4106902;176;107;2010;
PR;4106902;176;113;2010;
PR;4106902;176;114;2010;
PR;4106902;176;122;2010;POINT(-49.3033164 -25.4954757)
PR;4106902;176;124;2010;POINT(-49.3033164 -25.4954757)
PR;4106902;176;128;2010;POINT(-49.3033164 -25.4954757)
PR;4106902;176;154;2010;
PR;4106902;176;155;2010;
PR;4106902;176;160;2010;POINT(-49.2781343 -25.4863896)
PR;4106902;176;168;2010;POINT(-49.310103 -25.490444)
PR;4106902;176;185;2010;POINT(-49.2781343 -25.4863896)
PR;4106902;176;188;2010;POINT(-49.3313362 -25.4801901)
PR;4106902;176;195;2010;
PR;4106902;176;203;2010;POINT(-49.2709061 -25.4796328)
PR;4106902;176;206;2010;POINT(-49.3033164 -25.4954757)
PR;4106902;176;215;2010;POINT(-49.287804 -25.487723)
PR;4106902;176;216;2010;
PR;4106902;176;222;2010;POINT(-49.3313362 -25.4801901)
PR;4106902;176;23;2010;POINT(-49.262959 -25.46243)
PR;4106902;176;234;2010;POINT(-49.27992 -25.4734)
PR;4106902;176;239;2010;
PR;4106902;176;243;2010;POINT(-49.2709061 -25.4796328)
PR;4106902;176;26;2010;POINT(-49.262959 -25.46243)
PR;4106902;176;71;2010;POINT(-49.3260419 -25.4868624)
PR;4106902;176;72;2010;POINT(-49.3260419 -25.4868624)
PR;4106902;176;78;2010;POINT(-49.3313362 -25.4801901)
PR;4106902;176;86;2010;POINT(-49.2777089 -25.4882713)
PR;4106902;177;112;2010;POINT(-49.26983 -25.45321)
PR;4106902;177;152;2010;POINT(-49.2938067 -25.4518101)
PR;4106902;177;158;2010;POINT(-49.2762068 -25.4424981)
PR;4106902;177;165;2010;POINT(-49.27931 -25.45246)
PR;4106902;177;169;2010;POINT(-49.27931 -25.45246)
PR;4106902;177;17;2010;POINT(-49.29226 -25.43924)
PR;4106902;177;172;2010;POINT(-49.2817537 -25.4527323)
PR;4106902;177;182;2010;POINT(-49.274054 -25.4499445)
PR;4106902;177;183;2010;POINT(-49.274054 -25.4499445)
PR;4106902;177;190;2010;
PR;4106902;177;192;2010;
PR;4106902;177;199;2010;POINT(-49.2860389 -25.4447491)
PR;4106902;177;201;2010;POINT(-49.2860389 -25.4447491)
PR;4106902;177;203;2010;POINT(-49.2860389 -25.4447491)
PR;4106902;177;222;2010;POINT(-49.2966205 -25.4470337)
PR;4106902;177;226;2010;POINT(-49.2860389 -25.4447491)
PR;4106902;177;229;2010;POINT(-49.29226 -25.43924)
PR;4106902;177;236;2010;POINT(-49.269632 -25.4391353)
PR;4106902;177;24;2010;POINT(-49.29583 -25.44574)
PR;4106902;177;258;2010;POINT(-49.26983 -25.45321)
PR;4106902;177;267;2010;POINT(-49.269632 -25.4391353)
PR;4106902;177;269;2010;POINT(-49.27721 -25.4443)
PR;4106902;177;278;2010;POINT(-49.3563059 -25.429514)
PR;4106902;177;29;2010;POINT(-49.2966205 -25.4470337)
PR;4106902;177;302;2010;POINT(-49.2815137 -25.4413524)
PR;4106902;177;304;2010;POINT(-49.2845622 -25.4425586)
PR;4106902;177;308;2010;
PR;4106902;177;334;2010;POINT(-49.3468519 -25.4194396)
PR;4106902;177;335;2010;POINT(-49.2906814 -25.4497758)
PR;4106902;177;340;2010;
PR;4106902;177;359;2010;
PR;4106902;177;361;2010;POINT(-49.3563059 -25.429514)
PR;4106902;177;369;2010;POINT(-49.29755 -25.44752)
PR;4106902;177;370;2010;POINT(-49.28853 -25.457786)
PR;4106902;177;373;2010;POINT(-49.2830736 -25.4633836)
PR;4106902;177;38;2010;POINT(-49.305231 -25.438827)
PR;4106902;177;40;2010;POINT(-49.305231 -25.438827)
PR;4106902;177;46;2010;
PR;4106902;177;57;2010;POINT(-49.3436443 -25.4280576)
PR;4106902;177;7;2010;POINT(-49.3057665 -25.435366)
PR;4106902;177;88;2010;POINT(-49.269632 -25.4391353)
PR;4106902;178;107;2010;POINT(-49.33089 -25.40207)
PR;4106902;178;110;2010;POINT(-49.33089 -25.40207)
PR;4106902;178;113;2010;POINT(-49.31855 -25.39747)
PR;4106902;178;130;2010;POINT(-49.3341387 -25.3809703)
PR;4106902;178;132;2010;POINT(-49.3341387 -25.3809703)
PR;4106902;178;133;2010;POINT(-49.3341387 -25.3809703)
PR;4106902;178;134;2010;POINT(-49.3475269 -25.3950552)
PR;4106902;178;151;2010;POINT(-49.3333 -25.38683)
PR;4106902;178;171;2010;POINT(-49.26028 -25.4288019)
PR;4106902;178;173;2010;POINT(-49.26028 -25.4288019)
PR;4106902;178;180;2010;POINT(-49.2677116 -25.4291044)
PR;4106902;178;192;2010;POINT(-49.2657136 -25.4336738)
PR;4106902;178;193;2010;POINT(-49.2657136 -25.4336738)
PR;4106902;178;204;2010;POINT(-49.2660216 -25.4318219)
PR;4106902;178;233;2010;POINT(-49.273819 -25.4331939)
PR;4106902;178;235;2010;POINT(-49.273819 -25.4331939)
PR;4106902;178;24;2010;
PR;4106902;178;242;2010;POINT(-49.2797468 -25.4345197)
PR;4106902;178;281;2010;POINT(-49.3302811 -25.3723242)
PR;4106902;178;287;2010;POINT(-49.31855 -25.39747)
PR;4106902;178;30;2010;POINT(-49.2805389 -25.4276737)
PR;4106902;178;300;2010;POINT(-49.2941563 -25.4284846)
PR;4106902;178;310;2010;POINT(-49.3333 -25.38683)
PR;4106902;178;32;2010;POINT(-49.2805389 -25.4276737)
PR;4106902;178;324;2010;POINT(-49.3309076 -25.3982184)
PR;4106902;178;49;2010;
PR;4106902;178;54;2010;POINT(-49.3006144 -25.4250497)
PR;4106902;178;75;2010;POINT(-49.2941563 -25.4284846)
PR;4106902;178;76;2010;POINT(-49.2941563 -25.4284846)
PR;4106902;178;78;2010;POINT(-49.2897279 -25.4151416)
PR;4106902;178;84;2010;POINT(-49.2900532 -25.4224801)
PR;4106902;178;89;2010;POINT(-49.2900532 -25.4224801)
PR;4106902;178;95;2010;POINT(-49.2963915 -25.4175777)
PR;4106902;2;103;2010;
PR;4106902;2;107;2010;
PR;4106902;2;132;2010;
PR;4106902;2;134;2010;
PR;4106902;2;211;2010;
PR;4106902;2;274;2010;POINT(-49.2595286 -25.4243117)
PR;4106902;2;276;2010;POINT(-49.23046 -25.41948)
PR;4106902;2;281;2010;POINT(-49.23046 -25.41948)
PR;4106902;2;297;2010;POINT(-49.2323836 -25.3640325)
PR;4106902;2;298;2010;POINT(-49.2323836 -25.3640325)
PR;4106902;2;305;2010;POINT(-49.241678 -25.373525)
PR;4106902;2;312;2010;POINT(-49.2242298 -25.3742506)
PR;4106902;2;334;2010;POINT(-49.2037 -25.42486)
PR;4106902;2;339;2010;POINT(-49.2037 -25.42486)
PR;4106902;2;348;2010;POINT(-49.2200878 -25.3921445)
PR;4106902;2;354;2010;POINT(-49.22957 -25.38386)
PR;4106902;2;368;2010;POINT(-49.2064 -25.404204)
PR;4106902;2;392;2010;POINT(-49.2222692 -25.3743)
PR;4106902;2;393;2010;POINT(-49.2337599 -25.415458)
PR;4106902;2;395;2010;POINT(-49.2578107 -25.4285549)
PR;4106902;2;397;2010;POINT(-49.2578107 -25.4285549)
PR;4106902;2;398;2010;POINT(-49.2578107 -25.4285549)
PR;4106902;2;399;2010;POINT(-49.2578107 -25.4285549)
PR;4106902;2;404;2010;POINT(-49.261329 -25.41245)
PR;4106902;2;424;2010;POINT(-49.21726 -25.39661)
PR;4106902;2;453;2010;POINT(-49.23888 -25.47663)
PR;4106902;2;454;2010;POINT(-49.2064 -25.404204)
PR;4106902;2;457;2010;POINT(-49.247677 -25.4058436)
PR;4106902;2;461;2010;POINT(-49.2523913 -25.4140843)
PR;4106902;2;464;2010;POINT(-49.2379722 -25.3967237)
PR;4106902;2;478;2010;POINT(-49.2491016 -25.4106033)
PR;4106902;2;482;2010;POINT(-49.2551071 -25.4095203)
PR;4106902;2;487;2010;POINT(-49.20368 -25.394645)
PR;4106902;2;501;2010;POINT(-49.2523913 -25.4140843)
PR;4106902;2;502;2010;POINT(-49.2379722 -25.3967237)
PR;4106902;2;532;2010;POINT(-49.21045 -25.36702)
PR;4106902;2;536;2010;POINT(-49.2222692 -25.3743)
PR;4106902;2;537;2010;POINT(-49.261329 -25.41245)
PR;4106902;2;58;2010;POINT(-49.2011 -25.38443)
PR;4106902;2;67;2010;POINT(-49.24451 -25.40109)
PR;4106902;2;77;2010;POINT(-49.2243177 -25.3904192)
PR;4106902;2;78;2010;POINT(-49.2243177 -25.3904192)
PR;4106902;2;81;2010;POINT(-49.2243177 -25.3904192)
PR;4106902;2;99;2010;POINT(-49.2379722 -25.3967237)
PR;4106902;3;105;2010;POINT(-49.19483 -25.47621)
PR;4106902;3;113;2010;POINT(-49.2048528 -25.4648614)
PR;4106902;3;115;2010;POINT(-49.2048528 -25.4648614)
PR;4106902;3;121;2010;POINT(-49.24934 -25.44072)
PR;4106902;3;122;2010;POINT(-49.24934 -25.44072)
PR;4106902;3;127;2010;POINT(-49.24934 -25.44072)
PR;4106902;3;133;2010;POINT(-49.2389964 -25.4445704)
PR;4106902;3;156;2010;
PR;4106902;3;160;2010;
PR;4106902;3;164;2010;
PR;4106902;3;202;2010;POINT(-49.24546 -25.4313226)
PR;4106902;3;213;2010;POINT(-49.2460047 -25.4342342)
PR;4106902;3;217;2010;
PR;4106902;3;225;2010;POINT(-49.2483875 -25.4311794)
PR;4106902;3;263;2010;POINT(-49.2287596 -25.4563821)
PR;4106902;3;318;2010;POINT(-49.239771 -25.4781578)
PR;4106902;3;326;2010;POINT(-49.2274934 -25.4720809)
PR;4106902;3;333;2010;POINT(-49.22975 -25.47573)
PR;4106902;3;357;2010;POINT(-49.2147135 -25.4517873)
PR;4106902;3;374;2010;POINT(-49.218163 -25.450697)
PR;4106902;3;385;2010;POINT(-49.2299948 -25.4496345)
PR;4106902;3;399;2010;POINT(-49.214703 -25.462207)
PR;4106902;3;404;2010;POINT(-49.20406 -25.48565)
PR;4106902;3;421;2010;POINT(-49.20973 -25.45487)
PR;4106902;3;424;2010;POINT(-49.22008 -25.45518)
PR;4106902;3;446;2010;
PR;4106902;3;463;2010;POINT(-49.1920514 -25.4709788)
PR;4106902;3;466;2010;POINT(-49.20973 -25.45487)
PR;4106902;3;470;2010;POINT(-49.20471 -25.4416355)
PR;4106902;3;476;2010;POINT(-49.21581 -25.448286)
PR;4106902;3;497;2010;POINT(-49.2263855 -25.4862273)
PR;4106902;3;508;2010;POINT(-49.2048528 -25.4648614)
PR;4106902;3;512;2010;POINT(-49.1920514 -25.4709788)
PR;4106902;3;517;2010;POINT(-49.2077934 -25.49268)
PR;4106902;3;519;2010;POINT(-49.21006 -25.49402)
PR;4106902;3;55;2010;POINT(-49.208267 -25.4525898)
PR;4106902;3;578;2010;POINT(-49.1920514 -25.4709788)
PR;4106902;3;579;2010;POINT(-49.2360544 -25.4568269)
PR;4106902;3;580;2010;
PR;4106902;3;600;2010;POINT(-49.203019 -25.479242)
PR;4106902;3;603;2010;POINT(-49.2274934 -25.4720809)
PR;4106902;3;611;2010;POINT(-49.2360544 -25.4568269)
PR;4106902;3;621;2010;
PR;4106902;3;631;2010;POINT(-49.2147135 -25.4517873)
PR;4106902;3;64;2010;POINT(-49.22008 -25.45518)
PR;4106902;3;654;2010;POINT(-49.2024886 -25.4699211)
PR;4106902;3;655;2010;
PR;4106902;3;70;2010;POINT(-49.2039442 -25.4709507)
PR;4106902;3;72;2010;POINT(-49.2039442 -25.4709507)
PR;4106902;3;83;2010;POINT(-49.2147135 -25.4517873)
PR;4106902;4;185;2010;POINT(-49.29865 -25.46208)
PR;4106902;4;193;2010;POINT(-49.30754008 -25.45986603)
PR;4106902;4;195;2010;POINT(-49.30754008 -25.45986603)
PR;4106902;4;201;2010;POINT(-49.30754008 -25.45986603)
PR;4106902;4;204;2010;POINT(-49.30754008 -25.45986603)
PR;4106902;4;205;2010;POINT(-49.30883 -25.46318)
PR;4106902;4;208;2010;POINT(-49.30883 -25.46318)
PR;4106902;4;213;2010;POINT(-49.30445 -25.4631)
PR;4106902;4;214;2010;POINT(-49.30445 -25.4631)
PR;4106902;4;234;2010;POINT(-49.29367228 -25.46728319)
PR;4106902;4;246;2010;POINT(-49.2992748 -25.4790794)
PR;4106902;4;254;2010;POINT(-49.30445 -25.4631)
PR;4106902;4;256;2010;POINT(-49.294511 -25.4659575)
PR;4106902;4;257;2010;POINT(-49.294511 -25.4659575)
PR;4106902;4;316;2010;POINT(-49.33656904 -25.47952899)
PR;4106902;4;322;2010;POINT(-49.33656904 -25.47952899)
PR;4106902;4;331;2010;POINT(-49.3495289 -25.457169)
PR;4106902;4;352;2010;POINT(-49.30754008 -25.45986603)
PR;4106902;4;383;2010;POINT(-49.3393963 -25.4742601)
PR;4106902;4;386;2010;POINT(-49.34995833 -25.48565667)
PR;4106902;4;397;2010;POINT(-49.3452188 -25.4445679)
PR;4106902;4;401;2010;
PR;4106902;4;404;2010;POINT(-49.35478 -25.43403)
PR;4106902;4;408;2010;POINT(-49.35478 -25.43403)
PR;4106902;4;413;2010;
PR;4106902;4;418;2010;POINT(-49.3393963 -25.4742601)
PR;4106902;4;419;2010;POINT(-49.35478 -25.43403)
PR;4106902;4;421;2010;POINT(-49.34995833 -25.48565667)
PR;4106902;4;425;2010;POINT(-49.3375935 -25.4777529)
PR;4106902;4;430;2010;POINT(-49.29367228 -25.46728319)
PR;4106902;4;435;2010;POINT(-49.3025632 -25.4766986)
PR;4106902;4;440;2010;POINT(-49.34995833 -25.48565667)
PR;4106902;4;445;2010;POINT(-49.3393963 -25.4742601)
PR;4106902;4;447;2010;POINT(-49.3495289 -25.457169)
PR;4106902;4;461;2010;POINT(-49.29367228 -25.46728319)
PR;4106902;4;501;2010;POINT(-49.30754008 -25.45986603)
PR;4106902;4;502;2010;POINT(-49.344883 -25.459897)
PR;4106902;4;517;2010;POINT(-49.35478 -25.43403)
PR;4106902;4;528;2010;POINT(-49.3120983 -25.4631808)
PR;4106902;4;544;2010;POINT(-49.34910458 -25.45726652)
PR;4106902;4;546;2010;POINT(-49.34727388 -25.47271511)
PR;4106902;4;564;2010;POINT(-49.338308 -25.484288)
PR;4106902;4;565;2010;POINT(-49.3025632 -25.4766986)
PR;4106902;4;568;2010;POINT(-49.344883 -25.459897)
PR;4107009;119;1;2010;POINT(-50.4568786 -24.0376053)
PR;4107009;119;7;2010;POINT(-50.4568786 -24.0376053)
PR;4107009;119;71;2010;POINT(-50.45838 -24.03342)
PR;4107009;119;76;2010;
PR;4107009;119;85;2010;
PR;4107108;96;14;2010;POINT(-52.8587133 -22.6572611)
PR;4107157;118;106;2010;POINT(-54.1016101 -24.9423336)
PR;4107207;115;14;2010;
PR;4107207;115;196;2010;POINT(-53.070883 -25.73094)
PR;4107207;115;23;2010;POINT(-53.057557 -25.7525695)
PR;4107207;115;24;2010;POINT(-53.057557 -25.7525695)
PR;4107207;115;62;2010;
PR;4107207;115;88;2010;
PR;4107256;142;59;2010;POINT(-53.2974838 -23.3814084)
PR;4107306;193;83;2010;
PR;4107306;193;85;2010;
PR;4107306;193;93;2010;POINT(-52.21833 -23.55569)
PR;4107405;140;112;2010;POINT(-53.1635174 -25.9440259)
PR;4107504;116;10;2010;
PR;4107504;116;72;2010;
PR;4107504;116;77;2010;
PR;4107538;121;102;2010;
PR;4107538;121;146;2010;POINT(-54.2419936 -24.7082407)
PR;4107546;163;101;2010;POINT(-52.83627 -25.42508)
PR;4107546;163;57;2010;POINT(-52.83627 -25.42508)
PR;4107553;31;126;2010;POINT(-52.62444 -24.09741)
PR;4107603;110;41;2010;POINT(-51.32869 -23.99826)
PR;4107603;110;54;2010;POINT(-51.3212447 -24.0005793)
PR;4107603;110;60;2010;
PR;4107603;110;77;2010;POINT(-51.3269632 -23.9349974)
PR;4107652;144;137;2010;POINT(-49.32850835 -25.6411538)
PR;4107652;144;170;2010;POINT(-49.3018807 -25.6595773)
PR;4107652;144;171;2010;POINT(-49.31809533 -25.64582083)
PR;4107652;144;186;2010;POINT(-49.3018807 -25.6595773)
PR;4107652;144;197;2010;POINT(-49.303805 -25.66637441)
PR;4107652;144;213;2010;POINT(-49.30632173 -25.6445911)
PR;4107652;144;215;2010;POINT(-49.3174386 -25.6724723)
PR;4107652;144;22;2010;POINT(-49.31809533 -25.64582083)
PR;4107652;144;23;2010;POINT(-49.2945036 -25.6896329)
PR;4107652;144;231;2010;POINT(-49.316715 -25.6419749)
PR;4107652;144;252;2010;
PR;4107652;144;258;2010;POINT(-49.3174386 -25.6724723)
PR;4107652;144;259;2010;POINT(-49.29945163 -25.64241895)
PR;4107702;116;33;2010;POINT(-51.97628 -23.9143)
PR;4107736;53;16;2010;POINT(-50.54577 -25.41204)
PR;4107736;53;9;2010;
PR;4107751;119;56;2010;POINT(-50.4128241 -23.8511408)
PR;4107801;71;23;2010;
PR;4107850;131;47;2010;
PR;4108007;65;20;2010;POINT(-51.3922117 -22.8605684)
PR;4108007;65;3;2010;POINT(-51.3965333 -22.8688901)
PR;4108007;65;71;2010;POINT(-51.3962909 -22.8674907)
PR;4108007;65;96;2010;POINT(-51.3965333 -22.8688901)
PR;4108106;67;119;2010;
PR;4108205;120;131;2010;POINT(-53.3153869 -24.2960643)
PR;4108205;120;29;2010;
PR;4108205;120;36;2010;
PR;4108205;120;4;2010;POINT(-53.3153869 -24.2960643)
PR;4108205;120;9;2010;POINT(-53.3199618 -24.2990975)
PR;4108304;147;113;2010;POINT(-54.5719874 -25.4477006)
PR;4108304;147;118;2010;POINT(-54.5719874 -25.4477006)
PR;4108304;147;17;2010;POINT(-54.5900058 -25.5230217)
PR;4108304;147;190;2010;
PR;4108304;147;197;2010;POINT(-54.58475 -25.50461)
PR;4108304;147;205;2010;POINT(-54.5719874 -25.4477006)
PR;4108304;147;222;2010;
PR;4108304;147;227;2010;POINT(-54.5719874 -25.4477006)
PR;4108304;147;230;2010;POINT(-54.5705913 -25.4668637)
PR;4108304;147;237;2010;
PR;4108304;147;242;2010;POINT(-54.570924 -25.4918869)
PR;4108304;147;249;2010;POINT(-54.55152 -25.49503)
PR;4108304;147;258;2010;POINT(-54.57502 -25.49901)
PR;4108304;147;3;2010;POINT(-54.5900058 -25.5230217)
PR;4108304;147;4;2010;POINT(-54.5900058 -25.5230217)
PR;4108304;147;54;2010;POINT(-54.57502 -25.49901)
PR;4108304;147;62;2010;POINT(-54.57502 -25.49901)
PR;4108304;147;63;2010;POINT(-54.57502 -25.49901)
PR;4108304;147;91;2010;POINT(-54.58622 -25.46918)
PR;4108304;147;98;2010;
PR;4108304;204;106;2010;POINT(-54.534475 -25.533543)
PR;4108304;204;108;2010;POINT(-54.55089 -25.532768)
PR;4108304;204;135;2010;
PR;4108304;204;16;2010;POINT(-54.5336626 -25.5251831)
PR;4108304;204;17;2010;POINT(-54.5336626 -25.5251831)
PR;4108304;204;23;2010;POINT(-54.5336626 -25.5251831)
PR;4108304;204;25;2010;POINT(-54.5336626 -25.5251831)
PR;4108304;204;26;2010;POINT(-54.5336626 -25.5251831)
PR;4108304;204;36;2010;
PR;4108304;204;40;2010;
PR;4108304;204;41;2010;
PR;4108304;204;52;2010;POINT(-54.53525 -25.53354)
PR;4108304;204;66;2010;POINT(-54.54912 -25.54184)
PR;4108304;204;8;2010;POINT(-54.55715 -25.53321)
PR;4108304;204;81;2010;POINT(-54.5409983 -25.5338208)
PR;4108304;204;83;2010;POINT(-54.5409983 -25.5338208)
PR;4108304;204;98;2010;POINT(-54.534475 -25.533543)
PR;4108304;204;99;2010;POINT(-54.5579988 -25.5403555)
PR;4108304;205;117;2010;POINT(-54.5106357 -25.4875515)
PR;4108304;205;130;2010;POINT(-54.5391674 -25.5075845)
PR;4108304;205;134;2010;POINT(-54.5106357 -25.4875515)
PR;4108304;205;147;2010;POINT(-54.5434686 -25.5144857)
PR;4108304;205;159;2010;POINT(-54.4948 -25.4744)
PR;4108304;205;24;2010;POINT(-54.50579 -25.48503)
PR;4108304;205;5;2010;
PR;4108304;205;8;2010;
PR;4108304;205;85;2010;POINT(-54.50579 -25.48503)
PR;4108304;205;89;2010;POINT(-54.54038 -25.50072)
PR;4108304;205;96;2010;POINT(-54.53143 -25.51502)
PR;4108304;46;1;2010;POINT(-54.58384 -25.5788)
PR;4108304;46;11;2010;POINT(-54.572388 -25.5535102)
PR;4108304;46;111;2010;POINT(-54.58486 -25.54683)
PR;4108304;46;119;2010;
PR;4108304;46;132;2010;POINT(-54.58222 -25.56717)
PR;4108304;46;162;2010;
PR;4108304;46;166;2010;
PR;4108304;46;167;2010;POINT(-54.5698012 -25.5559988)
PR;4108304;46;179;2010;POINT(-54.5868547 -25.5482788)
PR;4108304;46;187;2010;POINT(-54.5905919 -25.5411652)
PR;4108304;46;201;2010;POINT(-54.5868547 -25.5482788)
PR;4108304;46;214;2010;POINT(-54.5905919 -25.5411652)
PR;4108304;46;244;2010;
PR;4108304;46;247;2010;
PR;4108304;46;3;2010;POINT(-54.58384 -25.5788)
PR;4108304;46;49;2010;
PR;4108304;46;5;2010;POINT(-54.572388 -25.5535102)
PR;4108304;46;50;2010;
PR;4108304;46;87;2010;
PR;4108304;46;88;2010;
PR;4108304;46;89;2010;
PR;4108304;46;94;2010;POINT(-54.5714557 -25.5366044)
PR;4108304;46;97;2010;POINT(-54.5905919 -25.5411652)
PR;4108320;97;65;2010;POINT(-53.84897 -24.06715)
PR;4108320;97;69;2010;POINT(-53.84897 -24.06715)
PR;4108320;97;90;2010;POINT(-53.84897 -24.06715)
PR;4108403;69;11;2010;POINT(-53.0531209 -26.0799512)
PR;4108403;69;127;2010;POINT(-53.03937 -26.07366)
PR;4108403;69;134;2010;POINT(-53.048985 -26.0659272)
PR;4108403;69;148;2010;POINT(-53.0442228 -26.0872395)
PR;4108403;69;156;2010;POINT(-53.0731491 -26.0794576)
PR;4108403;69;173;2010;
PR;4108403;69;174;2010;
PR;4108403;69;179;2010;
PR;4108403;69;18;2010;POINT(-53.0518965 -26.0809898)
PR;4108403;69;190;2010;POINT(-53.0738559 -26.0696084)
PR;4108403;69;20;2010;POINT(-53.0518965 -26.0809898)
PR;4108403;69;204;2010;
PR;4108403;69;208;2010;
PR;4108403;69;223;2010;
PR;4108403;69;268;2010;POINT(-53.0438 -26.0689)
PR;4108403;69;274;2010;POINT(-53.0515269 -26.0342548)
PR;4108403;69;275;2010;
PR;4108403;69;3;2010;POINT(-53.0509112 -26.0765838)
PR;4108403;69;46;2010;POINT(-53.048985 -26.0659272)
PR;4108403;69;60;2010;POINT(-53.064209 -26.078829)
PR;4108403;69;9;2010;POINT(-53.0509112 -26.0765838)
PR;4108452;44;226;2010;POINT(-52.1220781 -25.7388167)
PR;4108502;153;62;2010;
PR;4108502;153;64;2010;POINT(-51.3164061 -26.4289818)
PR;4108601;92;12;2010;
PR;4108601;92;19;2010;
PR;4108601;92;29;2010;
PR;4108601;92;83;2010;
PR;4108601;92;84;2010;
PR;4108650;203;148;2010;
PR;4108700;136;5;2010;POINT(-51.509105 -24.141888)
PR;4108700;136;51;2010;
PR;4108700;136;54;2010;POINT(-51.509105 -24.141888)
PR;4108700;136;8;2010;POINT(-51.509105 -24.141888)
PR;4108809;90;27;2010;
PR;4108809;90;3;2010;POINT(-54.2570813 -24.0811327)
PR;4108809;90;30;2010;
PR;4108809;90;33;2010;
PR;4108809;90;35;2010;
PR;4108809;90;36;2010;
PR;4108809;90;38;2010;
PR;4108809;90;49;2010;
PR;4108809;90;51;2010;
PR;4108809;90;61;2010;
PR;4108809;90;66;2010;
PR;4108809;90;68;2010;
PR;4108809;90;82;2010;
PR;4108908;105;38;2010;
PR;4108957;29;16;2010;
PR;4109005;55;4;2010;POINT(-50.04396 -23.51615)
PR;4109005;55;47;2010;POINT(-50.04396 -23.51615)
PR;4109005;55;6;2010;POINT(-50.04396 -23.51615)
PR;4109005;55;7;2010;POINT(-50.04396 -23.51615)
PR;4109104;127;19;2010;POINT(-52.77947 -23.34185)
PR;4109203;64;11;2010;POINT(-51.6483217 -22.9745019)
PR;4109203;64;12;2010;POINT(-51.6483217 -22.9745019)
PR;4109203;64;38;2010;POINT(-51.6503843 -22.9731094)
PR;4109203;64;4;2010;POINT(-51.6483217 -22.9745019)
PR;4109401;43;109;2010;
PR;4109401;43;111;2010;
PR;4109401;43;112;2010;
PR;4109401;43;134;2010;
PR;4109401;43;16;2010;
PR;4109401;43;17;2010;
PR;4109401;43;173;2010;
PR;4109401;43;182;2010;
PR;4109401;43;188;2010;
PR;4109401;43;20;2010;
PR;4109401;43;206;2010;
PR;4109401;43;223;2010;POINT(-51.46231 -25.43383)
PR;4109401;43;224;2010;POINT(-51.4883 -25.41445)
PR;4109401;43;225;2010;
PR;4109401;43;227;2010;
PR;4109401;43;228;2010;
PR;4109401;43;231;2010;
PR;4109401;43;235;2010;
PR;4109401;43;240;2010;POINT(-51.47837 -25.39)
PR;4109401;43;250;2010;POINT(-51.47837 -25.39)
PR;4109401;43;253;2010;
PR;4109401;43;255;2010;
PR;4109401;43;258;2010;
PR;4109401;43;259;2010;
PR;4109401;43;281;2010;POINT(-51.4771107 -25.3562654)
PR;4109401;43;290;2010;POINT(-51.4697663 -25.4061597)
PR;4109401;43;296;2010;
PR;4109401;43;302;2010;
PR;4109401;43;312;2010;
PR;4109401;43;317;2010;
PR;4109401;43;4;2010;
PR;4109401;43;45;2010;
PR;4109401;43;9;2010;
PR;4109401;43;93;2010;POINT(-51.4883 -25.41445)
PR;4109401;43;96;2010;POINT(-51.4883 -25.41445)
PR;4109401;44;171;2010;
PR;4109401;44;200;2010;
PR;4109401;44;216;2010;
PR;4109401;44;23;2010;
PR;4109401;44;248;2010;
PR;4109401;44;253;2010;
PR;4109401;44;26;2010;
PR;4109401;44;27;2010;
PR;4109401;44;276;2010;POINT(-51.4465 -25.38421)
PR;4109401;44;286;2010;
PR;4109401;44;3;2010;
PR;4109401;44;301;2010;POINT(-51.462533 -25.3705937)
PR;4109401;44;312;2010;POINT(-51.459437 -25.364554)
PR;4109401;44;329;2010;POINT(-51.462533 -25.3705937)
PR;4109401;44;335;2010;
PR;4109401;44;49;2010;
PR;4109401;44;50;2010;
PR;4109401;44;71;2010;POINT(-51.45917 -25.29194)
PR;4109401;44;79;2010;
PR;4109500;6;48;2010;
PR;4109500;6;57;2010;
PR;4109609;161;103;2010;
PR;4109609;161;115;2010;POINT(-48.583621 -25.884705)
PR;4109609;161;2;2010;
PR;4109609;161;21;2010;POINT(-48.575234 -25.875981)
PR;4109609;161;5;2010;
PR;4109609;161;51;2010;
PR;4109609;161;54;2010;
PR;4109609;161;8;2010;
PR;4109609;161;81;2010;
PR;4109609;161;88;2010;POINT(-48.57097 -25.87445)
PR;4109658;168;58;2010;
PR;4109708;79;15;2010;POINT(-50.18993009 -23.85047814)
PR;4109708;79;30;2010;POINT(-50.1908389 -23.8419058)
PR;4109708;79;40;2010;
PR;4109708;79;59;2010;POINT(-50.33653376 -23.60549567)
PR;4109708;79;62;2010;
PR;4109757;166;8;2010;
PR;4109807;80;106;2010;POINT(-50.99818 -23.25758)
PR;4109807;80;25;2010;
PR;4109807;80;50;2010;
PR;4109807;80;84;2010;
PR;4109807;80;91;2010;
PR;4109906;172;13;2010;POINT(-53.6154893 -23.3948859)
PR;4109906;172;15;2010;POINT(-53.6154893 -23.3948859)
PR;4109906;172;17;2010;POINT(-53.6154893 -23.3948859)
PR;4109906;172;6;2010;POINT(-53.61512 -23.39491)
PR;4110003;67;106;2010;POINT(-51.826385 -23.195495)
PR;4110003;67;57;2010;POINT(-51.826385 -23.195495)
PR;4110003;67;59;2010;POINT(-51.827307 -23.196057)
PR;4110052;126;31;2010;
PR;4110078;111;120;2010;
PR;4110078;111;244;2010;
PR;4110078;111;88;2010;POINT(-50.7575219 -24.4498442)
PR;4110102;29;110;2010;POINT(-50.604019 -25.229125)
PR;4110102;29;115;2010;
PR;4110102;29;126;2010;POINT(-50.5906173 -25.2390698)
PR;4110102;29;128;2010;
PR;4110102;29;33;2010;POINT(-50.6105346 -25.2297798)
PR;4110102;29;37;2010;POINT(-50.6030284 -25.2262264)
PR;4110102;29;38;2010;POINT(-50.6105346 -25.2297798)
PR;4110102;29;40;2010;POINT(-50.6105346 -25.2297798)
PR;4110102;29;6;2010;
PR;4110201;34;136;2010;
PR;4110201;34;143;2010;POINT(-51.25122315 -25.5264288)
PR;4110201;34;147;2010;POINT(-51.07698 -25.57482)
PR;4110201;34;176;2010;POINT(-50.9895342 -25.67656884)
PR;4110201;34;7;2010;POINT(-51.0758577 -25.5736769)
PR;4110201;34;8;2010;POINT(-51.0758577 -25.5736769)
PR;4110300;91;16;2010;
PR;4110508;36;12;2010;
PR;4110508;36;25;2010;POINT(-50.5850001 -25.0275698)
PR;4110508;36;27;2010;
PR;4110508;36;29;2010;
PR;4110508;36;31;2010;
PR;4110508;36;35;2010;
PR;4110508;36;37;2010;
PR;4110508;36;38;2010;
PR;4110508;36;5;2010;POINT(-50.5868177 -25.0230146)
PR;4110607;97;12;2010;
PR;4110607;97;19;2010;
PR;4110607;97;21;2010;
PR;4110607;97;24;2010;
PR;4110607;97;27;2010;
PR;4110607;97;88;2010;
PR;4110607;97;91;2010;
PR;4110706;34;100;2010;
PR;4110706;34;169;2010;POINT(-50.6664965 -25.49383884)
PR;4110706;34;30;2010;
PR;4110706;34;37;2010;
PR;4110706;34;50;2010;POINT(-50.65873 -25.52276)
PR;4110706;34;52;2010;POINT(-50.6664965 -25.49383884)
PR;4110706;34;65;2010;POINT(-50.66131 -25.46727)
PR;4110706;34;81;2010;
PR;4110706;34;98;2010;
PR;4110706;34;99;2010;
PR;4110805;141;23;2010;POINT(-52.1025382 -24.4217071)
PR;4110805;141;31;2010;POINT(-52.1054211 -24.422542)
PR;4110904;95;41;2010;POINT(-51.9672406 -22.6176534)
PR;4110953;122;31;2010;
PR;4110953;122;40;2010;
PR;4110953;122;96;2010;
PR;4111100;81;2;2010;
PR;4111100;81;5;2010;
PR;4111209;151;13;2010;
PR;4111209;151;20;2010;
PR;4111258;156;146;2010;POINT(-49.35 -25.21838)
PR;4111258;156;148;2010;POINT(-49.3514082 -25.2148221)
PR;4111258;156;162;2010;
PR;4111258;156;188;2010;
PR;4111258;156;202;2010;POINT(-49.3514082 -25.2148221)
PR;4111258;156;213;2010;
PR;4111407;29;73;2010;
PR;4111407;29;88;2010;
PR;4111506;93;122;2010;POINT(-51.6722658 -24.241484)
PR;4111506;93;125;2010;
PR;4111506;93;135;2010;
PR;4111506;93;16;2010;
PR;4111506;93;23;2010;POINT(-51.6722658 -24.241484)
PR;4111506;93;24;2010;POINT(-51.6722658 -24.241484)
PR;4111506;93;4;2010;
PR;4111506;93;57;2010;
PR;4111506;93;88;2010;
PR;4111555;172;52;2010;POINT(-53.36713 -23.40736)
PR;4111555;172;59;2010;POINT(-53.36713 -23.40736)
PR;4111605;154;129;2010;
PR;4111605;154;27;2010;POINT(-52.2169479 -23.6194893)
PR;4111704;19;60;2010;POINT(-50.07537 -23.74537)
PR;4111803;24;29;2010;POINT(-49.9783983 -23.1691361)
PR;4111803;24;33;2010;POINT(-49.9738859 -23.1601836)
PR;4111803;24;35;2010;POINT(-49.981337 -23.1630215)
PR;4111803;24;48;2010;
PR;4111803;24;54;2010;POINT(-49.9786153 -23.1652925)
PR;4111803;24;69;2010;POINT(-49.9801958 -23.1641433)
PR;4111803;24;87;2010;POINT(-49.94821 -23.1451)
PR;4111803;24;88;2010;POINT(-49.94821 -23.1451)
PR;4111902;64;13;2010;POINT(-51.5337817 -23.1092924)
PR;4111902;64;20;2010;POINT(-51.537197 -23.11536)
PR;4111902;64;23;2010;POINT(-51.531098 -23.108315)
PR;4111902;64;37;2010;POINT(-51.5337817 -23.1092924)
PR;4111902;64;41;2010;POINT(-51.5337817 -23.1092924)
PR;4112009;18;46;2010;POINT(-49.707355 -24.245157)
PR;4112009;18;50;2010;POINT(-49.71088 -24.25125)
PR;4112009;18;55;2010;POINT(-49.7107222 -24.2500638)
PR;4112009;18;61;2010;POINT(-49.7188579 -24.2600727)
PR;4112009;18;62;2010;POINT(-49.73429 -24.27203)
PR;4112009;18;65;2010;POINT(-49.73429 -24.27203)
PR;4112009;18;66;2010;
PR;4112009;18;67;2010;
PR;4112009;18;73;2010;
PR;4112009;18;81;2010;POINT(-49.73429 -24.27203)
PR;4112009;18;92;2010;POINT(-49.7307847 -24.2769785)
PR;4112009;18;96;2010;POINT(-49.7290278 -24.2654132)
PR;4112108;70;18;2010;POINT(-51.644094 -23.601915)
PR;4112108;70;22;2010;POINT(-51.644094 -23.601915)
PR;4112108;70;24;2010;POINT(-51.6496593 -23.5971341)
PR;4112108;70;26;2010;POINT(-51.6496593 -23.5971341)
PR;4112108;70;28;2010;POINT(-51.6496593 -23.5971341)
PR;4112108;70;50;2010;POINT(-51.6549 -23.59864)
PR;4112207;183;111;2010;POINT(-52.7723226 -24.1444123)
PR;4112207;183;112;2010;
PR;4112207;183;113;2010;
PR;4112207;183;118;2010;
PR;4112207;183;91;2010;POINT(-52.7803047 -24.1439971)
PR;4112207;183;92;2010;POINT(-52.7803047 -24.1439971)
PR;4112207;183;93;2010;POINT(-52.7803047 -24.1439971)
PR;4112207;183;94;2010;POINT(-52.7803047 -24.1439971)
PR;4112306;79;65;2010;
PR;4112405;149;5;2010;POINT(-52.552706 -23.469988)
PR;4112504;152;20;2010;
PR;4112504;152;4;2010;
PR;4112504;152;93;2010;
PR;4112702;84;18;2010;POINT(-50.976987 -23.254222)
PR;4112702;84;5;2010;
PR;4112702;84;65;2010;
PR;4112751;120;116;2010;
PR;4112751;120;125;2010;POINT(-53.3824668 -24.3762931)
PR;4112751;120;90;2010;POINT(-53.3824668 -24.3762931)
PR;4112751;120;94;2010;POINT(-53.3824668 -24.3762931)
PR;4112801;55;11;2010;
PR;4112900;82;23;2010;POINT(-50.2495077 -23.4372511)
PR;4112900;82;54;2010;POINT(-50.2467848 -23.435369)
PR;4112959;98;117;2010;POINT(-52.84 -24.41963)
PR;4112959;98;125;2010;POINT(-52.84 -24.41963)
PR;4112959;98;143;2010;POINT(-52.84072 -24.42247)
PR;4113007;149;30;2010;POINT(-52.47116 -23.6197202)
PR;4113007;149;33;2010;POINT(-52.4700167 -23.6205987)
PR;4113106;70;60;2010;POINT(-51.66507 -23.82332)
PR;4113106;70;62;2010;
PR;4113205;10;106;2010;
PR;4113205;10;112;2010;POINT(-49.7266613 -25.7556894)
PR;4113205;10;125;2010;
PR;4113205;10;130;2010;POINT(-49.64596 -25.72116)
PR;4113205;10;136;2010;
PR;4113205;10;142;2010;
PR;4113205;10;145;2010;POINT(-49.7260249 -25.7669677)
PR;4113205;10;241;2010;POINT(-49.7154565 -25.7709204)
PR;4113205;10;61;2010;POINT(-49.7203653 -25.7700429)
PR;4113205;10;72;2010;POINT(-49.7155201 -25.7628709)
PR;4113205;10;76;2010;
PR;4113205;10;81;2010;
PR;4113205;10;83;2010;
PR;4113205;10;92;2010;POINT(-49.7165224 -25.7675665)
PR;4113304;45;126;2010;
PR;4113304;45;21;2010;
PR;4113304;45;34;2010;
PR;4113304;45;9;2010;POINT(-52.3254441 -25.4074837)
PR;4113403;26;86;2010;POINT(-50.7552098 -23.0804636)
PR;4113429;152;41;2010;
PR;4113429;152;42;2010;
PR;4113452;143;197;2010;POINT(-53.5759 -25.25687)
PR;4113452;143;200;2010;POINT(-53.5759 -25.25687)
PR;4113502;85;17;2010;
PR;4113502;85;18;2010;
PR;4113502;85;22;2010;
PR;4113502;85;32;2010;POINT(-53.135275 -22.9205819)
PR;4113502;85;6;2010;POINT(-53.1345961 -22.925979)
PR;4113502;85;7;2010;POINT(-53.1345961 -22.925979)
PR;4113601;95;48;2010;POINT(-51.95049 -23.01055)
PR;4113601;95;87;2010;POINT(-51.95049 -23.01055)
PR;4113700;146;131;2010;POINT(-51.184872 -23.608885)
PR;4113700;146;132;2010;POINT(-51.184872 -23.608885)
PR;4113700;146;135;2010;
PR;4113700;146;139;2010;POINT(-51.082986 -23.526414)
PR;4113700;146;143;2010;POINT(-51.125238 -23.503714)
PR;4113700;146;146;2010;POINT(-51.1661702 -23.3003011)
PR;4113700;146;180;2010;POINT(-51.088413 -23.690676)
PR;4113700;157;100;2010;POINT(-51.143147 -23.2656492)
PR;4113700;157;116;2010;POINT(-51.1482891 -23.263009)
PR;4113700;157;117;2010;POINT(-51.154971 -23.2608707)
PR;4113700;157;138;2010;POINT(-51.1482565 -23.2561409)
PR;4113700;157;144;2010;POINT(-51.1482565 -23.2561409)
PR;4113700;157;147;2010;POINT(-51.1482565 -23.2561409)
PR;4113700;157;192;2010;POINT(-51.1516016 -23.2804094)
PR;4113700;157;207;2010;POINT(-51.1565672 -23.2765987)
PR;4113700;157;209;2010;POINT(-51.1742345 -23.2816825)
PR;4113700;157;212;2010;POINT(-51.1429808 -23.2514414)
PR;4113700;157;254;2010;POINT(-51.1482891 -23.263009)
PR;4113700;157;266;2010;POINT(-51.186882 -23.2614186)
PR;4113700;157;269;2010;POINT(-51.1786783 -23.2600993)
PR;4113700;157;281;2010;POINT(-51.1727668 -23.2783992)
PR;4113700;157;59;2010;POINT(-51.1579908 -23.2794989)
PR;4113700;157;62;2010;POINT(-51.1579908 -23.2794989)
PR;4113700;157;66;2010;POINT(-51.163374 -23.2768314)
PR;4113700;157;74;2010;POINT(-51.1516016 -23.2804094)
PR;4113700;157;99;2010;POINT(-51.143147 -23.2656492)
PR;4113700;189;10;2010;POINT(-51.1824439 -23.2940342)
PR;4113700;189;100;2010;POINT(-51.2022606 -23.2897475)
PR;4113700;189;105;2010;
PR;4113700;189;109;2010;POINT(-51.1241033 -23.2832072)
PR;4113700;189;110;2010;POINT(-51.2022606 -23.2897475)
PR;4113700;189;12;2010;POINT(-51.17556 -23.29464)
PR;4113700;189;13;2010;POINT(-51.17556 -23.29464)
PR;4113700;189;23;2010;POINT(-51.19546 -23.29394)
PR;4113700;189;52;2010;
PR;4113700;189;65;2010;POINT(-51.1429394 -23.2824516)
PR;4113700;189;86;2010;POINT(-51.19546 -23.29394)
PR;4113700;189;96;2010;POINT(-51.19546 -23.29394)
PR;4113700;189;97;2010;
PR;4113700;190;100;2010;POINT(-51.129415 -23.3706316)
PR;4113700;190;11;2010;POINT(-51.1263022 -23.3255025)
PR;4113700;190;110;2010;POINT(-51.1438974 -23.3364494)
PR;4113700;190;112;2010;POINT(-51.1438974 -23.3364494)
PR;4113700;190;121;2010;POINT(-51.1537429 -23.3184192)
PR;4113700;190;126;2010;POINT(-51.1458487 -23.3607956)
PR;4113700;190;134;2010;POINT(-51.13271 -23.33598)
PR;4113700;190;141;2010;POINT(-51.1516377 -23.327986)
PR;4113700;190;151;2010;POINT(-51.1389459 -23.3676633)
PR;4113700;190;156;2010;POINT(-51.1289832 -23.3816725)
PR;4113700;190;159;2010;POINT(-51.1101 -23.32907)
PR;4113700;190;160;2010;POINT(-51.1384483 -23.318543)
PR;4113700;190;165;2010;POINT(-51.1493728 -23.3338866)
PR;4113700;190;168;2010;POINT(-51.13271 -23.33598)
PR;4113700;190;172;2010;POINT(-51.1380175 -23.3513712)
PR;4113700;190;181;2010;POINT(-51.1384483 -23.318543)
PR;4113700;190;195;2010;POINT(-51.1289832 -23.3816725)
PR;4113700;190;20;2010;POINT(-51.1318138 -23.3256317)
PR;4113700;190;3;2010;POINT(-51.1101 -23.32907)
PR;4113700;190;35;2010;POINT(-51.1567836 -23.3152097)
PR;4113700;190;41;2010;POINT(-51.1537429 -23.3184192)
PR;4113700;190;43;2010;POINT(-51.1537429 -23.3184192)
PR;4113700;190;54;2010;POINT(-51.1516377 -23.327986)
PR;4113700;190;61;2010;POINT(-51.1435745 -23.3321856)
PR;4113700;190;75;2010;
PR;4113700;190;79;2010;POINT(-51.1458487 -23.3607956)
PR;4113700;190;94;2010;POINT(-51.1389459 -23.3676633)
PR;4113700;191;1;2010;POINT(-51.2016784 -23.3013924)
PR;4113700;191;101;2010;POINT(-51.152104 -23.3755393)
PR;4113700;191;143;2010;POINT(-51.1730032 -23.3033893)
PR;4113700;191;15;2010;POINT(-51.2016784 -23.3013924)
PR;4113700;191;153;2010;POINT(-51.22583 -23.32472)
PR;4113700;191;157;2010;POINT(-51.1555886 -23.3693056)
PR;4113700;191;21;2010;POINT(-51.206715 -23.3044885)
PR;4113700;191;29;2010;
PR;4113700;191;3;2010;POINT(-51.2016784 -23.3013924)
PR;4113700;191;33;2010;POINT(-51.1984404 -23.3080651)
PR;4113700;191;39;2010;POINT(-51.1951655 -23.3143552)
PR;4113700;191;46;2010;POINT(-51.1902224 -23.3065012)
PR;4113700;191;50;2010;POINT(-51.1792477 -23.302361)
PR;4113700;191;52;2010;POINT(-51.1792477 -23.302361)
PR;4113700;191;55;2010;POINT(-51.18383 -23.3040231)
PR;4113700;191;77;2010;POINT(-51.170814 -23.316143)
PR;4113700;191;91;2010;POINT(-51.2268286 -23.3194543)
PR;4113700;41;10;2010;POINT(-51.1596939 -23.3052427)
PR;4113700;41;102;2010;POINT(-51.1429888 -23.2997048)
PR;4113700;41;112;2010;POINT(-51.1440688 -23.294058)
PR;4113700;41;133;2010;POINT(-51.15889 -23.29444)
PR;4113700;41;134;2010;POINT(-51.15889 -23.29444)
PR;4113700;41;15;2010;POINT(-51.1596939 -23.3052427)
PR;4113700;41;156;2010;POINT(-51.1650341 -23.3073988)
PR;4113700;41;157;2010;POINT(-51.1650341 -23.3073988)
PR;4113700;41;158;2010;POINT(-51.1585033 -23.3024333)
PR;4113700;41;19;2010;POINT(-51.1596939 -23.3052427)
PR;4113700;41;199;2010;POINT(-51.1357188 -23.2952374)
PR;4113700;41;202;2010;POINT(-51.1596939 -23.3052427)
PR;4113700;41;205;2010;POINT(-51.14019 -23.30697)
PR;4113700;41;25;2010;
PR;4113700;41;28;2010;
PR;4113700;41;29;2010;
PR;4113700;41;41;2010;POINT(-51.15363 -23.30382)
PR;4113700;41;7;2010;
PR;4113700;41;74;2010;POINT(-51.1363723 -23.3119866)
PR;4113700;41;81;2010;POINT(-51.13 -23.30722)
PR;4113700;41;85;2010;POINT(-51.1463494 -23.3095604)
PR;4113700;41;94;2010;
PR;4113700;42;166;2010;POINT(-51.1543421 -23.3278916)
PR;4113700;42;167;2010;POINT(-51.1656 -23.32075)
PR;4113700;42;178;2010;POINT(-51.1656 -23.32075)
PR;4113700;42;182;2010;
PR;4113700;42;19;2010;POINT(-51.1634631 -23.3123023)
PR;4113700;42;190;2010;
PR;4113700;42;193;2010;POINT(-51.1543421 -23.3278916)
PR;4113700;42;62;2010;POINT(-51.1656 -23.32075)
PR;4113700;42;84;2010;POINT(-51.1543421 -23.3278916)
PR;4113700;42;89;2010;POINT(-51.1543421 -23.3278916)
PR;4113734;31;144;2010;POINT(-52.2783827 -24.2814524)
PR;4113734;31;169;2010;POINT(-52.2783827 -24.2814524)
PR;4113734;31;177;2010;POINT(-52.27478282 -24.28614551)
PR;4113734;31;187;2010;POINT(-52.27478282 -24.28614551)
PR;4113759;132;53;2010;POINT(-51.74251 -24.0761)
PR;4113759;132;57;2010;POINT(-51.74251 -24.0761)
PR;4113908;37;17;2010;
PR;4113908;37;3;2010;POINT(-50.8267724 -25.8878646)
PR;4113908;37;50;2010;
PR;4113908;37;6;2010;POINT(-50.8100397 -25.8836799)
PR;4114005;170;31;2010;POINT(-52.5281652 -24.3091596)
PR;4114005;170;35;2010;POINT(-52.528475 -24.3171317)
PR;4114005;170;43;2010;POINT(-52.530196 -24.3098298)
PR;4114005;170;47;2010;POINT(-52.528475 -24.3171317)
PR;4114005;170;55;2010;
PR;4114005;170;56;2010;POINT(-52.528475 -24.3171317)
PR;4114005;170;67;2010;POINT(-52.528475 -24.3171317)
PR;4114104;102;14;2010;
PR;4114104;102;19;2010;
PR;4114104;102;23;2010;
PR;4114104;102;25;2010;
PR;4114104;102;58;2010;
PR;4114104;102;62;2010;
PR;4114104;102;66;2010;
PR;4114104;102;7;2010;
PR;4114203;60;11;2010;POINT(-51.68052 -23.52171)
PR;4114203;60;30;2010;POINT(-51.67141 -23.52931)
PR;4114203;60;60;2010;POINT(-51.69413 -23.5188)
PR;4114203;60;65;2010;
PR;4114203;60;72;2010;
PR;4114203;60;8;2010;
PR;4114302;144;190;2010;POINT(-49.3262191 -25.7778746)
PR;4114302;144;222;2010;POINT(-49.368885 -25.8668279)
PR;4114302;144;269;2010;POINT(-49.3436556 -25.9341929)
PR;4114302;144;272;2010;
PR;4114302;144;37;2010;
PR;4114302;144;40;2010;POINT(-49.3262191 -25.7778746)
PR;4114351;131;58;2010;
PR;4114351;131;66;2010;
PR;4114401;168;1;2010;
PR;4114401;168;2;2010;
PR;4114401;168;21;2010;
PR;4114401;168;36;2010;
PR;4114401;168;5;2010;
PR;4114401;168;50;2010;
PR;4114500;196;121;2010;POINT(-51.668372 -24.514456)
PR;4114500;196;139;2010;
PR;4114609;121;12;2010;POINT(-54.0610905 -24.5529305)
PR;4114609;121;158;2010;POINT(-54.0610905 -24.5529305)
PR;4114609;121;190;2010;
PR;4114609;121;44;2010;
PR;4114609;121;7;2010;
PR;4114609;121;77;2010;
PR;4114708;142;40;2010;
PR;4114807;81;117;2010;
PR;4114807;81;166;2010;
PR;4114807;81;168;2010;POINT(-51.80755 -23.47564)
PR;4114807;81;18;2010;
PR;4114807;81;22;2010;
PR;4114807;81;23;2010;
PR;4114807;81;24;2010;
PR;4114807;81;42;2010;
PR;4114807;81;46;2010;
PR;4114807;81;60;2010;
PR;4114906;76;101;2010;
PR;4114906;76;111;2010;
PR;4114906;76;13;2010;
PR;4114906;76;14;2010;
PR;4115002;96;59;2010;POINT(-53.0298302 -22.7435002)
PR;4115101;86;47;2010;POINT(-53.1502328 -24.0106556)
PR;4115101;86;57;2010;POINT(-53.1477876 -23.9962811)
PR;4115101;86;60;2010;POINT(-53.1479966 -24.0121994)
PR;4115101;86;64;2010;POINT(-53.1479966 -24.0121994)
PR;4115101;86;67;2010;POINT(-53.1479966 -24.0121994)
PR;4115200;137;126;2010;POINT(-51.9112704 -23.3997877)
PR;4115200;137;133;2010;POINT(-51.9112704 -23.3997877)
PR;4115200;137;136;2010;POINT(-51.9152 -23.39653)
PR;4115200;137;142;2010;POINT(-51.9152 -23.39653)
PR;4115200;137;144;2010;POINT(-51.9152 -23.39653)
PR;4115200;137;151;2010;POINT(-51.9152 -23.39653)
PR;4115200;137;153;2010;POINT(-51.9152 -23.39653)
PR;4115200;137;159;2010;POINT(-51.8881288 -23.4144203)
PR;4115200;137;214;2010;POINT(-51.919686 -23.404103)
PR;4115200;137;225;2010;POINT(-51.9049077 -23.3880957)
PR;4115200;137;233;2010;POINT(-51.9023369 -23.4131638)
PR;4115200;137;253;2010;POINT(-51.9023369 -23.4131638)
PR;4115200;137;257;2010;POINT(-51.9108102 -23.3986828)
PR;4115200;137;264;2010;POINT(-51.8952104 -23.3992187)
PR;4115200;137;276;2010;POINT(-51.8952104 -23.3992187)
PR;4115200;137;280;2010;POINT(-51.8806785 -23.4084316)
PR;4115200;137;282;2010;POINT(-51.8983576 -23.4178242)
PR;4115200;137;71;2010;POINT(-51.8944602 -23.4031507)
PR;4115200;154;140;2010;POINT(-51.9749696 -23.4531417)
PR;4115200;154;177;2010;POINT(-51.9327171 -23.4457689)
PR;4115200;154;228;2010;POINT(-51.9749696 -23.4531417)
PR;4115200;154;230;2010;POINT(-51.9249952 -23.4586312)
PR;4115200;154;36;2010;POINT(-51.9146321 -23.4310336)
PR;4115200;154;56;2010;POINT(-51.919624 -23.4614971)
PR;4115200;154;58;2010;POINT(-51.919624 -23.4614971)
PR;4115200;154;62;2010;POINT(-51.9327171 -23.4457689)
PR;4115200;154;68;2010;POINT(-51.93438 -23.43804)
PR;4115200;154;69;2010;POINT(-51.93438 -23.43804)
PR;4115200;154;70;2010;POINT(-51.93438 -23.43804)
PR;4115200;154;72;2010;POINT(-51.93438 -23.43804)
PR;4115200;154;76;2010;POINT(-51.9713079 -23.4314621)
PR;4115200;154;80;2010;POINT(-51.959955 -23.4515069)
PR;4115200;154;81;2010;POINT(-51.959955 -23.4515069)
PR;4115200;154;86;2010;POINT(-51.959955 -23.4515069)
PR;4115200;192;105;2010;POINT(-51.9399913 -23.404717)
PR;4115200;192;110;2010;POINT(-51.9399913 -23.404717)
PR;4115200;192;123;2010;POINT(-51.9422901 -23.3998476)
PR;4115200;192;135;2010;POINT(-51.9320347 -23.3798585)
PR;4115200;192;174;2010;POINT(-51.9319653 -23.4027688)
PR;4115200;192;177;2010;POINT(-51.92914 -23.40536)
PR;4115200;192;22;2010;POINT(-51.94851 -23.40894)
PR;4115200;192;42;2010;POINT(-51.9399913 -23.404717)
PR;4115200;192;6;2010;POINT(-51.92914 -23.40536)
PR;4115200;192;68;2010;
PR;4115200;192;69;2010;
PR;4115200;192;85;2010;POINT(-51.94073 -23.38171)
PR;4115200;192;87;2010;POINT(-51.94073 -23.38171)
PR;4115200;192;9;2010;POINT(-51.92914 -23.40536)
PR;4115200;193;107;2010;POINT(-52.06462 -23.37141)
PR;4115200;193;118;2010;POINT(-51.9786649 -23.3967141)
PR;4115200;193;23;2010;POINT(-51.9588432 -23.433587)
PR;4115200;193;26;2010;
PR;4115200;193;28;2010;
PR;4115200;193;30;2010;
PR;4115200;193;33;2010;POINT(-51.954531 -23.4226729)
PR;4115200;193;51;2010;POINT(-51.95909 -23.40499)
PR;4115200;193;56;2010;POINT(-51.95909 -23.40499)
PR;4115200;193;57;2010;POINT(-51.95909 -23.40499)
PR;4115200;193;58;2010;POINT(-51.95909 -23.40499)
PR;4115200;193;64;2010;POINT(-52.0608244 -23.3739047)
PR;4115200;193;70;2010;POINT(-52.06462 -23.37141)
PR;4115200;193;71;2010;POINT(-52.06462 -23.37141)
PR;4115200;66;127;2010;POINT(-51.9257084 -23.4158849)
PR;4115200;66;20;2010;POINT(-51.9393146 -23.4278876)
PR;4115200;66;39;2010;POINT(-51.9395457 -23.4330841)
PR;4115200;66;51;2010;POINT(-51.9197915 -23.422946)
PR;4115200;66;55;2010;POINT(-51.9197915 -23.422946)
PR;4115358;124;53;2010;POINT(-53.7437687 -24.5315423)
PR;4115358;124;55;2010;POINT(-53.7920583 -24.4769249)
PR;4115358;124;56;2010;POINT(-53.7920583 -24.4769249)
PR;4115408;140;40;2010;POINT(-53.0274249 -26.1461511)
PR;4115408;140;43;2010;POINT(-53.0274249 -26.1461511)
PR;4115457;45;175;2010;
PR;4115507;70;75;2010;
PR;4115606;118;134;2010;
PR;4115606;118;15;2010;
PR;4115606;118;17;2010;
PR;4115606;118;4;2010;POINT(-53.982247 -25.2375537)
PR;4115705;194;106;2010;POINT(-48.53574 -25.81826)
PR;4115705;194;113;2010;POINT(-48.5285955 -25.7972218)
PR;4115705;194;116;2010;
PR;4115705;194;128;2010;
PR;4115705;194;133;2010;
PR;4115705;194;134;2010;
PR;4115705;194;135;2010;
PR;4115705;194;140;2010;
PR;4115705;194;151;2010;
PR;4115705;194;152;2010;
PR;4115705;194;165;2010;
PR;4115705;194;180;2010;
PR;4115739;38;222;2010;
PR;4115754;76;109;2010;POINT(-51.22455 -23.89564)
PR;4115754;76;110;2010;POINT(-51.22455 -23.89564)
PR;4115754;76;97;2010;POINT(-51.22455 -23.89564)
PR;4115804;114;154;2010;
PR;4115804;114;159;2010;
PR;4115804;114;2;2010;POINT(-54.0948739 -25.3002304)
PR;4115804;114;22;2010;POINT(-54.0923617 -25.2923559)
PR;4115804;114;46;2010;POINT(-54.1149506 -25.3009412)
PR;4115804;114;48;2010;
PR;4115804;114;6;2010;POINT(-54.0948739 -25.3002304)
PR;4115903;100;4;2010;
PR;4116059;114;109;2010;
PR;4116059;114;80;2010;POINT(-54.2474517 -25.0900791)
PR;4116059;114;96;2010;POINT(-54.1455 -25.15142)
PR;4116109;92;125;2010;
PR;4116109;92;90;2010;
PR;4116109;92;95;2010;
PR;4116208;51;19;2010;
PR;4116208;51;27;2010;
PR;4116208;51;31;2010;
PR;4116208;51;39;2010;
PR;4116307;67;69;2010;
PR;4116604;35;55;2010;POINT(-50.7197226 -23.3310376)
PR;4116703;120;50;2010;POINT(-53.2599371 -24.5236022)
PR;4116703;120;53;2010;POINT(-53.26278 -24.52617)
PR;4116703;120;54;2010;POINT(-53.26278 -24.52617)
PR;4116703;120;82;2010;POINT(-53.2516902 -24.529532)
PR;4116802;169;47;2010;
PR;4116901;71;104;2010;POINT(-52.2067117 -23.1817512)
PR;4116901;71;108;2010;POINT(-52.20017 -23.1862333)
PR;4116901;71;31;2010;POINT(-52.20122 -23.18488)
PR;4116901;71;43;2010;POINT(-52.20017 -23.1862333)
PR;4116901;71;62;2010;POINT(-52.197695 -23.1850182)
PR;4117057;45;71;2010;POINT(-52.68087 -25.36421)
PR;4117107;96;44;2010;POINT(-53.0005454 -22.7629656)
PR;4117107;96;47;2010;POINT(-53.0005454 -22.7629656)
PR;4117107;96;51;2010;POINT(-52.9900219 -22.7633956)
PR;4117107;96;53;2010;POINT(-52.9900219 -22.7633956)
PR;4117206;127;45;2010;
PR;4117214;63;14;2010;POINT(-50.76375 -23.58715)
PR;4117214;63;47;2010;POINT(-50.76375 -23.58715)
PR;4117222;121;174;2010;POINT(-53.950071 -24.469082)
PR;4117222;121;176;2010;POINT(-53.950071 -24.469082)
PR;4117222;121;178;2010;POINT(-53.950071 -24.469082)
PR;4117222;121;180;2010;
PR;4117255;162;50;2010;POINT(-53.3422757 -25.6379798)
PR;4117255;162;63;2010;
PR;4117271;196;45;2010;
PR;4117271;196;65;2010;
PR;4117305;167;13;2010;POINT(-50.9214641 -24.2183587)
PR;4117305;167;18;2010;POINT(-50.926357 -24.211393)
PR;4117305;167;45;2010;
PR;4117305;167;60;2010;
PR;4117305;167;63;2010;
PR;4117305;167;66;2010;
PR;4117305;167;78;2010;
PR;4117305;167;83;2010;POINT(-50.926357 -24.211393)
PR;4117305;167;86;2010;POINT(-50.9261873 -24.205822)
PR;4117503;154;100;2010;POINT(-52.0430238 -23.4574588)
PR;4117503;154;102;2010;POINT(-52.0430238 -23.4574588)
PR;4117503;154;104;2010;POINT(-52.0430238 -23.4574588)
PR;4117503;154;110;2010;POINT(-52.0512363 -23.4589863)
PR;4117503;154;123;2010;POINT(-52.15137 -23.50049)
PR;4117503;154;127;2010;POINT(-52.0570132 -23.4656948)
PR;4117503;154;128;2010;POINT(-52.03202 -23.45697)
PR;4117503;154;141;2010;POINT(-52.03202 -23.45697)
PR;4117503;154;156;2010;POINT(-52.0512363 -23.4589863)
PR;4117503;154;185;2010;POINT(-52.0260106 -23.4508534)
PR;4117503;154;198;2010;POINT(-52.0260106 -23.4508534)
PR;4117503;154;206;2010;
PR;4117503;154;209;2010;
PR;4117503;154;96;2010;POINT(-52.0506375 -23.4606236)
PR;4117602;32;10;2010;POINT(-51.9895336 -26.4815268)
PR;4117602;32;103;2010;POINT(-51.9856225 -26.495465)
PR;4117602;32;17;2010;POINT(-51.9907228 -26.4836824)
PR;4117602;32;3;2010;POINT(-51.9877 -26.48004)
PR;4117602;32;36;2010;POINT(-51.9961549 -26.4922528)
PR;4117602;32;40;2010;POINT(-52.0033496 -26.4705206)
PR;4117602;32;8;2010;POINT(-51.9871821 -26.4800403)
PR;4117602;32;82;2010;POINT(-52.0085383 -26.4702093)
PR;4117701;13;16;2010;POINT(-50.0091978 -25.4327501)
PR;4117701;13;20;2010;
PR;4117701;13;23;2010;POINT(-49.9939897 -25.4181627)
PR;4117701;13;47;2010;
PR;4117701;13;49;2010;
PR;4117701;13;5;2010;
PR;4117701;13;90;2010;POINT(-49.9939897 -25.4181627)
PR;4117800;134;18;2010;
PR;4117800;134;24;2010;
PR;4117800;134;25;2010;
PR;4117800;134;32;2010;POINT(-52.2124976 -24.8854657)
PR;4117909;124;74;2010;
PR;4118006;100;39;2010;
PR;4118105;91;25;2010;POINT(-52.1516262 -22.9332844)
PR;4118105;91;31;2010;POINT(-52.1516262 -22.9332844)
PR;4118105;91;48;2010;POINT(-52.1516262 -22.9332844)
PR;4118204;158;131;2010;
PR;4118204;158;153;2010;
PR;4118204;158;156;2010;
PR;4118204;158;157;2010;
PR;4118204;158;158;2010;
PR;4118204;158;162;2010;
PR;4118204;158;200;2010;
PR;4118204;158;228;2010;
PR;4118204;158;230;2010;
PR;4118204;158;236;2010;
PR;4118204;158;240;2010;
PR;4118204;5;117;2010;
PR;4118204;5;127;2010;
PR;4118204;5;138;2010;
PR;4118204;5;140;2010;
PR;4118204;5;142;2010;
PR;4118204;5;161;2010;POINT(-48.52045 -25.53138)
PR;4118204;5;165;2010;
PR;4118204;5;179;2010;
PR;4118204;5;181;2010;POINT(-48.52045 -25.53138)
PR;4118204;5;203;2010;
PR;4118204;5;209;2010;POINT(-48.50315 -25.52772)
PR;4118204;5;25;2010;
PR;4118204;5;26;2010;
PR;4118204;5;30;2010;
PR;4118204;5;72;2010;
PR;4118204;5;78;2010;
PR;4118204;5;83;2010;
PR;4118204;5;9;2010;POINT(-48.5044508 -25.5172605)
PR;4118402;138;102;2010;POINT(-52.467088 -23.0589066)
PR;4118402;138;24;2010;POINT(-52.4513401 -23.080493)
PR;4118402;138;29;2010;POINT(-52.4513401 -23.080493)
PR;4118402;138;36;2010;POINT(-52.4456779 -23.0779524)
PR;4118402;138;46;2010;POINT(-52.6054147 -23.0842575)
PR;4118402;138;50;2010;POINT(-52.408586 -23.0742797)
PR;4118402;138;55;2010;POINT(-52.408586 -23.0742797)
PR;4118402;138;88;2010;
PR;4118402;138;91;2010;
PR;4118402;138;92;2010;POINT(-52.467088 -23.0589066)
PR;4118402;138;99;2010;
PR;4118402;72;120;2010;
PR;4118402;72;14;2010;POINT(-52.4787417 -23.0959718)
PR;4118402;72;16;2010;POINT(-52.4787417 -23.0959718)
PR;4118402;72;21;2010;POINT(-52.4787417 -23.0959718)
PR;4118402;72;23;2010;POINT(-52.4787417 -23.0959718)
PR;4118402;72;4;2010;POINT(-52.4539561 -23.084552)
PR;4118402;72;47;2010;POINT(-52.4491197 -23.092073)
PR;4118402;72;53;2010;POINT(-52.4491197 -23.092073)
PR;4118402;72;61;2010;POINT(-52.4688444 -23.079443)
PR;4118402;72;66;2010;POINT(-52.4688444 -23.079443)
PR;4118402;72;83;2010;POINT(-52.4787417 -23.0959718)
PR;4118402;72;91;2010;POINT(-52.4787417 -23.0959718)
PR;4118402;72;96;2010;POINT(-52.4491197 -23.092073)
PR;4118501;73;133;2010;POINT(-52.6691 -26.22803)
PR;4118501;73;134;2010;
PR;4118501;73;137;2010;POINT(-52.664244 -26.229777)
PR;4118501;73;139;2010;POINT(-52.6733025 -26.2353098)
PR;4118501;73;145;2010;
PR;4118501;73;149;2010;
PR;4118501;73;167;2010;
PR;4118501;73;17;2010;POINT(-52.6679561 -26.2387571)
PR;4118501;73;177;2010;
PR;4118501;73;179;2010;
PR;4118501;73;182;2010;POINT(-52.67878 -26.25915)
PR;4118501;73;189;2010;POINT(-52.6897598 -26.25108)
PR;4118501;73;199;2010;POINT(-52.702819 -26.241998)
PR;4118501;73;200;2010;
PR;4118501;73;204;2010;POINT(-52.6808096 -26.2640835)
PR;4118501;73;211;2010;POINT(-52.702819 -26.241998)
PR;4118501;73;24;2010;
PR;4118501;73;32;2010;
PR;4118501;73;41;2010;POINT(-52.6691 -26.22803)
PR;4118501;73;63;2010;POINT(-52.664244 -26.229777)
PR;4118501;73;72;2010;POINT(-52.6733025 -26.2353098)
PR;4118600;33;145;2010;POINT(-50.9385459 -26.2093675)
PR;4118600;33;7;2010;
PR;4118709;37;44;2010;
PR;4118808;74;27;2010;POINT(-52.3399592 -23.9160496)
PR;4118808;74;29;2010;POINT(-52.3399592 -23.9160496)
PR;4118808;74;32;2010;POINT(-52.3399592 -23.9160496)
PR;4118808;74;42;2010;POINT(-52.34196 -23.91879)
PR;4118808;74;92;2010;
PR;4118857;142;110;2010;POINT(-53.4090166 -23.8963224)
PR;4118857;142;113;2010;POINT(-53.4090166 -23.8963224)
PR;4118907;135;10;2010;POINT(-53.68893 -23.80473)
PR;4118907;135;19;2010;
PR;4118907;135;21;2010;
PR;4119004;107;63;2010;
PR;4119004;107;68;2010;
PR;4119004;107;76;2010;POINT(-53.75998 -25.88481)
PR;4119004;107;77;2010;
PR;4119004;107;87;2010;
PR;4119103;11;125;2010;POINT(-49.46821833 -26.08185833)
PR;4119103;11;168;2010;POINT(-49.38144833 -26.10152833)
PR;4119103;11;17;2010;POINT(-49.3819227 -26.1205374)
PR;4119103;11;172;2010;
PR;4119152;187;107;2010;POINT(-49.1550702 -25.4294647)
PR;4119152;187;113;2010;POINT(-49.16357 -25.443019)
PR;4119152;187;117;2010;POINT(-49.16357 -25.443019)
PR;4119152;187;125;2010;POINT(-49.16465 -25.44171)
PR;4119152;187;140;2010;POINT(-49.176004 -25.4312001)
PR;4119152;187;146;2010;POINT(-49.177044 -25.4273616)
PR;4119152;187;151;2010;POINT(-49.1517027 -25.4174014)
PR;4119152;187;156;2010;POINT(-49.1813306 -25.3998649)
PR;4119152;187;166;2010;POINT(-49.1550702 -25.4294647)
PR;4119152;187;167;2010;POINT(-49.17603 -25.43145)
PR;4119152;187;189;2010;POINT(-49.1801309 -25.4024596)
PR;4119152;187;75;2010;POINT(-49.1837463 -25.441967)
PR;4119152;187;84;2010;POINT(-49.17353 -25.44142)
PR;4119152;188;110;2010;
PR;4119152;188;112;2010;
PR;4119152;188;113;2010;
PR;4119152;188;120;2010;POINT(-49.1831012 -25.4567388)
PR;4119152;188;127;2010;POINT(-49.1834315 -25.4249349)
PR;4119152;188;131;2010;POINT(-49.1821221 -25.4183338)
PR;4119152;188;166;2010;
PR;4119152;188;167;2010;
PR;4119152;188;219;2010;POINT(-49.1835056 -25.4007516)
PR;4119152;188;222;2010;POINT(-49.1835056 -25.4007516)
PR;4119152;188;226;2010;POINT(-49.1928172 -25.4003273)
PR;4119152;188;228;2010;POINT(-49.1928172 -25.4003273)
PR;4119152;188;236;2010;POINT(-49.1912489 -25.3925357)
PR;4119152;188;237;2010;POINT(-49.1912489 -25.3925357)
PR;4119152;188;241;2010;POINT(-49.1854084 -25.4540872)
PR;4119152;188;313;2010;POINT(-49.1865724 -25.4620199)
PR;4119152;188;328;2010;
PR;4119152;188;349;2010;POINT(-49.1865724 -25.4620199)
PR;4119202;19;61;2010;POINT(-50.0585441 -23.7933358)
PR;4119251;83;44;2010;
PR;4119251;83;45;2010;
PR;4119301;160;110;2010;
PR;4119301;160;33;2010;
PR;4119301;160;57;2010;POINT(-51.64798 -25.6978)
PR;4119400;27;17;2010;POINT(-49.9370764 -24.5337428)
PR;4119400;27;2;2010;
PR;4119400;27;29;2010;
PR;4119400;27;42;2010;
PR;4119400;27;5;2010;
PR;4119400;27;54;2010;
PR;4119400;27;58;2010;
PR;4119509;155;139;2010;POINT(-49.10297 -25.45436)
PR;4119509;155;141;2010;POINT(-49.10297 -25.45436)
PR;4119509;155;255;2010;POINT(-49.0848805 -25.467386)
PR;4119509;155;271;2010;POINT(-49.06548 -25.44589)
PR;4119509;155;288;2010;POINT(-49.1569318 -25.4601663)
PR;4119509;155;313;2010;POINT(-49.0498384 -25.4521428)
PR;4119509;155;314;2010;POINT(-49.1270573 -25.4555301)
PR;4119509;155;325;2010;POINT(-49.1569318 -25.4601663)
PR;4119509;155;35;2010;POINT(-49.06084 -25.44277)
PR;4119509;155;372;2010;POINT(-49.055567 -25.4501119)
PR;4119509;155;377;2010;POINT(-49.10297 -25.45436)
PR;4119509;155;392;2010;POINT(-49.0928981 -25.4372454)
PR;4119509;155;399;2010;POINT(-49.12973 -25.45945)
PR;4119509;155;42;2010;POINT(-49.06107 -25.44308)
PR;4119509;155;45;2010;POINT(-49.06548 -25.44589)
PR;4119608;38;124;2010;
PR;4119608;38;137;2010;
PR;4119608;38;196;2010;
PR;4119608;38;199;2010;POINT(-51.7645351 -24.7593111)
PR;4119608;38;201;2010;POINT(-51.7623142 -24.7572628)
PR;4119608;38;206;2010;
PR;4119608;38;289;2010;
PR;4119608;38;291;2010;
PR;4119608;38;46;2010;
PR;4119608;38;60;2010;POINT(-51.7619812 -24.7613069)
PR;4119608;38;64;2010;POINT(-51.7619812 -24.7613069)
PR;4119608;38;93;2010;
PR;4119608;38;94;2010;
PR;4119608;38;95;2010;
PR;4119707;94;1;2010;POINT(-52.9213273 -23.0239813)
PR;4119806;107;103;2010;
PR;4119806;107;107;2010;
PR;4119806;107;113;2010;POINT(-53.7635007 -25.722501)
PR;4119806;107;116;2010;
PR;4119806;107;119;2010;
PR;4119806;107;154;2010;
PR;4119905;139;180;2010;
PR;4119905;139;186;2010;
PR;4119905;139;192;2010;
PR;4119905;139;200;2010;POINT(-50.2043224 -25.0947572)
PR;4119905;139;202;2010;
PR;4119905;139;212;2010;
PR;4119905;139;219;2010;
PR;4119905;139;231;2010;POINT(-50.1858013 -25.065029)
PR;4119905;139;234;2010;POINT(-50.2043224 -25.0947572)
PR;4119905;139;240;2010;POINT(-50.2043224 -25.0947572)
PR;4119905;139;256;2010;
PR;4119905;139;257;2010;POINT(-50.18542 -25.08624)
PR;4119905;139;44;2010;
PR;4119905;139;57;2010;
PR;4119905;139;65;2010;
PR;4119905;139;7;2010;
PR;4119905;139;70;2010;
PR;4119905;139;72;2010;
PR;4119905;139;94;2010;
PR;4119905;14;12;2010;
PR;4119905;14;152;2010;
PR;4119905;14;155;2010;POINT(-50.148717 -25.117147)
PR;4119905;14;157;2010;POINT(-50.15487 -25.10535)
PR;4119905;14;159;2010;POINT(-50.15968 -25.093)
PR;4119905;14;163;2010;
PR;4119905;14;17;2010;POINT(-50.15968 -25.093)
PR;4119905;14;175;2010;POINT(-50.1308624 -25.0929862)
PR;4119905;14;23;2010;
PR;4119905;14;50;2010;POINT(-50.1609252 -25.0866233)
PR;4119905;14;60;2010;POINT(-50.14629 -25.1290691)
PR;4119905;14;62;2010;POINT(-50.1468333 -25.0985923)
PR;4119905;14;63;2010;POINT(-50.1468333 -25.0985923)
PR;4119905;14;67;2010;POINT(-50.1468333 -25.0985923)
PR;4119905;14;69;2010;POINT(-50.1468333 -25.0985923)
PR;4119905;14;98;2010;POINT(-50.15487 -25.10535)
PR;4119905;15;10;2010;POINT(-50.1770553 -25.0849773)
PR;4119905;15;100;2010;
PR;4119905;15;111;2010;
PR;4119905;15;128;2010;POINT(-50.1891 -25.08261)
PR;4119905;15;3;2010;POINT(-50.1770553 -25.0849773)
PR;4119905;15;34;2010;POINT(-50.1660871 -25.1059559)
PR;4119905;15;37;2010;POINT(-50.1660871 -25.1059559)
PR;4119905;15;44;2010;POINT(-50.15973 -25.09747)
PR;4119905;15;46;2010;
PR;4119905;15;49;2010;
PR;4119905;15;70;2010;POINT(-50.1646112 -25.0943433)
PR;4119905;15;77;2010;POINT(-50.15973 -25.09747)
PR;4119905;15;80;2010;POINT(-50.1646112 -25.0943433)
PR;4119905;15;92;2010;POINT(-50.1646112 -25.0943433)
PR;4119905;15;98;2010;POINT(-50.165159 -25.091981)
PR;4119905;197;10;2010;POINT(-50.1376451 -25.0650747)
PR;4119905;197;107;2010;
PR;4119905;197;38;2010;POINT(-50.1320915 -25.0747833)
PR;4119905;197;46;2010;POINT(-50.1320915 -25.0747833)
PR;4119905;197;53;2010;POINT(-50.1284741 -25.0779244)
PR;4119905;197;55;2010;
PR;4119905;197;7;2010;
PR;4119905;197;72;2010;POINT(-50.1680293 -25.0774691)
PR;4119905;197;80;2010;
PR;4119905;197;82;2010;
PR;4119905;197;83;2010;POINT(-50.15769 -25.07616)
PR;4119905;197;92;2010;POINT(-50.1636348 -25.0697098)
PR;4119905;198;112;2010;
PR;4119905;198;116;2010;
PR;4119905;198;117;2010;
PR;4119905;198;118;2010;POINT(-50.1007457 -25.1065718)
PR;4119905;198;12;2010;POINT(-50.1162656 -25.0705902)
PR;4119905;198;17;2010;POINT(-50.0463 -25.22033)
PR;4119905;198;20;2010;
PR;4119905;198;25;2010;
PR;4119905;198;27;2010;
PR;4119905;198;41;2010;POINT(-50.1182655 -25.0921731)
PR;4119905;198;46;2010;
PR;4119905;198;55;2010;
PR;4119905;198;56;2010;
PR;4119905;198;70;2010;
PR;4119905;198;73;2010;
PR;4119905;198;99;2010;
PR;4119954;194;148;2010;POINT(-48.4212905 -25.6238291)
PR;4119954;194;153;2010;POINT(-48.3632458 -25.5716943)
PR;4119954;194;171;2010;POINT(-48.4643609 -25.6703045)
PR;4119954;194;47;2010;POINT(-48.4212905 -25.6238291)
PR;4119954;194;83;2010;POINT(-48.4212905 -25.6238291)
PR;4119954;194;94;2010;
PR;4120002;65;34;2010;POINT(-51.3802588 -22.7591582)
PR;4120002;65;40;2010;POINT(-51.3794947 -22.7563516)
PR;4120002;65;48;2010;
PR;4120002;65;72;2010;POINT(-51.3743687 -22.7578369)
PR;4120101;13;65;2010;
PR;4120101;13;69;2010;
PR;4120150;45;55;2010;POINT(-52.4089862 -25.5490655)
PR;4120150;45;7;2010;
PR;4120150;45;75;2010;
PR;4120150;45;76;2010;
PR;4120200;85;35;2010;POINT(-53.268268 -22.782812)
PR;4120200;85;36;2010;POINT(-53.268268 -22.782812)
PR;4120200;85;90;2010;
PR;4120200;85;95;2010;POINT(-53.268268 -22.782812)
PR;4120333;65;74;2010;POINT(-51.4412485 -23.0395634)
PR;4120358;83;76;2010;POINT(-53.74676 -26.01249)
PR;4120408;71;100;2010;
PR;4120408;71;79;2010;
PR;4120507;104;1;2010;POINT(-51.022942 -22.848737)
PR;4120606;30;117;2010;
PR;4120606;30;119;2010;POINT(-50.9890252 -25.2106472)
PR;4120606;30;120;2010;
PR;4120606;30;13;2010;
PR;4120606;30;143;2010;
PR;4120606;30;147;2010;
PR;4120606;30;151;2010;POINT(-50.9625792 -25.2148728)
PR;4120606;30;3;2010;
PR;4120606;30;76;2010;
PR;4120606;30;82;2010;
PR;4120655;92;60;2010;
PR;4120655;92;65;2010;
PR;4120655;92;67;2010;
PR;4120655;92;72;2010;POINT(-53.21267 -24.30564)
PR;4120705;55;33;2010;POINT(-49.9167 -23.5693)
PR;4120705;55;34;2010;POINT(-49.9167 -23.5693)
PR;4120804;195;106;2010;POINT(-49.0750865 -25.3680273)
PR;4120804;195;48;2010;POINT(-49.0750865 -25.3680273)
PR;4120804;195;51;2010;POINT(-49.0750865 -25.3680273)
PR;4120804;195;71;2010;
PR;4120853;121;52;2010;POINT(-53.9747286 -24.5765174)
PR;4120903;163;10;2010;
PR;4120903;163;102;2010;
PR;4120903;163;108;2010;
PR;4120903;163;14;2010;
PR;4120903;163;26;2010;
PR;4120903;163;40;2010;
PR;4120903;163;47;2010;
PR;4120903;163;95;2010;
PR;4121000;85;101;2010;
PR;4121000;85;103;2010;POINT(-53.48662 -23.08351)
PR;4121000;85;41;2010;POINT(-53.48662 -23.08351)
PR;4121109;116;52;2010;POINT(-52.1310292 -23.8506404)
PR;4121208;11;120;2010;
PR;4121208;11;135;2010;POINT(-49.4979046 -25.8728197)
PR;4121208;11;45;2010;
PR;4121208;11;47;2010;
PR;4121208;11;57;2010;
PR;4121208;11;59;2010;
PR;4121257;118;127;2010;
PR;4121307;84;26;2010;POINT(-50.91669 -23.06989)
PR;4121356;92;79;2010;POINT(-52.95473 -24.30607)
PR;4121406;130;38;2010;POINT(-53.534539 -25.774678)
PR;4121406;130;44;2010;POINT(-53.5337497 -25.7724203)
PR;4121406;130;55;2010;
PR;4121406;130;57;2010;
PR;4121406;130;61;2010;
PR;4121406;130;70;2010;
PR;4121505;62;24;2010;POINT(-50.58805577 -25.75169507)
PR;4121505;62;27;2010;
PR;4121505;62;73;2010;
PR;4121604;140;71;2010;POINT(-52.9701293 -26.1595717)
PR;4121604;140;99;2010;
PR;4121703;39;18;2010;
PR;4121703;39;22;2010;
PR;4121703;39;24;2010;POINT(-50.8204078 -24.4927977)
PR;4121703;39;36;2010;
PR;4121703;39;40;2010;
PR;4121703;39;65;2010;POINT(-50.95637333 -24.57335333)
PR;4121703;39;66;2010;POINT(-50.8455732 -24.655526)
PR;4121703;39;67;2010;POINT(-50.8484175 -24.6552803)
PR;4121752;160;112;2010;
PR;4121752;160;19;2010;
PR;4121752;160;71;2010;
PR;4121752;160;8;2010;
PR;4121752;160;96;2010;
PR;4121802;23;1;2010;POINT(-49.7602068 -23.2006823)
PR;4121802;23;15;2010;POINT(-49.755738 -23.2007373)
PR;4121802;23;18;2010;POINT(-49.755738 -23.2007373)
PR;4121901;82;31;2010;POINT(-50.3551 -23.40659)
PR;4121901;82;35;2010;POINT(-50.354024 -23.405755)
PR;4121901;82;38;2010;POINT(-50.354024 -23.405755)
PR;4121901;82;45;2010;POINT(-50.3545934 -23.4039539)
PR;4121901;82;56;2010;POINT(-50.354024 -23.405755)
PR;4121901;82;58;2010;POINT(-50.3545934 -23.4039539)
PR;4122008;62;30;2010;
PR;4122008;62;34;2010;
PR;4122008;62;42;2010;POINT(-50.91063566 -25.64531285)
PR;4122008;62;44;2010;POINT(-50.86039468 -25.68622962)
PR;4122008;62;47;2010;POINT(-50.68881145 -25.81274388)
PR;4122156;45;151;2010;POINT(-52.5276268 -25.4914288)
PR;4122156;45;93;2010;
PR;4122172;136;62;2010;
PR;4122206;156;103;2010;POINT(-49.3137171 -25.1907552)
PR;4122206;156;109;2010;
PR;4122206;156;120;2010;POINT(-49.3116477 -25.1839148)
PR;4122206;156;124;2010;
PR;4122206;156;153;2010;POINT(-49.0879199 -25.0536847)
PR;4122206;156;159;2010;POINT(-49.3134283 -25.1930712)
PR;4122206;156;191;2010;POINT(-49.3116477 -25.1839148)
PR;4122206;156;214;2010;
PR;4122206;156;98;2010;
PR;4122305;11;105;2010;
PR;4122305;11;150;2010;
PR;4122305;11;67;2010;POINT(-49.7994378 -26.1033859)
PR;4122305;11;68;2010;POINT(-49.7994378 -26.1033859)
PR;4122305;11;74;2010;POINT(-49.7933726 -26.1001432)
PR;4122305;11;78;2010;POINT(-49.7933726 -26.1001432)
PR;4122305;11;86;2010;POINT(-49.7786255 -26.0886312)
PR;4122404;59;1;2010;POINT(-51.3654705 -23.3115083)
PR;4122404;59;10;2010;
PR;4122404;59;112;2010;
PR;4122404;59;124;2010;
PR;4122404;59;127;2010;POINT(-51.3855794 -23.3315574)
PR;4122404;59;135;2010;POINT(-51.392652 -23.332533)
PR;4122404;59;21;2010;
PR;4122404;59;29;2010;
PR;4122404;59;42;2010;
PR;4122404;59;44;2010;POINT(-51.3897515 -23.3118667)
PR;4122404;59;72;2010;
PR;4122404;59;75;2010;
PR;4122404;59;77;2010;
PR;4122404;59;79;2010;
PR;4122404;59;87;2010;POINT(-51.3654705 -23.3115083)
PR;4122404;59;94;2010;
PR;4122503;141;128;2010;
PR;4122503;141;153;2010;
PR;4122602;127;38;2010;POINT(-52.77481 -23.41888)
PR;4122651;136;19;2010;POINT(-51.2464001 -24.2571803)
PR;4122651;136;59;2010;POINT(-51.2464001 -24.2571803)
PR;4122701;180;58;2010;POINT(-51.5512 -23.31731)
PR;4122701;180;61;2010;POINT(-51.5512 -23.31731)
PR;4122701;180;63;2010;POINT(-51.55051122 -23.31696218)
PR;4122701;180;65;2010;POINT(-51.55051122 -23.31696218)
PR;4122701;180;67;2010;POINT(-51.55051122 -23.31696218)
PR;4122909;21;11;2010;POINT(-49.6276 -23.60271)
PR;4122909;21;7;2010;POINT(-49.6276 -23.60271)
PR;4123006;162;1;2010;POINT(-53.3118198 -25.7845941)
PR;4123006;162;100;2010;POINT(-53.3039231 -25.7908777)
PR;4123006;162;36;2010;
PR;4123105;58;62;2010;
PR;4123105;58;63;2010;
PR;4123204;63;9;2010;
PR;4123303;85;64;2010;POINT(-53.2912647 -22.9630915)
PR;4123303;85;77;2010;
PR;4123402;67;78;2010;POINT(-51.8101 -23.04251)
PR;4123402;67;79;2010;POINT(-51.8101 -23.04251)
PR;4123402;67;89;2010;POINT(-51.80503 -23.03998)
PR;4123501;129;15;2010;
PR;4123501;129;2;2010;POINT(-54.3303101 -24.8591729)
PR;4123501;129;40;2010;
PR;4123501;129;42;2010;
PR;4123501;129;56;2010;POINT(-54.2510365 -24.7466946)
PR;4123501;129;6;2010;
PR;4123501;129;80;2010;
PR;4123501;129;87;2010;POINT(-54.3298782 -24.8499426)
PR;4123501;129;90;2010;POINT(-54.3359907 -24.8692682)
PR;4123709;94;14;2010;POINT(-53.1990926 -23.0005142)
PR;4123709;94;19;2010;POINT(-53.191109 -23.0057315)
PR;4123709;94;21;2010;POINT(-53.198669 -23.003332)
PR;4123709;94;26;2010;POINT(-53.2781839 -23.1326326)
PR;4123808;130;97;2010;
PR;4123824;165;34;2010;POINT(-53.56964 -25.40766)
PR;4123857;38;243;2010;
PR;4123857;38;284;2010;POINT(-51.8714534 -24.9391255)
PR;4123907;109;11;2010;
PR;4123907;109;14;2010;
PR;4123907;109;3;2010;POINT(-50.51297315 -23.14802397)
PR;4123907;109;30;2010;POINT(-50.51297315 -23.14802397)
PR;4124004;20;111;2010;
PR;4124004;20;112;2010;
PR;4124004;20;6;2010;
PR;4124020;68;368;2010;
PR;4124053;205;142;2010;POINT(-54.3974876 -25.4387205)
PR;4124053;205;162;2010;POINT(-54.4017133 -25.4507639)
PR;4124053;205;167;2010;
PR;4124053;205;173;2010;
PR;4124053;205;55;2010;POINT(-54.3974876 -25.4387205)
PR;4124053;205;62;2010;POINT(-54.403686 -25.44117)
PR;4124103;22;26;2010;POINT(-50.07799 -23.29134)
PR;4124103;22;29;2010;POINT(-50.07799 -23.29134)
PR;4124103;22;43;2010;
PR;4124103;22;60;2010;
PR;4124103;22;61;2010;
PR;4124103;22;66;2010;
PR;4124202;87;25;2010;POINT(-52.3437002 -22.734813)
PR;4124202;87;27;2010;POINT(-52.3437002 -22.734813)
PR;4124400;83;25;2010;
PR;4124400;83;3;2010;
PR;4124400;83;91;2010;
PR;4124509;95;76;2010;POINT(-51.79036 -22.69448)
PR;4124608;100;26;2010;POINT(-52.4703666 -23.3167017)
PR;4124608;100;32;2010;POINT(-52.4703666 -23.3167017)
PR;4124608;100;41;2010;POINT(-52.4703666 -23.3167017)
PR;4124806;103;79;2010;
PR;4124806;103;95;2010;
PR;4124905;87;39;2010;POINT(-52.3411566 -22.8562177)
PR;4124905;87;44;2010;POINT(-52.3411566 -22.8562177)
PR;4124905;87;57;2010;POINT(-52.3411566 -22.8562177)
PR;4124905;87;59;2010;POINT(-52.3411566 -22.8562177)
PR;4125001;132;14;2010;
PR;4125001;132;15;2010;
PR;4125001;132;17;2010;
PR;4125001;132;24;2010;
PR;4125001;132;31;2010;
PR;4125001;132;72;2010;POINT(-51.8173097 -23.9878026)
PR;4125100;52;11;2010;
PR;4125100;52;25;2010;
PR;4125100;52;26;2010;
PR;4125100;52;32;2010;
PR;4125209;115;133;2010;
PR;4125209;115;138;2010;
PR;4125209;115;152;2010;
PR;4125308;102;70;2010;POINT(-52.29316 -23.42934)
PR;4125357;123;100;2010;POINT(-53.8819929 -23.7629637)
PR;4125357;123;78;2010;
PR;4125407;20;107;2010;
PR;4125407;20;20;2010;POINT(-49.65383 -23.91769)
PR;4125407;20;21;2010;POINT(-49.65383 -23.91769)
PR;4125407;20;35;2010;
PR;4125456;129;62;2010;POINT(-54.0603025 -24.8346308)
PR;4125456;129;63;2010;POINT(-54.0603025 -24.8346308)
PR;4125506;199;130;2010;POINT(-49.1487216 -25.473076)
PR;4125506;199;131;2010;POINT(-49.148751 -25.484441)
PR;4125506;199;134;2010;POINT(-49.168356 -25.4806961)
PR;4125506;199;144;2010;
PR;4125506;199;148;2010;
PR;4125506;199;15;2010;
PR;4125506;199;155;2010;POINT(-49.1487216 -25.473076)
PR;4125506;199;159;2010;POINT(-49.1830174 -25.5017961)
PR;4125506;199;166;2010;POINT(-49.168356 -25.4806961)
PR;4125506;199;167;2010;
PR;4125506;199;170;2010;
PR;4125506;199;174;2010;POINT(-49.168356 -25.4806961)
PR;4125506;199;175;2010;
PR;4125506;199;180;2010;
PR;4125506;199;184;2010;
PR;4125506;199;191;2010;POINT(-49.1832734 -25.5126372)
PR;4125506;199;37;2010;POINT(-49.1894416 -25.5087507)
PR;4125506;199;57;2010;POINT(-49.148751 -25.484441)
PR;4125506;199;6;2010;
PR;4125506;199;68;2010;
PR;4125506;199;75;2010;
PR;4125506;199;78;2010;
PR;4125506;200;104;2010;POINT(-49.1680908 -25.6055429)
PR;4125506;200;107;2010;POINT(-49.1006432 -25.6632766)
PR;4125506;200;129;2010;POINT(-49.15452961 -25.54053155)
PR;4125506;200;131;2010;POINT(-49.18506528 -25.76005516)
PR;4125506;200;135;2010;
PR;4125506;200;143;2010;POINT(-49.16051062 -25.56379887)
PR;4125506;200;156;2010;POINT(-49.14708379 -25.70022747)
PR;4125506;200;160;2010;POINT(-49.15452961 -25.54053155)
PR;4125506;200;19;2010;POINT(-49.1904072 -25.5390409)
PR;4125506;200;30;2010;POINT(-49.16051062 -25.56379887)
PR;4125506;200;32;2010;
PR;4125506;200;4;2010;POINT(-49.2220576 -25.574751)
PR;4125506;200;42;2010;POINT(-49.1680908 -25.6055429)
PR;4125506;200;65;2010;POINT(-49.1006432 -25.6632766)
PR;4125506;200;71;2010;POINT(-49.20960554 -25.6119866)
PR;4125506;200;78;2010;POINT(-49.1787232 -25.6307622)
PR;4125506;200;83;2010;POINT(-49.2220576 -25.574751)
PR;4125506;200;92;2010;POINT(-49.1793988 -25.5460053)
PR;4125506;8;110;2010;
PR;4125506;8;117;2010;
PR;4125506;8;130;2010;
PR;4125506;8;145;2010;POINT(-49.19628493 -25.56471125)
PR;4125506;8;200;2010;POINT(-49.20871 -25.52816)
PR;4125506;8;206;2010;POINT(-49.2074632 -25.5338112)
PR;4125506;8;240;2010;POINT(-49.20848418 -25.53940396)
PR;4125506;8;256;2010;
PR;4125506;8;268;2010;POINT(-49.21988465 -25.55465105)
PR;4125506;8;270;2010;POINT(-49.2012561 -25.5225284)
PR;4125506;8;273;2010;POINT(-49.19628493 -25.56471125)
PR;4125506;8;45;2010;POINT(-49.1934156 -25.5439374)
PR;4125506;8;79;2010;POINT(-49.20690348 -25.53506263)
PR;4125506;8;82;2010;POINT(-49.20690348 -25.53506263)
PR;4125506;8;87;2010;
PR;4125506;8;88;2010;
PR;4125555;149;60;2010;POINT(-52.644938 -23.396975)
PR;4125555;149;65;2010;POINT(-52.644938 -23.396975)
PR;4125605;12;129;2010;
PR;4125605;12;14;2010;
PR;4125605;12;31;2010;
PR;4125605;12;38;2010;
PR;4125605;12;42;2010;
PR;4125605;12;43;2010;
PR;4125605;12;44;2010;
PR;4125605;12;58;2010;
PR;4125605;12;61;2010;
PR;4125605;12;7;2010;
PR;4125605;12;71;2010;
PR;4125605;12;72;2010;
PR;4125605;12;9;2010;
PR;4125605;12;91;2010;
PR;4125704;122;15;2010;
PR;4125704;122;57;2010;POINT(-54.2293282 -25.24285866)
PR;4125704;122;67;2010;POINT(-54.23653427 -25.34816685)
PR;4125704;122;72;2010;
PR;4125704;122;83;2010;POINT(-54.2433674 -25.342246)
PR;4125753;148;40;2010;POINT(-53.7777753 -24.95151)
PR;4125803;70;103;2010;POINT(-51.8594551 -23.8694693)
PR;4125803;70;105;2010;
PR;4125803;70;87;2010;POINT(-51.85947 -23.86908)
PR;4125803;70;94;2010;POINT(-51.85947 -23.86908)
PR;4126009;35;63;2010;POINT(-50.7633049 -23.466135)
PR;4126009;35;66;2010;POINT(-50.758852 -23.462834)
PR;4126207;119;26;2010;POINT(-50.5757959 -23.907634)
PR;4126207;119;61;2010;
PR;4126207;119;82;2010;
PR;4126256;206;118;2010;
PR;4126256;206;129;2010;
PR;4126256;206;131;2010;POINT(-51.8788339 -23.4288621)
PR;4126256;206;135;2010;POINT(-51.8796297 -23.4482716)
PR;4126256;206;146;2010;
PR;4126256;206;154;2010;POINT(-51.87887 -23.42835)
PR;4126256;206;20;2010;
PR;4126256;206;21;2010;
PR;4126256;206;25;2010;
PR;4126256;206;31;2010;POINT(-51.86988 -23.44737)
PR;4126256;206;32;2010;POINT(-51.86988 -23.44737)
PR;4126256;206;42;2010;POINT(-51.8704513 -23.4385224)
PR;4126256;206;62;2010;POINT(-51.87887 -23.42835)
PR;4126256;206;72;2010;
PR;4126256;206;76;2010;POINT(-51.8767053 -23.439473)
PR;4126256;206;82;2010;POINT(-51.8672689 -23.4393366)
PR;4126256;206;87;2010;POINT(-51.8749598 -23.4202479)
PR;4126256;206;92;2010;POINT(-51.8788339 -23.4288621)
PR;4126256;206;93;2010;POINT(-51.87431 -23.44315)
PR;4126272;103;44;2010;
PR;4126306;54;20;2010;
PR;4126306;54;32;2010;POINT(-49.472138 -24.1152749)
PR;4126306;54;36;2010;
PR;4126306;54;37;2010;
PR;4126306;54;9;2010;POINT(-49.472138 -24.1152749)
PR;4126355;114;135;2010;POINT(-54.041412 -25.410193)
PR;4126355;114;66;2010;POINT(-54.041412 -25.410193)
PR;4126355;114;69;2010;POINT(-54.0538221 -25.3814737)
PR;4126405;26;101;2010;
PR;4126504;40;31;2010;POINT(-51.0303213 -23.0515016)
PR;4126603;21;19;2010;POINT(-49.8217916 -23.6837174)
PR;4126603;21;23;2010;POINT(-49.8313411 -23.688788)
PR;4126603;21;39;2010;
PR;4126603;21;49;2010;
PR;4126603;21;50;2010;POINT(-49.8313411 -23.688788)
PR;4126603;21;53;2010;
PR;4126678;146;111;2010;POINT(-51.0985097 -23.7242485)
PR;4126678;146;118;2010;
PR;4126678;146;120;2010;
PR;4126678;146;171;2010;POINT(-51.0985097 -23.7242485)
PR;4126678;146;172;2010;POINT(-51.0985097 -23.7242485)
PR;4126702;138;75;2010;
PR;4126801;86;151;2010;POINT(-52.8594796 -23.7289184)
PR;4126801;86;167;2010;POINT(-52.8671715 -23.7363774)
PR;4126801;86;170;2010;POINT(-52.8699132 -23.7361966)
PR;4126801;86;175;2010;POINT(-52.8699132 -23.7361966)
PR;4126801;86;176;2010;POINT(-52.8699132 -23.7361966)
PR;4126900;127;67;2010;
PR;4127007;53;34;2010;
PR;4127007;53;35;2010;POINT(-50.4598523 -25.3711985)
PR;4127007;53;41;2010;
PR;4127106;111;110;2010;POINT(-50.6381437 -24.3222299)
PR;4127106;111;114;2010;POINT(-50.6381437 -24.3222299)
PR;4127106;111;156;2010;POINT(-50.6385803 -24.330699)
PR;4127106;111;157;2010;
PR;4127106;111;162;2010;POINT(-50.6218323 -24.3312805)
PR;4127106;111;165;2010;POINT(-50.6218323 -24.3312805)
PR;4127106;111;171;2010;
PR;4127106;111;174;2010;
PR;4127106;111;175;2010;
PR;4127106;111;196;2010;POINT(-50.6381437 -24.3222299)
PR;4127106;111;223;2010;
PR;4127106;111;224;2010;POINT(-50.6376553 -24.3225348)
PR;4127106;111;226;2010;POINT(-50.6310694 -24.325176)
PR;4127106;111;240;2010;
PR;4127106;111;245;2010;POINT(-50.6381437 -24.3222299)
PR;4127106;111;69;2010;POINT(-50.620094 -24.32782)
PR;4127106;111;70;2010;POINT(-50.620094 -24.32782)
PR;4127106;111;86;2010;POINT(-50.6175277 -24.3274052)
PR;4127106;111;94;2010;
PR;4127205;173;1;2010;POINT(-52.4531028 -23.7747675)
PR;4127205;173;37;2010;POINT(-52.4597026 -23.7672381)
PR;4127304;105;1;2010;POINT(-52.6229552 -22.7235407)
PR;4127304;105;2;2010;POINT(-52.6229552 -22.7235407)
PR;4127403;125;18;2010;
PR;4127403;125;33;2010;POINT(-54.0988429 -24.1661371)
PR;4127403;125;59;2010;
PR;4127403;125;6;2010;POINT(-54.100764 -24.1674241)
PR;4127403;125;74;2010;
PR;4127502;17;27;2010;POINT(-50.4120117 -24.5116872)
PR;4127502;17;34;2010;POINT(-50.4157484 -24.5118122)
PR;4127502;17;5;2010;
PR;4127601;199;104;2010;
PR;4127700;148;106;2010;POINT(-53.7331039 -24.759962)
PR;4127700;148;114;2010;POINT(-53.748211 -24.764182)
PR;4127700;148;115;2010;POINT(-53.748211 -24.764182)
PR;4127700;148;20;2010;POINT(-53.8505572 -24.7142609)
PR;4127700;148;4;2010;
PR;4127700;148;52;2010;
PR;4127700;148;9;2010;
PR;4127700;148;96;2010;POINT(-53.7331039 -24.759962)
PR;4127700;201;1;2010;
PR;4127700;201;104;2010;POINT(-53.7186713 -24.7495577)
PR;4127700;201;18;2010;
PR;4127700;201;26;2010;
PR;4127700;201;29;2010;
PR;4127700;201;32;2010;
PR;4127700;201;33;2010;
PR;4127700;201;54;2010;
PR;4127700;201;61;2010;
PR;4127700;201;63;2010;
PR;4127700;201;64;2010;
PR;4127700;201;69;2010;
PR;4127700;201;76;2010;POINT(-53.7257769 -24.7346009)
PR;4127700;201;90;2010;POINT(-53.7186713 -24.7495577)
PR;4127700;201;99;2010;
PR;4127700;75;148;2010;POINT(-53.747889 -24.708584)
PR;4127700;75;161;2010;POINT(-53.747889 -24.708584)
PR;4127700;75;25;2010;
PR;4127700;75;28;2010;POINT(-53.7412373 -24.736052)
PR;4127700;75;35;2010;POINT(-53.7404172 -24.7168446)
PR;4127700;75;51;2010;POINT(-53.7413695 -24.721686)
PR;4127700;75;61;2010;
PR;4127809;19;28;2010;POINT(-49.951336 -23.777329)
PR;4127809;19;32;2010;POINT(-49.95825 -23.77893)
PR;4127809;19;35;2010;POINT(-49.95825 -23.77893)
PR;4127809;19;56;2010;POINT(-49.95825 -23.77893)
PR;4127858;166;46;2010;
PR;4127858;166;67;2010;
PR;4127858;166;72;2010;POINT(-53.1897284 -25.4211918)
PR;4127858;166;75;2010;
PR;4127858;166;95;2010;
PR;4127882;48;46;2010;
PR;4127908;86;184;2010;POINT(-52.8800028 -23.8719894)
PR;4127908;86;188;2010;POINT(-52.8800028 -23.8719894)
PR;4127908;86;189;2010;POINT(-52.8800028 -23.8719894)
PR;4127908;86;194;2010;POINT(-52.8800028 -23.8719894)
PR;4127908;86;198;2010;
PR;4127957;113;85;2010;POINT(-53.5092299 -24.5866179)
PR;4127957;113;99;2010;POINT(-53.51796 -24.58611)
PR;4127965;44;130;2010;
PR;4127965;44;134;2010;POINT(-51.5387736 -25.038649)
PR;4127965;44;336;2010;POINT(-51.5387736 -25.038649)
PR;4128005;98;66;2010;POINT(-52.99609 -24.5402)
PR;4128005;98;69;2010;POINT(-52.9881873 -24.5452149)
PR;4128005;98;80;2010;
PR;4128005;98;87;2010;
PR;4128104;202;21;2010;POINT(-53.3022579 -23.7649963)
PR;4128104;202;31;2010;POINT(-53.30018 -23.76726)
PR;4128104;202;44;2010;
PR;4128104;202;56;2010;POINT(-53.301389 -23.756703)
PR;4128104;202;68;2010;POINT(-53.465746 -23.529341)
PR;4128104;202;75;2010;POINT(-53.3853244 -23.6158526)
PR;4128104;202;77;2010;POINT(-53.3853244 -23.6158526)
PR;4128104;202;83;2010;POINT(-53.3099866 -23.7289648)
PR;4128104;202;93;2010;
PR;4128104;202;98;2010;POINT(-53.3099866 -23.7289648)
PR;4128104;89;186;2010;
PR;4128104;89;197;2010;POINT(-53.3136544 -23.759333)
PR;4128104;89;218;2010;POINT(-53.3267515 -23.7766007)
PR;4128104;89;29;2010;POINT(-53.3060583 -23.759775)
PR;4128104;89;62;2010;POINT(-53.3267515 -23.7766007)
PR;4128104;89;75;2010;
PR;4128104;89;79;2010;
PR;4128104;89;84;2010;
PR;4128104;89;95;2010;
PR;4128203;33;131;2010;POINT(-51.0604939 -26.2133771)
PR;4128203;33;148;2010;POINT(-51.09961 -26.25822833)
PR;4128203;33;158;2010;POINT(-51.1198593 -26.2440276)
PR;4128203;33;37;2010;
PR;4128203;33;40;2010;
PR;4128203;33;44;2010;POINT(-51.0937638 -26.2317097)
PR;4128203;33;48;2010;POINT(-51.09406 -26.220925)
PR;4128203;33;50;2010;POINT(-51.0889609 -26.207004)
PR;4128203;33;54;2010;
PR;4128203;33;78;2010;POINT(-51.0687516 -26.232017)
PR;4128203;33;83;2010;POINT(-51.0687516 -26.232017)
PR;4128203;33;84;2010;POINT(-51.0687516 -26.232017)
PR;4128203;33;86;2010;POINT(-51.0687516 -26.232017)
PR;4128203;33;87;2010;POINT(-51.0687516 -26.232017)
PR;4128302;71;86;2010;POINT(-52.155649 -23.0828181)
PR;4128401;84;38;2010;POINT(-50.7937049 -23.1953988)
PR;4128401;84;39;2010;POINT(-50.7937049 -23.1953988)
PR;4128401;84;40;2010;POINT(-50.7937049 -23.1953988)
PR;4128401;84;41;2010;POINT(-50.79083 -23.19439)
PR;4128401;84;49;2010;
PR;4128401;84;50;2010;
PR;4128500;20;116;2010;
PR;4128500;20;43;2010;
PR;4128500;20;53;2010;POINT(-49.8031601 -23.8781154)
PR;4128500;20;58;2010;POINT(-49.81001 -23.8799)
PR;4128500;20;73;2010;POINT(-49.8031601 -23.8781154)
PR;4128559;118;103;2010;
PR;4128609;115;159;2010;
PR;4128609;115;189;2010;
PR;4128625;172;36;2010;POINT(-53.73101975 -23.50895304)
PR;4128633;7;40;2010;POINT(-49.42278 -24.56996)
PR;4128658;203;197;2010;POINT(-52.2048981 -25.3790076)
PR;4128708;151;65;2010;
PR;4128708;151;69;2010;
PR;4128807;117;25;2010;POINT(-53.48826089 -23.73408354)
PR;4100400;171;1;2008;
PR;4100400;171;121;2008;
PR;4100400;171;124;2008;
PR;4100400;171;131;2008;
PR;4100400;171;137;2008;
PR;4100400;171;142;2008;
PR;4100400;171;145;2008;
PR;4100400;171;183;2008;
PR;4100400;171;185;2008;
PR;4100400;171;202;2008;POINT(-49.27352 -25.32614)
PR;4100400;171;212;2008;
PR;4100400;171;37;2008;
PR;4100400;171;40;2008;
PR;4100400;171;51;2008;
PR;4100400;171;54;2008;
PR;4100400;171;55;2008;
PR;4100400;171;9;2008;
PR;4100400;171;90;2008;
PR;4100400;171;96;2008;
PR;4100509;123;1;2008;
PR;4100509;123;33;2008;POINT(-53.8061516 -23.8375641)
PR;4100509;123;37;2008;
PR;4100509;123;50;2008;
PR;4100509;123;55;2008;
PR;4100509;123;57;2008;
PR;4100509;123;66;2008;
PR;4100509;123;68;2008;
PR;4100509;123;7;2008;
PR;4100509;123;71;2008;
PR;4100608;87;23;2008;POINT(-52.3230737 -23.1304308)
PR;4100608;87;25;2008;
PR;4100608;87;27;2008;
PR;4100608;87;29;2008;
PR;4100608;87;32;2008;
PR;4100608;87;36;2008;
PR;4100608;87;45;2008;POINT(-52.3230737 -23.1304308)
PR;4100608;87;48;2008;POINT(-52.3230737 -23.1304308)
PR;4100608;87;8;2008;POINT(-52.3172433 -23.1326688)
PR;4100707;128;15;2008;
PR;4100707;128;2;2008;
PR;4100707;128;31;2008;POINT(-53.4418588 -24.0247103)
PR;4100707;128;41;2008;
PR;4100707;128;6;2008;
PR;4101101;57;14;2008;
PR;4101101;57;15;2008;
PR;4101101;57;19;2008;
PR;4101101;57;22;2008;POINT(-50.266723 -22.966286)
PR;4101101;57;27;2008;POINT(-50.22992 -23.04524)
PR;4101101;57;3;2008;POINT(-50.2257885 -23.0508747)
PR;4101101;57;46;2008;
PR;4101101;57;48;2008;
PR;4101101;57;51;2008;
PR;4101101;57;56;2008;
PR;4101101;57;60;2008;
PR;4101101;57;61;2008;
PR;4101101;57;68;2008;
PR;4101101;57;7;2008;POINT(-50.2257885 -23.0508747)
PR;4101101;57;71;2008;POINT(-50.22992 -23.04524)
PR;4101101;57;9;2008;POINT(-50.2257885 -23.0508747)
PR;4101200;6;20;2008;POINT(-48.71645 -25.43045)
PR;4101200;6;30;2008;POINT(-48.7184138 -25.4302614)
PR;4101200;6;4;2008;
PR;4101200;6;54;2008;
PR;4101200;6;68;2008;POINT(-48.71645 -25.43045)
PR;4101200;6;73;2008;POINT(-48.71645 -25.43045)
PR;4101408;150;15;2008;
PR;4101408;150;20;2008;
PR;4101408;150;37;2008;
PR;4101408;150;55;2008;
PR;4101408;179;106;2008;POINT(-51.4448381 -23.5384651)
PR;4101408;179;11;2008;
PR;4101408;179;110;2008;
PR;4101408;179;16;2008;POINT(-51.4482 -23.56136)
PR;4101408;179;2;2008;
PR;4101408;179;24;2008;
PR;4101408;179;35;2008;POINT(-51.45021 -23.554811)
PR;4101408;179;38;2008;POINT(-51.45021 -23.554811)
PR;4101408;179;66;2008;POINT(-51.4588 -23.52752)
PR;4101408;179;69;2008;POINT(-51.4588 -23.52752)
PR;4101408;179;76;2008;
PR;4101408;179;77;2008;
PR;4101408;179;86;2008;
PR;4101408;179;87;2008;
PR;4101408;179;89;2008;POINT(-51.45335 -23.53779)
PR;4101408;28;1;2008;
PR;4101408;28;107;2008;POINT(-51.46074 -23.55837)
PR;4101408;28;114;2008;POINT(-51.46074 -23.55837)
PR;4101408;28;117;2008;POINT(-51.46074 -23.55837)
PR;4101408;28;166;2008;
PR;4101408;28;4;2008;
PR;4101408;28;45;2008;POINT(-51.4679999 -23.5539422)
PR;4101408;28;48;2008;POINT(-51.4679999 -23.5539422)
PR;4101408;28;53;2008;POINT(-51.46809 -23.55576)
PR;4101408;28;54;2008;POINT(-51.46809 -23.55576)
PR;4101408;28;7;2008;
PR;4101408;28;8;2008;
PR;4101507;180;102;2008;POINT(-51.4515989 -23.40884729)
PR;4101507;180;14;2008;POINT(-51.42969984 -23.4202779)
PR;4101507;180;28;2008;POINT(-51.433881 -23.414043)
PR;4101507;180;36;2008;POINT(-51.4449132 -23.4099334)
PR;4101507;180;40;2008;POINT(-51.4449132 -23.4099334)
PR;4101507;180;54;2008;
PR;4101507;180;61;2008;
PR;4101507;180;66;2008;
PR;4101507;180;78;2008;POINT(-51.4515989 -23.40884729)
PR;4101507;180;88;2008;POINT(-51.4449132 -23.4099334)
PR;4101507;180;89;2008;POINT(-51.4508411 -23.4059844)
PR;4101507;180;9;2008;POINT(-51.42969984 -23.4202779)
PR;4101507;180;98;2008;POINT(-51.463879 -23.377865)
PR;4101507;61;1;2008;POINT(-51.4403566 -23.4031157)
PR;4101507;61;10;2008;POINT(-51.4252322 -23.41816415)
PR;4101507;61;12;2008;POINT(-51.4469108 -23.3906324)
PR;4101507;61;127;2008;POINT(-51.4334774 -23.4102942)
PR;4101507;61;129;2008;POINT(-51.4334774 -23.4102942)
PR;4101507;61;137;2008;POINT(-51.4295637 -23.3988738)
PR;4101507;61;15;2008;POINT(-51.4192279 -23.3940309)
PR;4101507;61;171;2008;POINT(-51.4295637 -23.3988738)
PR;4101507;61;180;2008;POINT(-51.4192279 -23.3940309)
PR;4101507;61;181;2008;POINT(-51.4295637 -23.3988738)
PR;4101507;61;53;2008;POINT(-51.4365801 -23.4049604)
PR;4101507;61;58;2008;POINT(-51.4365801 -23.4049604)
PR;4101507;61;63;2008;POINT(-51.4403566 -23.4031157)
PR;4101507;61;69;2008;POINT(-51.430453 -23.3969164)
PR;4101507;61;71;2008;POINT(-51.430453 -23.3969164)
PR;4101507;61;82;2008;POINT(-51.427014 -23.412366)
PR;4101507;61;86;2008;POINT(-51.427014 -23.412366)
PR;4101606;164;27;2008;
PR;4101606;164;36;2008;POINT(-49.81804313 -24.13792885)
PR;4101606;164;39;2008;POINT(-49.818468 -24.143593)
PR;4101804;50;101;2008;
PR;4101804;50;102;2008;
PR;4101804;50;11;2008;POINT(-49.402885 -25.595519)
PR;4101804;50;13;2008;POINT(-49.3991528 -25.5893685)
PR;4101804;50;134;2008;POINT(-49.3991528 -25.5893685)
PR;4101804;50;153;2008;POINT(-49.406626 -25.576786)
PR;4101804;50;170;2008;POINT(-49.3717374 -25.6034202)
PR;4101804;50;178;2008;POINT(-49.3717374 -25.6034202)
PR;4101804;50;183;2008;POINT(-49.387599 -25.603661)
PR;4101804;50;185;2008;POINT(-49.3867079 -25.6102258)
PR;4101804;50;187;2008;POINT(-49.3717374 -25.6034202)
PR;4101804;50;189;2008;POINT(-49.3991528 -25.5893685)
PR;4101804;50;198;2008;POINT(-49.401025 -25.555127)
PR;4101804;50;199;2008;POINT(-49.3847811 -25.5544961)
PR;4101804;50;200;2008;POINT(-49.388493 -25.558714)
PR;4101804;50;215;2008;POINT(-49.3894189 -25.565587)
PR;4101804;50;217;2008;POINT(-49.3847811 -25.5544961)
PR;4101804;50;219;2008;POINT(-49.3812003 -25.5428256)
PR;4101804;50;36;2008;POINT(-49.406626 -25.576786)
PR;4101804;50;41;2008;POINT(-49.406626 -25.576786)
PR;4101804;50;47;2008;POINT(-49.39207 -25.57457)
PR;4101804;50;5;2008;
PR;4101804;50;55;2008;
PR;4101804;50;61;2008;POINT(-49.354949 -25.5480866)
PR;4101804;50;7;2008;
PR;4101804;50;78;2008;
PR;4101804;50;9;2008;POINT(-49.402885 -25.595519)
PR;4101804;50;92;2008;POINT(-49.406626 -25.576786)
PR;4101903;35;22;2008;
PR;4101903;35;3;2008;
PR;4102000;113;114;2008;POINT(-53.51102 -24.40391)
PR;4102000;113;116;2008;
PR;4102000;113;23;2008;
PR;4102000;113;27;2008;POINT(-53.51102 -24.40391)
PR;4102000;113;37;2008;
PR;4102000;113;47;2008;POINT(-53.5146785 -24.3861964)
PR;4102000;113;51;2008;POINT(-53.61574 -24.61391)
PR;4102000;113;54;2008;POINT(-53.61574 -24.61391)
PR;4102000;113;77;2008;
PR;4102000;113;79;2008;
PR;4102109;67;108;2008;
PR;4102109;67;15;2008;
PR;4102109;67;20;2008;
PR;4102109;67;23;2008;POINT(-51.6599544 -23.2387115)
PR;4102109;67;31;2008;POINT(-51.6742729 -23.2379145)
PR;4102109;67;82;2008;
PR;4102406;58;21;2008;
PR;4102406;58;3;2008;POINT(-50.3700816 -23.1059023)
PR;4102406;58;43;2008;POINT(-50.3683378 -23.1117591)
PR;4102406;58;55;2008;
PR;4102406;58;57;2008;
PR;4102406;58;73;2008;POINT(-50.3700816 -23.1059023)
PR;4102406;58;77;2008;
PR;4102406;58;94;2008;POINT(-50.3726509 -23.1227553)
PR;4102406;58;98;2008;
PR;4102505;133;1;2008;POINT(-52.011932 -24.02401)
PR;4102505;133;11;2008;POINT(-52.0056503 -24.0291864)
PR;4102505;133;14;2008;POINT(-52.0056503 -24.0291864)
PR;4102505;133;16;2008;POINT(-52.01283 -24.03147)
PR;4102505;133;18;2008;POINT(-52.01283 -24.03147)
PR;4102505;133;2;2008;POINT(-52.011932 -24.02401)
PR;4102505;133;23;2008;POINT(-52.01283 -24.03147)
PR;4102505;133;24;2008;POINT(-52.01283 -24.03147)
PR;4102505;133;5;2008;POINT(-52.011932 -24.02401)
PR;4102505;133;52;2008;
PR;4102505;133;8;2008;POINT(-52.0056503 -24.0291864)
PR;4102604;131;1;2008;
PR;4102604;131;100;2008;POINT(-53.50509 -26.22922)
PR;4102604;131;118;2008;
PR;4102604;131;13;2008;POINT(-53.45110731 -26.23467286)
PR;4102604;131;20;2008;
PR;4102604;131;24;2008;
PR;4102604;131;31;2008;
PR;4102604;131;38;2008;
PR;4102604;131;40;2008;
PR;4102604;131;44;2008;
PR;4102604;131;55;2008;
PR;4102604;131;85;2008;
PR;4102604;131;96;2008;
PR;4102802;77;14;2008;
PR;4102802;77;30;2008;POINT(-51.1901531 -22.9992144)
PR;4102802;77;37;2008;POINT(-51.1901531 -22.9992144)
PR;4102802;77;42;2008;POINT(-51.1901531 -22.9992144)
PR;4102802;77;44;2008;POINT(-51.1901531 -22.9992144)
PR;4102802;77;55;2008;
PR;4102802;77;9;2008;
PR;4103107;48;11;2008;
PR;4103107;48;16;2008;
PR;4103107;48;52;2008;POINT(-49.11548 -25.2068)
PR;4103107;48;57;2008;POINT(-49.11548 -25.2068)
PR;4103602;25;1;2008;POINT(-50.0755524 -23.04307)
PR;4103602;25;22;2008;POINT(-50.06658452 -23.04918501)
PR;4103602;25;37;2008;
PR;4103602;25;38;2008;
PR;4103701;181;1;2008;
PR;4103701;181;104;2008;
PR;4103701;181;106;2008;POINT(-51.270985 -23.2761232)
PR;4103701;181;12;2008;POINT(-51.21624 -23.3069)
PR;4103701;181;21;2008;POINT(-51.21881 -23.31163)
PR;4103701;181;38;2008;POINT(-51.24368 -23.29029)
PR;4103701;181;41;2008;POINT(-51.24368 -23.29029)
PR;4103701;181;45;2008;
PR;4103701;181;66;2008;POINT(-51.21624 -23.3069)
PR;4103701;181;86;2008;POINT(-51.2232789 -23.3119286)
PR;4103701;181;97;2008;POINT(-51.21624 -23.3069)
PR;4103701;78;1;2008;POINT(-51.27831949 -23.27740568)
PR;4103701;78;128;2008;POINT(-51.2616322 -23.27814751)
PR;4103701;78;133;2008;
PR;4103701;78;136;2008;POINT(-51.26763 -23.28274)
PR;4103701;78;140;2008;POINT(-51.26763 -23.28274)
PR;4103701;78;2;2008;POINT(-51.27831949 -23.27740568)
PR;4103701;78;24;2008;POINT(-51.2845818 -23.2749217)
PR;4103701;78;35;2008;
PR;4103701;78;39;2008;
PR;4103701;78;62;2008;
PR;4103909;169;13;2008;POINT(-52.79896 -24.5909)
PR;4103909;169;14;2008;POINT(-52.79896 -24.5909)
PR;4103909;169;17;2008;POINT(-52.79896 -24.5909)
PR;4103909;169;23;2008;POINT(-52.8063221 -24.5915864)
PR;4103909;169;24;2008;POINT(-52.8063221 -24.5915864)
PR;4103909;169;3;2008;POINT(-52.79896 -24.5909)
PR;4103909;169;30;2008;POINT(-52.8063221 -24.5915864)
PR;4103909;169;37;2008;POINT(-52.79999 -24.59392)
PR;4103909;169;5;2008;POINT(-52.79896 -24.5909)
PR;4103909;169;9;2008;POINT(-52.79896 -24.5909)
PR;4103909;169;99;2008;POINT(-52.79896 -24.5909)
PR;4104006;195;10;2008;POINT(-49.05418 -25.30411)
PR;4104006;195;102;2008;
PR;4104006;195;111;2008;POINT(-49.05418 -25.30411)
PR;4104006;195;14;2008;
PR;4104006;195;15;2008;
PR;4104006;195;16;2008;
PR;4104006;195;2;2008;POINT(-49.0530493 -25.3061008)
PR;4104006;195;33;2008;
PR;4104006;195;41;2008;
PR;4104006;195;51;2008;
PR;4104006;195;54;2008;
PR;4104006;195;59;2008;
PR;4104006;195;79;2008;
PR;4104006;195;8;2008;POINT(-49.0530493 -25.3061008)
PR;4104204;182;104;2008;
PR;4104204;182;112;2008;
PR;4104204;182;116;2008;
PR;4104204;182;117;2008;
PR;4104204;182;18;2008;
PR;4104204;182;4;2008;
PR;4104204;182;59;2008;POINT(-49.50763 -25.35639)
PR;4104204;182;60;2008;
PR;4104204;182;61;2008;
PR;4104204;182;94;2008;POINT(-49.3890007 -25.4550974)
PR;4104204;9;177;2008;
PR;4104204;9;178;2008;POINT(-49.5655134 -25.4545031)
PR;4104204;9;19;2008;
PR;4104204;9;190;2008;
PR;4104204;9;205;2008;
PR;4104204;9;217;2008;POINT(-49.5655134 -25.4545031)
PR;4104204;9;25;2008;POINT(-49.52982 -25.45953)
PR;4104204;9;36;2008;POINT(-49.52982 -25.45953)
PR;4104204;9;46;2008;
PR;4104204;9;47;2008;POINT(-49.531512 -25.467133)
PR;4104204;9;56;2008;
PR;4104204;9;57;2008;
PR;4104204;9;62;2008;
PR;4104204;9;87;2008;POINT(-49.5624751 -25.4690617)
PR;4104204;9;90;2008;
PR;4104204;9;94;2008;POINT(-49.5624751 -25.4690617)
PR;4104303;183;104;2008;
PR;4104303;183;138;2008;POINT(-52.3511833 -24.0073446)
PR;4104303;183;26;2008;POINT(-52.3904921 -24.0369771)
PR;4104303;183;33;2008;POINT(-52.403388 -24.049387)
PR;4104303;183;58;2008;
PR;4104303;183;73;2008;POINT(-52.4088655 -24.0508891)
PR;4104303;183;8;2008;POINT(-52.41931 -24.05539)
PR;4104303;183;85;2008;POINT(-52.403388 -24.049387)
PR;4104303;183;94;2008;
PR;4104303;183;96;2008;
PR;4104303;183;98;2008;
PR;4104303;31;1;2008;
PR;4104303;31;12;2008;
PR;4104303;31;125;2008;POINT(-52.37406 -24.03228)
PR;4104303;31;132;2008;
PR;4104303;31;18;2008;
PR;4104303;31;22;2008;
PR;4104303;31;24;2008;
PR;4104303;31;31;2008;POINT(-52.3703839 -24.0327293)
PR;4104303;31;32;2008;POINT(-52.3703839 -24.0327293)
PR;4104303;31;33;2008;POINT(-52.3703839 -24.0327293)
PR;4104303;31;5;2008;
PR;4104303;31;93;2008;
PR;4104402;106;10;2008;
PR;4104402;106;12;2008;
PR;4104402;106;20;2008;
PR;4104402;106;23;2008;
PR;4104402;106;24;2008;
PR;4104402;106;26;2008;
PR;4104402;106;29;2008;
PR;4104402;106;42;2008;POINT(-51.13937 -24.83327)
PR;4104402;106;44;2008;
PR;4104402;106;48;2008;
PR;4104402;106;55;2008;POINT(-51.35751 -24.72595)
PR;4104402;106;63;2008;
PR;4104451;203;142;2008;
PR;4104451;203;144;2008;
PR;4104451;203;156;2008;POINT(-52.12536 -25.37364)
PR;4104451;203;159;2008;POINT(-52.12536 -25.37364)
PR;4104451;203;164;2008;
PR;4104451;203;188;2008;
PR;4104451;203;189;2008;
PR;4104451;203;194;2008;
PR;4104501;107;103;2008;
PR;4104501;107;115;2008;
PR;4104501;107;129;2008;
PR;4104501;107;138;2008;
PR;4104501;107;17;2008;POINT(-53.8088688 -25.6717162)
PR;4104501;107;29;2008;
PR;4104501;107;32;2008;
PR;4104501;107;87;2008;
PR;4104600;165;14;2008;
PR;4104600;165;22;2008;
PR;4104600;165;4;2008;POINT(-53.61079 -25.48065)
PR;4104600;165;44;2008;
PR;4104600;165;52;2008;
PR;4104600;165;6;2008;POINT(-53.61079 -25.48065)
PR;4104600;165;7;2008;POINT(-53.61079 -25.48065)
PR;4104709;56;10;2008;
PR;4104709;56;18;2008;
PR;4104709;56;22;2008;
PR;4104709;56;8;2008;POINT(-49.72065 -23.4263)
PR;4104808;143;127;2008;POINT(-53.4636832 -24.9601027)
PR;4104808;143;129;2008;POINT(-53.4636832 -24.9601027)
PR;4104808;143;133;2008;POINT(-53.4636832 -24.9601027)
PR;4104808;143;155;2008;
PR;4104808;143;160;2008;
PR;4104808;143;168;2008;
PR;4104808;143;171;2008;
PR;4104808;143;177;2008;
PR;4104808;143;199;2008;
PR;4104808;143;277;2008;
PR;4104808;143;290;2008;POINT(-53.47374 -24.97266)
PR;4104808;143;304;2008;
PR;4104808;143;314;2008;
PR;4104808;143;86;2008;POINT(-53.45907 -24.95752)
PR;4104808;184;108;2008;POINT(-53.4490919 -24.9880535)
PR;4104808;184;11;2008;
PR;4104808;184;115;2008;
PR;4104808;184;117;2008;POINT(-53.4366162 -24.9536458)
PR;4104808;184;119;2008;
PR;4104808;184;126;2008;
PR;4104808;184;127;2008;
PR;4104808;184;130;2008;
PR;4104808;184;136;2008;POINT(-53.40823 -24.9532029)
PR;4104808;184;142;2008;POINT(-53.43934 -24.92884)
PR;4104808;184;145;2008;
PR;4104808;184;147;2008;
PR;4104808;184;21;2008;
PR;4104808;184;4;2008;POINT(-53.4036535 -24.9367031)
PR;4104808;184;43;2008;POINT(-53.4137242 -24.9697976)
PR;4104808;184;50;2008;POINT(-53.4209518 -24.9698963)
PR;4104808;184;60;2008;
PR;4104808;184;63;2008;
PR;4104808;184;76;2008;POINT(-53.4490919 -24.9880535)
PR;4104808;184;83;2008;POINT(-53.4507473 -24.9570014)
PR;4104808;185;106;2008;
PR;4104808;185;108;2008;POINT(-53.42493 -24.93028)
PR;4104808;185;13;2008;
PR;4104808;185;20;2008;
PR;4104808;185;23;2008;
PR;4104808;185;39;2008;
PR;4104808;185;40;2008;
PR;4104808;185;45;2008;
PR;4104808;185;46;2008;POINT(-53.44632 -24.94684)
PR;4104808;185;47;2008;POINT(-53.44632 -24.94684)
PR;4104808;185;50;2008;POINT(-53.44632 -24.94684)
PR;4104808;185;70;2008;
PR;4104808;185;74;2008;POINT(-53.42493 -24.93028)
PR;4104808;185;81;2008;
PR;4104808;185;9;2008;
PR;4104808;185;90;2008;POINT(-53.44632 -24.94684)
PR;4104808;68;101;2008;POINT(-53.4830682 -24.9638055)
PR;4104808;68;108;2008;
PR;4104808;68;27;2008;
PR;4104808;68;274;2008;
PR;4104808;68;308;2008;
PR;4104808;68;309;2008;
PR;4104808;68;324;2008;POINT(-53.4833109 -24.9466555)
PR;4104808;68;34;2008;
PR;4104808;68;349;2008;POINT(-53.4723701 -24.9534259)
PR;4104808;68;353;2008;
PR;4104808;68;357;2008;
PR;4104808;68;362;2008;POINT(-53.4899826 -24.9454441)
PR;4104808;68;368;2008;
PR;4104808;68;383;2008;POINT(-53.4833109 -24.9466555)
PR;4104808;68;390;2008;
PR;4104808;68;42;2008;POINT(-53.4723701 -24.9534259)
PR;4104808;68;57;2008;POINT(-53.4884072 -24.9398411)
PR;4104808;68;85;2008;
PR;4104808;68;86;2008;
PR;4104808;68;9;2008;POINT(-53.473197 -24.9433512)
PR;4104907;16;118;2008;
PR;4104907;16;135;2008;
PR;4104907;16;139;2008;
PR;4104907;16;23;2008;POINT(-50.0009 -24.78817)
PR;4104907;16;73;2008;
PR;4104907;16;83;2008;
PR;4104907;16;97;2008;POINT(-50.0056539 -24.7879908)
PR;4104907;16;98;2008;POINT(-50.0111061 -24.7882258)
PR;4104907;16;99;2008;POINT(-50.0111061 -24.7882258)
PR;4105003;166;21;2008;
PR;4105003;166;23;2008;
PR;4105003;166;27;2008;
PR;4105003;166;36;2008;POINT(-53.1526939 -25.2113571)
PR;4105003;166;54;2008;
PR;4105003;166;74;2008;
PR;4105003;166;90;2008;POINT(-53.1526939 -25.2113571)
PR;4105003;166;95;2008;
PR;4105102;159;15;2008;POINT(-51.5936115 -22.8200962)
PR;4105102;159;20;2008;POINT(-51.5977249 -22.8264563)
PR;4105102;159;26;2008;POINT(-51.5947237 -22.8240807)
PR;4105102;159;27;2008;POINT(-51.5947237 -22.8240807)
PR;4105102;159;29;2008;POINT(-51.5947237 -22.8240807)
PR;4105102;159;43;2008;POINT(-51.5936115 -22.8200962)
PR;4105102;159;46;2008;POINT(-51.5936115 -22.8200962)
PR;4105102;159;55;2008;
PR;4105102;159;9;2008;POINT(-51.5936115 -22.8200962)
PR;4105201;7;2;2008;POINT(-49.26251 -24.82509)
PR;4105201;7;28;2008;
PR;4105201;7;31;2008;
PR;4105201;7;34;2008;
PR;4105201;7;45;2008;
PR;4105201;7;47;2008;
PR;4105201;7;50;2008;
PR;4105201;7;70;2008;POINT(-49.2631791 -24.824583)
PR;4105201;7;77;2008;
PR;4105201;7;85;2008;
PR;4105409;103;108;2008;
PR;4105409;103;111;2008;
PR;4105409;103;183;2008;
PR;4105409;103;184;2008;
PR;4105409;103;39;2008;
PR;4105409;103;66;2008;
PR;4105409;103;74;2008;
PR;4105508;149;31;2008;POINT(-52.6155385 -23.6620873)
PR;4105508;149;36;2008;POINT(-52.6155385 -23.6620873)
PR;4105508;149;53;2008;
PR;4105508;88;100;2008;
PR;4105508;88;122;2008;
PR;4105508;88;26;2008;
PR;4105508;88;27;2008;
PR;4105508;88;5;2008;
PR;4105508;88;58;2008;
PR;4105508;88;65;2008;
PR;4105508;88;70;2008;
PR;4105508;88;78;2008;
PR;4105508;88;84;2008;
PR;4105508;88;95;2008;POINT(-52.6113079 -23.669565)
PR;4105607;127;11;2008;POINT(-52.9402324 -23.3877276)
PR;4105607;127;15;2008;POINT(-52.9428463 -23.3876571)
PR;4105607;127;60;2008;
PR;4105607;127;61;2008;
PR;4105607;127;71;2008;
PR;4105607;127;72;2008;
PR;4105607;127;82;2008;POINT(-52.9428463 -23.3876571)
PR;4105706;47;10;2008;
PR;4105706;47;11;2008;
PR;4105706;47;16;2008;
PR;4105706;47;3;2008;POINT(-52.358003 -26.4082947)
PR;4105706;47;34;2008;
PR;4105706;47;6;2008;POINT(-52.358003 -26.4082947)
PR;4105706;47;61;2008;
PR;4105706;47;7;2008;POINT(-52.358003 -26.4082947)
PR;4105805;186;106;2008;
PR;4105805;186;112;2008;
PR;4105805;186;115;2008;
PR;4105805;186;130;2008;
PR;4105805;186;142;2008;
PR;4105805;186;144;2008;
PR;4105805;186;158;2008;
PR;4105805;186;161;2008;
PR;4105805;186;168;2008;POINT(-49.1933354 -25.3681867)
PR;4105805;186;177;2008;POINT(-49.160797 -25.3752851)
PR;4105805;186;192;2008;POINT(-49.20153 -25.3738355)
PR;4105805;186;219;2008;POINT(-49.19797 -25.36685)
PR;4105805;186;6;2008;
PR;4105805;186;60;2008;POINT(-49.1861928 -25.3613441)
PR;4105805;186;7;2008;
PR;4105805;186;83;2008;
PR;4105805;186;9;2008;POINT(-49.1933354 -25.3681867)
PR;4105805;49;110;2008;
PR;4105805;49;161;2008;
PR;4105805;49;179;2008;POINT(-49.2085815 -25.3561567)
PR;4105805;49;212;2008;
PR;4105805;49;225;2008;
PR;4105805;49;57;2008;
PR;4105805;49;84;2008;
PR;4105904;95;11;2008;POINT(-51.96905 -22.83528)
PR;4105904;95;24;2008;POINT(-51.9691786 -22.8351273)
PR;4105904;95;26;2008;POINT(-51.9691786 -22.8351273)
PR;4105904;95;3;2008;POINT(-51.97641 -22.83542)
PR;4105904;95;45;2008;
PR;4105904;95;6;2008;POINT(-51.96905 -22.83528)
PR;4105904;95;74;2008;
PR;4105904;95;81;2008;
PR;4106001;99;1;2008;
PR;4106001;99;17;2008;
PR;4106308;126;102;2008;POINT(-53.3021239 -24.8056629)
PR;4106308;126;16;2008;
PR;4106308;126;46;2008;POINT(-53.2135153 -24.8827545)
PR;4106308;126;7;2008;
PR;4106407;26;108;2008;POINT(-50.6514516 -23.1812303)
PR;4106407;26;112;2008;POINT(-50.6514516 -23.1812303)
PR;4106407;26;114;2008;
PR;4106407;26;115;2008;
PR;4106407;26;119;2008;
PR;4106407;26;132;2008;
PR;4106407;26;138;2008;POINT(-50.62804 -23.16942)
PR;4106407;26;31;2008;
PR;4106407;26;32;2008;
PR;4106407;26;4;2008;POINT(-50.62804 -23.16942)
PR;4106407;26;57;2008;POINT(-50.6514 -23.18928)
PR;4106407;26;65;2008;POINT(-50.6456638 -23.1866818)
PR;4106407;26;66;2008;POINT(-50.6456638 -23.1866818)
PR;4106407;26;75;2008;
PR;4106407;26;86;2008;
PR;4106407;26;87;2008;
PR;4106506;101;113;2008;
PR;4106506;101;120;2008;POINT(-52.56302 -25.99961)
PR;4106506;101;48;2008;POINT(-52.5680478 -25.9842772)
PR;4106506;101;53;2008;POINT(-52.5680478 -25.9842772)
PR;4106506;101;62;2008;POINT(-52.5680478 -25.9842772)
PR;4106506;101;67;2008;
PR;4106506;101;70;2008;
PR;4106506;101;77;2008;
PR;4106506;101;84;2008;
PR;4106506;101;86;2008;
PR;4106506;101;96;2008;
PR;4106605;86;11;2008;POINT(-53.0731717 -23.7897146)
PR;4106605;86;129;2008;POINT(-53.0794379 -23.7867813)
PR;4106605;86;141;2008;
PR;4106605;86;182;2008;
PR;4106605;86;184;2008;
PR;4106605;86;185;2008;
PR;4106605;86;189;2008;
PR;4106605;86;192;2008;
PR;4106605;86;23;2008;POINT(-53.0731717 -23.7897146)
PR;4106605;86;27;2008;POINT(-53.07638 -23.77816)
PR;4106605;86;50;2008;
PR;4106605;86;54;2008;
PR;4106605;86;57;2008;
PR;4106605;86;58;2008;POINT(-53.0794379 -23.7867813)
PR;4106902;1;119;2008;POINT(-49.29423 -25.41178)
PR;4106902;1;135;2008;POINT(-49.2799325 -25.4194307)
PR;4106902;1;151;2008;
PR;4106902;1;205;2008;POINT(-49.2718 -25.41516)
PR;4106902;1;210;2008;POINT(-49.300712 -25.3926956)
PR;4106902;1;335;2008;POINT(-49.2799325 -25.4194307)
PR;4106902;1;379;2008;
PR;4106902;1;387;2008;POINT(-49.2625269 -25.4246984)
PR;4106902;1;393;2008;POINT(-49.2625269 -25.4246984)
PR;4106902;1;395;2008;POINT(-49.2638309 -25.4182409)
PR;4106902;1;397;2008;POINT(-49.2638309 -25.4182409)
PR;4106902;1;408;2008;POINT(-49.26447 -25.3668)
PR;4106902;1;411;2008;POINT(-49.26447 -25.3668)
PR;4106902;1;441;2008;POINT(-49.26999 -25.51644)
PR;4106902;1;447;2008;POINT(-49.2475183 -25.3920358)
PR;4106902;1;451;2008;POINT(-49.2475183 -25.3920358)
PR;4106902;1;454;2008;POINT(-49.2475183 -25.3920358)
PR;4106902;1;468;2008;POINT(-49.2551185 -25.3530632)
PR;4106902;1;490;2008;POINT(-49.27208 -25.39805)
PR;4106902;1;493;2008;POINT(-49.29478 -25.38875)
PR;4106902;1;501;2008;POINT(-49.2749684 -25.4252319)
PR;4106902;1;508;2008;POINT(-49.2638309 -25.4182409)
PR;4106902;1;576;2008;POINT(-49.2683156 -25.3898801)
PR;4106902;1;580;2008;POINT(-49.2596922 -25.3883615)
PR;4106902;1;582;2008;
PR;4106902;1;586;2008;POINT(-49.2904608 -25.4000803)
PR;4106902;145;290;2008;POINT(-49.29161 -25.53232833)
PR;4106902;145;297;2008;POINT(-49.268077 -25.5264044)
PR;4106902;145;300;2008;POINT(-49.268077 -25.5264044)
PR;4106902;145;324;2008;POINT(-49.3000709 -25.5184881)
PR;4106902;145;327;2008;POINT(-49.3000709 -25.5184881)
PR;4106902;145;329;2008;POINT(-49.3000709 -25.5184881)
PR;4106902;145;338;2008;POINT(-49.2976418 -25.5238188)
PR;4106902;145;360;2008;POINT(-49.2761753 -25.5449172)
PR;4106902;145;392;2008;POINT(-49.2857188 -25.5688387)
PR;4106902;145;393;2008;POINT(-49.2857188 -25.5688387)
PR;4106902;145;403;2008;
PR;4106902;145;413;2008;POINT(-49.2658 -25.50003)
PR;4106902;145;415;2008;POINT(-49.2658 -25.50003)
PR;4106902;145;421;2008;POINT(-49.27687 -25.51508)
PR;4106902;145;447;2008;POINT(-49.2631859 -25.5117184)
PR;4106902;145;448;2008;POINT(-49.2631859 -25.5117184)
PR;4106902;145;468;2008;
PR;4106902;145;474;2008;POINT(-49.2658 -25.50003)
PR;4106902;145;480;2008;POINT(-49.274446 -25.5364367)
PR;4106902;145;494;2008;POINT(-49.2530798 -25.5347718)
PR;4106902;145;500;2008;POINT(-49.3045 -25.51961)
PR;4106902;145;501;2008;POINT(-49.2857188 -25.5688387)
PR;4106902;145;510;2008;POINT(-49.28355086 -25.54451019)
PR;4106902;145;513;2008;POINT(-49.2761753 -25.5449172)
PR;4106902;145;523;2008;POINT(-49.3045 -25.51961)
PR;4106902;145;541;2008;POINT(-49.2775085 -25.53769096)
PR;4106902;145;572;2008;POINT(-49.2612093 -25.5426579)
PR;4106902;145;576;2008;POINT(-49.2522683 -25.5439566)
PR;4106902;145;580;2008;POINT(-49.268077 -25.5264044)
PR;4106902;145;585;2008;POINT(-49.2530798 -25.5347718)
PR;4106902;145;589;2008;POINT(-49.268077 -25.5264044)
PR;4106902;145;604;2008;POINT(-49.2615862 -25.5337644)
PR;4106902;145;608;2008;POINT(-49.2864442 -25.5195668)
PR;4106902;145;611;2008;POINT(-49.27293577 -25.54247471)
PR;4106902;145;628;2008;POINT(-49.257019 -25.544061)
PR;4106902;145;629;2008;POINT(-49.2864442 -25.5195668)
PR;4106902;145;633;2008;
PR;4106902;145;634;2008;POINT(-49.2658 -25.50003)
PR;4106902;145;636;2008;
PR;4106902;145;645;2008;POINT(-49.2770538 -25.5176358)
PR;4106902;145;650;2008;POINT(-49.275227 -25.55281)
PR;4106902;145;653;2008;POINT(-49.295719 -25.5344734)
PR;4106902;145;661;2008;
PR;4106902;145;669;2008;POINT(-49.2793624 -25.5054199)
PR;4106902;145;676;2008;POINT(-49.2740937 -25.5067359)
PR;4106902;145;680;2008;POINT(-49.2864442 -25.5195668)
PR;4106902;145;683;2008;POINT(-49.267798 -25.546852)
PR;4106902;145;686;2008;
PR;4106902;145;688;2008;POINT(-49.2740937 -25.5067359)
PR;4106902;145;695;2008;POINT(-49.2832717 -25.5356551)
PR;4106902;145;706;2008;POINT(-49.247129 -25.5539096)
PR;4106902;145;719;2008;
PR;4106902;145;720;2008;POINT(-49.25605369 -25.5379085)
PR;4106902;145;727;2008;POINT(-49.2832717 -25.5356551)
PR;4106902;174;104;2008;POINT(-49.23956 -25.53596)
PR;4106902;174;110;2008;POINT(-49.23956 -25.53596)
PR;4106902;174;119;2008;POINT(-49.2524904 -25.5080968)
PR;4106902;174;121;2008;POINT(-49.2524904 -25.5080968)
PR;4106902;174;125;2008;POINT(-49.25339 -25.50324)
PR;4106902;174;139;2008;POINT(-49.23816 -25.52102)
PR;4106902;174;14;2008;POINT(-49.2247213 -25.5153987)
PR;4106902;174;15;2008;POINT(-49.2247213 -25.5153987)
PR;4106902;174;150;2008;POINT(-49.2424251 -25.4982057)
PR;4106902;174;153;2008;POINT(-49.2491992 -25.5169744)
PR;4106902;174;160;2008;POINT(-49.261717 -25.491654)
PR;4106902;174;168;2008;POINT(-49.25593 -25.47619)
PR;4106902;174;172;2008;POINT(-49.25393 -25.48025)
PR;4106902;174;181;2008;POINT(-49.25393 -25.48025)
PR;4106902;174;184;2008;POINT(-49.25367 -25.48193)
PR;4106902;174;190;2008;
PR;4106902;174;199;2008;POINT(-49.2424251 -25.4982057)
PR;4106902;174;201;2008;POINT(-49.2427686 -25.495382)
PR;4106902;174;203;2008;POINT(-49.2453555 -25.4886471)
PR;4106902;174;216;2008;POINT(-49.237771 -25.4634239)
PR;4106902;174;222;2008;POINT(-49.23882 -25.53702)
PR;4106902;174;229;2008;POINT(-49.2424251 -25.4982057)
PR;4106902;174;235;2008;POINT(-49.2462154 -25.514719)
PR;4106902;174;236;2008;
PR;4106902;174;237;2008;POINT(-49.2576373 -25.4896496)
PR;4106902;174;246;2008;POINT(-49.233785 -25.52399)
PR;4106902;174;26;2008;POINT(-49.2352613 -25.4983168)
PR;4106902;174;263;2008;POINT(-49.2427686 -25.495382)
PR;4106902;174;274;2008;POINT(-49.24114 -25.52971)
PR;4106902;174;288;2008;POINT(-49.2453555 -25.4886471)
PR;4106902;174;294;2008;POINT(-49.238481 -25.536838)
PR;4106902;174;32;2008;POINT(-49.2357525 -25.4995741)
PR;4106902;174;41;2008;POINT(-49.2357525 -25.4995741)
PR;4106902;174;42;2008;POINT(-49.227459 -25.502442)
PR;4106902;174;50;2008;
PR;4106902;174;59;2008;POINT(-49.237771 -25.4634239)
PR;4106902;174;64;2008;POINT(-49.24658 -25.4798)
PR;4106902;174;69;2008;POINT(-49.24658 -25.4798)
PR;4106902;174;87;2008;POINT(-49.2464187 -25.5299817)
PR;4106902;174;91;2008;POINT(-49.2464187 -25.5299817)
PR;4106902;175;100;2008;
PR;4106902;175;124;2008;POINT(-49.3483639 -25.501447)
PR;4106902;175;126;2008;POINT(-49.33553 -25.49496)
PR;4106902;175;132;2008;
PR;4106902;175;133;2008;POINT(-49.2928794 -25.5510796)
PR;4106902;175;165;2008;
PR;4106902;175;171;2008;POINT(-49.33679 -25.57298)
PR;4106902;175;172;2008;POINT(-49.325341 -25.5079879)
PR;4106902;175;207;2008;POINT(-49.2809825 -25.4963996)
PR;4106902;175;211;2008;POINT(-49.339091 -25.560104)
PR;4106902;175;218;2008;POINT(-49.3131995 -25.5603739)
PR;4106902;175;231;2008;POINT(-49.3156701 -25.5594339)
PR;4106902;175;239;2008;
PR;4106902;175;246;2008;POINT(-49.3367948 -25.5728677)
PR;4106902;175;279;2008;
PR;4106902;175;280;2008;POINT(-49.3352617 -25.5096168)
PR;4106902;175;281;2008;POINT(-49.3017403 -25.5078801)
PR;4106902;175;3;2008;POINT(-49.33553 -25.49496)
PR;4106902;175;315;2008;POINT(-49.3261812 -25.515406)
PR;4106902;175;316;2008;POINT(-49.323365 -25.584929)
PR;4106902;175;318;2008;POINT(-49.3017403 -25.5078801)
PR;4106902;175;38;2008;POINT(-49.31665 -25.49636)
PR;4106902;175;40;2008;POINT(-49.31665 -25.49636)
PR;4106902;175;63;2008;POINT(-49.2809825 -25.4963996)
PR;4106902;175;7;2008;POINT(-49.33553 -25.49496)
PR;4106902;175;93;2008;POINT(-49.2905083 -25.4960569)
PR;4106902;176;10;2008;POINT(-49.249537 -25.4493088)
PR;4106902;176;104;2008;POINT(-49.2768784 -25.4816169)
PR;4106902;176;112;2008;
PR;4106902;176;118;2008;
PR;4106902;176;14;2008;POINT(-49.249537 -25.4493088)
PR;4106902;176;155;2008;
PR;4106902;176;157;2008;POINT(-49.2781343 -25.4863896)
PR;4106902;176;174;2008;
PR;4106902;176;18;2008;POINT(-49.249537 -25.4493088)
PR;4106902;176;181;2008;POINT(-49.249537 -25.4493088)
PR;4106902;176;182;2008;
PR;4106902;176;187;2008;POINT(-49.262959 -25.46243)
PR;4106902;176;198;2008;POINT(-49.3241493 -25.4883321)
PR;4106902;176;214;2008;POINT(-49.3309377 -25.483418)
PR;4106902;176;216;2008;
PR;4106902;176;225;2008;POINT(-49.29276 -25.4943803)
PR;4106902;176;236;2008;POINT(-49.2777089 -25.4882713)
PR;4106902;176;238;2008;POINT(-49.279533 -25.4723788)
PR;4106902;176;242;2008;POINT(-49.29276 -25.4943803)
PR;4106902;176;245;2008;POINT(-49.3309377 -25.483418)
PR;4106902;176;246;2008;POINT(-49.28635 -25.474853)
PR;4106902;176;254;2008;POINT(-49.279533 -25.4723788)
PR;4106902;176;267;2008;POINT(-49.3221816 -25.4805233)
PR;4106902;176;29;2008;POINT(-49.262959 -25.46243)
PR;4106902;176;6;2008;POINT(-49.24739 -25.45429)
PR;4106902;176;61;2008;POINT(-49.3241493 -25.4883321)
PR;4106902;176;67;2008;POINT(-49.3260419 -25.4868624)
PR;4106902;176;77;2008;POINT(-49.3313362 -25.4801901)
PR;4106902;176;80;2008;POINT(-49.3313362 -25.4801901)
PR;4106902;177;103;2008;POINT(-49.2681076 -25.4547543)
PR;4106902;177;105;2008;POINT(-49.2681076 -25.4547543)
PR;4106902;177;11;2008;POINT(-49.29226 -25.43924)
PR;4106902;177;112;2008;POINT(-49.26983 -25.45321)
PR;4106902;177;115;2008;POINT(-49.26983 -25.45321)
PR;4106902;177;119;2008;POINT(-49.2655397 -25.4496903)
PR;4106902;177;127;2008;POINT(-49.2830736 -25.4633836)
PR;4106902;177;13;2008;POINT(-49.29226 -25.43924)
PR;4106902;177;133;2008;POINT(-49.2830736 -25.4633836)
PR;4106902;177;134;2008;
PR;4106902;177;138;2008;POINT(-49.2906814 -25.4497758)
PR;4106902;177;146;2008;POINT(-49.27721 -25.4443)
PR;4106902;177;150;2008;POINT(-49.27721 -25.4443)
PR;4106902;177;154;2008;POINT(-49.2938067 -25.4518101)
PR;4106902;177;163;2008;POINT(-49.2835964 -25.4468242)
PR;4106902;177;169;2008;POINT(-49.27931 -25.45246)
PR;4106902;177;173;2008;POINT(-49.2817537 -25.4527323)
PR;4106902;177;177;2008;POINT(-49.27721 -25.4443)
PR;4106902;177;191;2008;
PR;4106902;177;193;2008;
PR;4106902;177;209;2008;POINT(-49.2845622 -25.4425586)
PR;4106902;177;212;2008;POINT(-49.31449 -25.45057)
PR;4106902;177;235;2008;POINT(-49.3468519 -25.4194396)
PR;4106902;177;255;2008;POINT(-49.2836206 -25.4367648)
PR;4106902;177;274;2008;
PR;4106902;177;30;2008;POINT(-49.2966205 -25.4470337)
PR;4106902;177;306;2008;
PR;4106902;177;311;2008;POINT(-49.3550246 -25.4218483)
PR;4106902;177;313;2008;
PR;4106902;177;334;2008;POINT(-49.3468519 -25.4194396)
PR;4106902;177;335;2008;POINT(-49.2906814 -25.4497758)
PR;4106902;177;349;2008;
PR;4106902;177;350;2008;
PR;4106902;177;362;2008;POINT(-49.2681076 -25.4547543)
PR;4106902;177;41;2008;POINT(-49.305231 -25.438827)
PR;4106902;177;43;2008;POINT(-49.3331 -25.43826)
PR;4106902;177;50;2008;
PR;4106902;177;74;2008;POINT(-49.3434352 -25.4171433)
PR;4106902;177;77;2008;
PR;4106902;177;88;2008;POINT(-49.269632 -25.4391353)
PR;4106902;178;103;2008;POINT(-49.33089 -25.40207)
PR;4106902;178;113;2008;POINT(-49.31855 -25.39747)
PR;4106902;178;13;2008;POINT(-49.273021 -25.4293724)
PR;4106902;178;15;2008;POINT(-49.273021 -25.4293724)
PR;4106902;178;153;2008;POINT(-49.2671314 -25.4231326)
PR;4106902;178;155;2008;POINT(-49.2671314 -25.4231326)
PR;4106902;178;166;2008;POINT(-49.2694 -25.42525)
PR;4106902;178;171;2008;POINT(-49.26028 -25.4288019)
PR;4106902;178;186;2008;
PR;4106902;178;188;2008;
PR;4106902;178;19;2008;POINT(-49.28285 -25.42786)
PR;4106902;178;196;2008;POINT(-49.2666063 -25.432256)
PR;4106902;178;197;2008;POINT(-49.2666063 -25.432256)
PR;4106902;178;209;2008;POINT(-49.26028 -25.4288019)
PR;4106902;178;223;2008;POINT(-49.2752321 -25.4351531)
PR;4106902;178;224;2008;POINT(-49.2752321 -25.4351531)
PR;4106902;178;228;2008;POINT(-49.2752321 -25.4351531)
PR;4106902;178;26;2008;
PR;4106902;178;271;2008;POINT(-49.26028 -25.4288019)
PR;4106902;178;273;2008;POINT(-49.3333 -25.38683)
PR;4106902;178;293;2008;POINT(-49.2671314 -25.4231326)
PR;4106902;178;30;2008;POINT(-49.2805389 -25.4276737)
PR;4106902;178;309;2008;POINT(-49.2671314 -25.4231326)
PR;4106902;178;32;2008;POINT(-49.2805389 -25.4276737)
PR;4106902;178;38;2008;POINT(-49.2785587 -25.4358815)
PR;4106902;178;39;2008;POINT(-49.2785587 -25.4358815)
PR;4106902;178;56;2008;POINT(-49.3006144 -25.4250497)
PR;4106902;178;64;2008;POINT(-49.2941563 -25.4284846)
PR;4106902;178;65;2008;POINT(-49.2941563 -25.4284846)
PR;4106902;178;77;2008;POINT(-49.2941563 -25.4284846)
PR;4106902;178;85;2008;POINT(-49.2900532 -25.4224801)
PR;4106902;178;89;2008;POINT(-49.2900532 -25.4224801)
PR;4106902;178;95;2008;POINT(-49.2963915 -25.4175777)
PR;4106902;178;98;2008;POINT(-49.2963915 -25.4175777)
PR;4106902;178;99;2008;POINT(-49.2963915 -25.4175777)
PR;4106902;2;110;2008;
PR;4106902;2;120;2008;POINT(-49.207209 -25.403648)
PR;4106902;2;129;2008;
PR;4106902;2;131;2008;
PR;4106902;2;185;2008;POINT(-49.2346756 -25.390976)
PR;4106902;2;205;2008;
PR;4106902;2;208;2008;
PR;4106902;2;210;2008;
PR;4106902;2;256;2008;POINT(-49.2318129 -25.4127713)
PR;4106902;2;267;2008;POINT(-49.2491016 -25.4106033)
PR;4106902;2;284;2008;POINT(-49.23046 -25.41948)
PR;4106902;2;285;2008;POINT(-49.23046 -25.41948)
PR;4106902;2;299;2008;POINT(-49.2323836 -25.3640325)
PR;4106902;2;317;2008;POINT(-49.2242298 -25.3742506)
PR;4106902;2;318;2008;POINT(-49.2242298 -25.3742506)
PR;4106902;2;377;2008;POINT(-49.24451 -25.40109)
PR;4106902;2;401;2008;POINT(-49.261329 -25.41245)
PR;4106902;2;402;2008;POINT(-49.261329 -25.41245)
PR;4106902;2;412;2008;POINT(-49.2064 -25.404204)
PR;4106902;2;415;2008;POINT(-49.2323836 -25.3640325)
PR;4106902;2;427;2008;
PR;4106902;2;443;2008;
PR;4106902;2;446;2008;POINT(-49.2595286 -25.4243117)
PR;4106902;2;456;2008;POINT(-49.20368 -25.394645)
PR;4106902;2;495;2008;
PR;4106902;2;508;2008;POINT(-49.21045 -25.36702)
PR;4106902;2;57;2008;POINT(-49.2011 -25.38443)
PR;4106902;2;75;2008;POINT(-49.2243177 -25.3904192)
PR;4106902;2;87;2008;POINT(-49.21726 -25.39661)
PR;4106902;3;102;2008;POINT(-49.218163 -25.450697)
PR;4106902;3;103;2008;POINT(-49.19483 -25.47621)
PR;4106902;3;110;2008;POINT(-49.2048528 -25.4648614)
PR;4106902;3;111;2008;POINT(-49.2048528 -25.4648614)
PR;4106902;3;116;2008;POINT(-49.2048528 -25.4648614)
PR;4106902;3;119;2008;POINT(-49.2048528 -25.4648614)
PR;4106902;3;130;2008;POINT(-49.24934 -25.44072)
PR;4106902;3;143;2008;POINT(-49.2190492 -25.434159)
PR;4106902;3;149;2008;POINT(-49.20471 -25.4416355)
PR;4106902;3;155;2008;
PR;4106902;3;169;2008;
PR;4106902;3;201;2008;POINT(-49.24546 -25.4313226)
PR;4106902;3;212;2008;POINT(-49.2460047 -25.4342342)
PR;4106902;3;213;2008;POINT(-49.2460047 -25.4342342)
PR;4106902;3;259;2008;POINT(-49.2299948 -25.4496345)
PR;4106902;3;262;2008;POINT(-49.2287596 -25.4563821)
PR;4106902;3;266;2008;POINT(-49.2287596 -25.4563821)
PR;4106902;3;268;2008;POINT(-49.2287596 -25.4563821)
PR;4106902;3;269;2008;POINT(-49.2287596 -25.4563821)
PR;4106902;3;302;2008;POINT(-49.21006 -25.49402)
PR;4106902;3;309;2008;POINT(-49.2187363 -25.4972071)
PR;4106902;3;312;2008;POINT(-49.2263855 -25.4862273)
PR;4106902;3;328;2008;POINT(-49.2274934 -25.4720809)
PR;4106902;3;338;2008;POINT(-49.22975 -25.47573)
PR;4106902;3;351;2008;POINT(-49.22937 -25.44037)
PR;4106902;3;389;2008;POINT(-49.22975 -25.47573)
PR;4106902;3;424;2008;POINT(-49.22008 -25.45518)
PR;4106902;3;428;2008;POINT(-49.214703 -25.462207)
PR;4106902;3;435;2008;POINT(-49.2460047 -25.4342342)
PR;4106902;3;441;2008;POINT(-49.22937 -25.44037)
PR;4106902;3;459;2008;POINT(-49.2058933 -25.4468176)
PR;4106902;3;465;2008;
PR;4106902;3;470;2008;POINT(-49.20471 -25.4416355)
PR;4106902;3;485;2008;POINT(-49.20973 -25.45487)
PR;4106902;3;50;2008;POINT(-49.203019 -25.479242)
PR;4106902;3;505;2008;POINT(-49.24546 -25.4313226)
PR;4106902;3;506;2008;POINT(-49.22008 -25.45518)
PR;4106902;3;507;2008;POINT(-49.214703 -25.462207)
PR;4106902;3;514;2008;POINT(-49.203019 -25.479242)
PR;4106902;3;531;2008;POINT(-49.2024886 -25.4699211)
PR;4106902;3;554;2008;POINT(-49.2024886 -25.4699211)
PR;4106902;3;559;2008;POINT(-49.214703 -25.462207)
PR;4106902;3;563;2008;POINT(-49.21139 -25.42925)
PR;4106902;3;579;2008;POINT(-49.2360544 -25.4568269)
PR;4106902;3;582;2008;POINT(-49.2023576 -25.4890365)
PR;4106902;3;583;2008;POINT(-49.196085 -25.4748516)
PR;4106902;3;585;2008;
PR;4106902;3;592;2008;POINT(-49.2039442 -25.4709507)
PR;4106902;3;601;2008;POINT(-49.2077934 -25.49268)
PR;4106902;3;609;2008;POINT(-49.2263855 -25.4862273)
PR;4106902;3;619;2008;POINT(-49.22937 -25.44037)
PR;4106902;3;633;2008;POINT(-49.2271 -25.48205)
PR;4106902;3;81;2008;POINT(-49.2147135 -25.4517873)
PR;4106902;3;97;2008;POINT(-49.218163 -25.450697)
PR;4106902;3;98;2008;POINT(-49.218163 -25.450697)
PR;4106902;4;180;2008;POINT(-49.29865 -25.46208)
PR;4106902;4;201;2008;POINT(-49.30754008 -25.45986603)
PR;4106902;4;207;2008;POINT(-49.30883 -25.46318)
PR;4106902;4;211;2008;POINT(-49.30883 -25.46318)
PR;4106902;4;212;2008;POINT(-49.30883 -25.46318)
PR;4106902;4;214;2008;POINT(-49.30445 -25.4631)
PR;4106902;4;230;2008;
PR;4106902;4;245;2008;POINT(-49.2992748 -25.4790794)
PR;4106902;4;249;2008;POINT(-49.2992748 -25.4790794)
PR;4106902;4;256;2008;
PR;4106902;4;265;2008;POINT(-49.3111756 -25.4744881)
PR;4106902;4;270;2008;POINT(-49.3111756 -25.4744881)
PR;4106902;4;272;2008;POINT(-49.3111756 -25.4744881)
PR;4106902;4;312;2008;POINT(-49.33656904 -25.47952899)
PR;4106902;4;333;2008;POINT(-49.32575023 -25.45663006)
PR;4106902;4;390;2008;POINT(-49.3452188 -25.4445679)
PR;4106902;4;393;2008;POINT(-49.3452188 -25.4445679)
PR;4106902;4;437;2008;POINT(-49.3393963 -25.4742601)
PR;4106902;4;444;2008;POINT(-49.35478 -25.43403)
PR;4106902;4;454;2008;POINT(-49.3375935 -25.4777529)
PR;4106902;4;455;2008;POINT(-49.3375935 -25.4777529)
PR;4106902;4;460;2008;
PR;4106902;4;464;2008;POINT(-49.29367228 -25.46728319)
PR;4106902;4;475;2008;POINT(-49.29367228 -25.46728319)
PR;4106902;4;479;2008;POINT(-49.3165581 -25.4729325)
PR;4106902;4;480;2008;POINT(-49.3495289 -25.457169)
PR;4106902;4;482;2008;POINT(-49.35607 -25.44123)
PR;4106902;4;486;2008;POINT(-49.3120983 -25.4631808)
PR;4106902;4;490;2008;
PR;4106902;4;497;2008;POINT(-49.30883 -25.46318)
PR;4106902;4;504;2008;
PR;4106902;4;505;2008;POINT(-49.34995833 -25.48565667)
PR;4106902;4;523;2008;POINT(-49.34910458 -25.45726652)
PR;4106902;4;526;2008;POINT(-49.29888 -25.45973)
PR;4106902;4;527;2008;
PR;4106902;4;532;2008;POINT(-49.3165581 -25.4729325)
PR;4106902;4;542;2008;POINT(-49.344883 -25.459897)
PR;4106902;4;544;2008;POINT(-49.34910458 -25.45726652)
PR;4107009;119;19;2008;
PR;4107009;119;2;2008;POINT(-50.4568786 -24.0376053)
PR;4107009;119;37;2008;
PR;4107009;119;46;2008;
PR;4107009;119;60;2008;POINT(-50.6244124 -24.0388893)
PR;4107207;115;102;2008;POINT(-53.0659725 -25.751783)
PR;4107207;115;103;2008;POINT(-53.0759852 -25.7541901)
PR;4107207;115;189;2008;
PR;4107207;115;196;2008;POINT(-53.070883 -25.73094)
PR;4107207;115;26;2008;POINT(-53.0584059 -25.7500338)
PR;4107207;115;62;2008;
PR;4107207;115;76;2008;
PR;4107207;115;86;2008;
PR;4107207;115;97;2008;
PR;4107504;116;14;2008;
PR;4107504;116;20;2008;
PR;4107504;116;28;2008;
PR;4107504;116;32;2008;
PR;4107504;116;43;2008;
PR;4107504;116;48;2008;
PR;4107504;116;60;2008;
PR;4107504;116;64;2008;
PR;4107603;110;26;2008;
PR;4107603;110;39;2008;POINT(-51.32869 -23.99826)
PR;4107603;110;45;2008;POINT(-51.3245321 -24.0023685)
PR;4107603;110;71;2008;
PR;4107652;144;112;2008;
PR;4107652;144;123;2008;
PR;4107652;144;132;2008;
PR;4107652;144;133;2008;
PR;4107652;144;139;2008;
PR;4107652;144;143;2008;
PR;4107652;144;153;2008;
PR;4107652;144;162;2008;
PR;4107652;144;164;2008;
PR;4107652;144;171;2008;
PR;4107652;144;194;2008;POINT(-49.3038284 -25.6663468)
PR;4107652;144;196;2008;POINT(-49.3265544 -25.6428274)
PR;4107652;144;20;2008;
PR;4107652;144;205;2008;
PR;4107652;144;206;2008;POINT(-49.3038284 -25.6663468)
PR;4107652;144;208;2008;
PR;4107652;144;216;2008;
PR;4107652;144;223;2008;POINT(-49.316715 -25.6419749)
PR;4107652;144;238;2008;POINT(-49.3265544 -25.6428274)
PR;4107652;144;239;2008;
PR;4107652;144;242;2008;
PR;4107652;144;243;2008;
PR;4107652;144;246;2008;
PR;4107652;144;247;2008;POINT(-49.29992 -25.64253)
PR;4107652;144;251;2008;
PR;4107652;144;256;2008;
PR;4107652;144;257;2008;
PR;4107652;144;29;2008;
PR;4107652;144;43;2008;
PR;4107652;144;53;2008;
PR;4107652;144;54;2008;
PR;4107652;144;61;2008;
PR;4107652;144;64;2008;
PR;4107652;144;67;2008;
PR;4108205;120;135;2008;POINT(-53.316251 -24.296449)
PR;4108205;120;137;2008;
PR;4108205;120;14;2008;POINT(-53.3199618 -24.2990975)
PR;4108205;120;25;2008;
PR;4108205;120;39;2008;
PR;4108205;120;53;2008;
PR;4108205;120;76;2008;
PR;4108304;147;191;2008;
PR;4108304;147;197;2008;POINT(-54.58475 -25.50461)
PR;4108304;147;205;2008;POINT(-54.5719874 -25.4477006)
PR;4108304;147;208;2008;
PR;4108304;147;215;2008;POINT(-54.589054 -25.523105)
PR;4108304;147;22;2008;POINT(-54.57502 -25.49901)
PR;4108304;147;221;2008;POINT(-54.5773514 -25.4833903)
PR;4108304;147;235;2008;POINT(-54.55152 -25.49503)
PR;4108304;147;238;2008;POINT(-54.5705913 -25.4668637)
PR;4108304;147;251;2008;
PR;4108304;147;30;2008;POINT(-54.57672 -25.48354)
PR;4108304;147;32;2008;POINT(-54.57672 -25.48354)
PR;4108304;147;4;2008;POINT(-54.5900058 -25.5230217)
PR;4108304;147;44;2008;POINT(-54.57502 -25.49901)
PR;4108304;147;51;2008;POINT(-54.57502 -25.49901)
PR;4108304;147;52;2008;POINT(-54.57502 -25.49901)
PR;4108304;147;55;2008;POINT(-54.57502 -25.49901)
PR;4108304;147;57;2008;POINT(-54.57502 -25.49901)
PR;4108304;147;58;2008;POINT(-54.57502 -25.49901)
PR;4108304;204;103;2008;POINT(-54.5579988 -25.5403555)
PR;4108304;204;116;2008;POINT(-54.56224 -25.53321)
PR;4108304;204;12;2008;POINT(-54.55715 -25.53321)
PR;4108304;204;126;2008;POINT(-54.5579988 -25.5403555)
PR;4108304;204;13;2008;POINT(-54.5371288 -25.5854003)
PR;4108304;204;26;2008;POINT(-54.5336626 -25.5251831)
PR;4108304;204;44;2008;
PR;4108304;204;65;2008;POINT(-54.55688 -25.52391)
PR;4108304;204;83;2008;POINT(-54.5409983 -25.5338208)
PR;4108304;204;86;2008;POINT(-54.5579988 -25.5403555)
PR;4108304;204;90;2008;POINT(-54.5579988 -25.5403555)
PR;4108304;204;93;2008;POINT(-54.534475 -25.533543)
PR;4108304;205;106;2008;POINT(-54.5106357 -25.4875515)
PR;4108304;205;130;2008;POINT(-54.5391674 -25.5075845)
PR;4108304;205;143;2008;POINT(-54.5106357 -25.4875515)
PR;4108304;205;150;2008;POINT(-54.5391674 -25.5075845)
PR;4108304;205;17;2008;POINT(-54.50579 -25.48503)
PR;4108304;205;19;2008;POINT(-54.50579 -25.48503)
PR;4108304;205;22;2008;POINT(-54.50579 -25.48503)
PR;4108304;205;23;2008;POINT(-54.50579 -25.48503)
PR;4108304;205;28;2008;
PR;4108304;205;42;2008;POINT(-54.53143 -25.51502)
PR;4108304;205;65;2008;POINT(-54.57417 -25.5706)
PR;4108304;205;68;2008;
PR;4108304;205;70;2008;
PR;4108304;46;116;2008;
PR;4108304;46;172;2008;POINT(-54.57417 -25.5706)
PR;4108304;46;194;2008;
PR;4108304;46;197;2008;POINT(-54.5714557 -25.5366044)
PR;4108304;46;223;2008;POINT(-54.58486 -25.54683)
PR;4108304;46;229;2008;POINT(-54.57912 -25.57897)
PR;4108304;46;248;2008;POINT(-54.58486 -25.54683)
PR;4108304;46;30;2008;POINT(-54.58461 -25.54676)
PR;4108304;46;32;2008;POINT(-54.58461 -25.54676)
PR;4108304;46;48;2008;
PR;4108304;46;87;2008;
PR;4108304;46;9;2008;POINT(-54.572388 -25.5535102)
PR;4108304;46;97;2008;POINT(-54.5905919 -25.5411652)
PR;4108304;46;98;2008;POINT(-54.5905919 -25.5411652)
PR;4108403;140;114;2008;
PR;4108403;140;15;2008;
PR;4108403;140;49;2008;
PR;4108403;140;90;2008;
PR;4108403;69;123;2008;POINT(-53.03937 -26.07366)
PR;4108403;69;124;2008;POINT(-53.03937 -26.07366)
PR;4108403;69;135;2008;
PR;4108403;69;140;2008;
PR;4108403;69;148;2008;
PR;4108403;69;151;2008;POINT(-53.06492 -26.07918)
PR;4108403;69;175;2008;
PR;4108403;69;18;2008;
PR;4108403;69;188;2008;
PR;4108403;69;193;2008;
PR;4108403;69;200;2008;
PR;4108403;69;213;2008;
PR;4108403;69;217;2008;
PR;4108403;69;222;2008;
PR;4108403;69;228;2008;
PR;4108403;69;248;2008;
PR;4108403;69;25;2008;POINT(-53.03937 -26.07366)
PR;4108403;69;270;2008;
PR;4108403;69;273;2008;
PR;4108403;69;3;2008;
PR;4108403;69;30;2008;POINT(-53.03937 -26.07366)
PR;4108403;69;49;2008;
PR;4108403;69;7;2008;
PR;4108601;92;105;2008;
PR;4108601;92;11;2008;
PR;4108601;92;134;2008;
PR;4108601;92;15;2008;
PR;4108601;92;19;2008;
PR;4108601;92;26;2008;
PR;4108601;92;27;2008;
PR;4108601;92;30;2008;
PR;4108601;92;33;2008;
PR;4108601;92;81;2008;
PR;4108601;92;97;2008;
PR;4108700;136;13;2008;
PR;4108700;136;29;2008;
PR;4108809;90;11;2008;POINT(-54.2570813 -24.0811327)
PR;4108809;90;28;2008;
PR;4108809;90;36;2008;
PR;4108809;90;43;2008;
PR;4108809;90;46;2008;
PR;4108809;90;49;2008;
PR;4108809;90;5;2008;POINT(-54.25583163 -24.08472247)
PR;4108809;90;58;2008;
PR;4108809;90;70;2008;
PR;4108809;90;81;2008;
PR;4108809;90;89;2008;
PR;4109302;112;17;2008;POINT(-52.8554179 -25.1053354)
PR;4109302;112;29;2008;POINT(-52.9368394 -24.9189603)
PR;4109302;112;3;2008;POINT(-52.8698722 -25.1022564)
PR;4109302;112;31;2008;POINT(-52.9368394 -24.9189603)
PR;4109401;43;105;2008;
PR;4109401;43;133;2008;
PR;4109401;43;15;2008;
PR;4109401;43;196;2008;
PR;4109401;43;199;2008;
PR;4109401;43;211;2008;
PR;4109401;43;212;2008;POINT(-51.46894 -25.399)
PR;4109401;43;243;2008;POINT(-51.47837 -25.39)
PR;4109401;43;245;2008;POINT(-51.47837 -25.39)
PR;4109401;43;253;2008;
PR;4109401;43;258;2008;
PR;4109401;43;27;2008;
PR;4109401;43;282;2008;POINT(-51.5047057 -25.3884673)
PR;4109401;43;295;2008;
PR;4109401;43;299;2008;POINT(-51.4871422 -25.4120869)
PR;4109401;43;30;2008;
PR;4109401;43;308;2008;POINT(-51.4771107 -25.3562654)
PR;4109401;43;314;2008;POINT(-51.4697663 -25.4061597)
PR;4109401;43;33;2008;POINT(-51.46376 -25.39634)
PR;4109401;43;81;2008;POINT(-51.4697663 -25.4061597)
PR;4109401;43;85;2008;POINT(-51.4697663 -25.4061597)
PR;4109401;43;86;2008;POINT(-51.46231 -25.43383)
PR;4109401;43;9;2008;
PR;4109401;43;92;2008;POINT(-51.4883 -25.41445)
PR;4109401;44;10;2008;
PR;4109401;44;136;2008;
PR;4109401;44;199;2008;
PR;4109401;44;200;2008;
PR;4109401;44;21;2008;
PR;4109401;44;216;2008;
PR;4109401;44;24;2008;
PR;4109401;44;253;2008;
PR;4109401;44;255;2008;POINT(-51.44862882 -25.39422858)
PR;4109401;44;272;2008;
PR;4109401;44;284;2008;
PR;4109401;44;286;2008;
PR;4109401;44;288;2008;
PR;4109401;44;307;2008;POINT(-51.44204666 -25.3923831)
PR;4109401;44;309;2008;
PR;4109401;44;311;2008;POINT(-51.462533 -25.3705937)
PR;4109401;44;315;2008;
PR;4109401;44;318;2008;
PR;4109401;44;319;2008;POINT(-51.462533 -25.3705937)
PR;4109401;44;35;2008;
PR;4109401;44;6;2008;
PR;4109401;44;68;2008;
PR;4109609;161;103;2008;POINT(-48.58421938 -25.88452642)
PR;4109609;161;113;2008;POINT(-48.61870692 -25.87933791)
PR;4109609;161;12;2008;
PR;4109609;161;27;2008;
PR;4109609;161;5;2008;
PR;4109609;161;92;2008;
PR;4109708;79;12;2008;POINT(-50.18993009 -23.85047814)
PR;4109708;79;30;2008;POINT(-50.1908389 -23.8419058)
PR;4109708;79;39;2008;
PR;4109708;79;44;2008;
PR;4109708;79;57;2008;POINT(-50.33653376 -23.60549567)
PR;4109708;79;60;2008;POINT(-50.33653376 -23.60549567)
PR;4109708;79;72;2008;
PR;4109708;79;78;2008;
PR;4109708;79;86;2008;POINT(-50.194608 -23.8528254)
PR;4109708;79;89;2008;
PR;4109807;80;26;2008;
PR;4109807;80;29;2008;
PR;4109807;80;32;2008;
PR;4109807;80;33;2008;
PR;4109807;80;42;2008;
PR;4109807;80;43;2008;
PR;4109807;80;44;2008;
PR;4109807;80;47;2008;
PR;4109807;80;80;2008;POINT(-51.0537004 -23.2695592)
PR;4109807;80;81;2008;
PR;4109807;80;84;2008;
PR;4109807;80;90;2008;
PR;4109906;172;23;2008;
PR;4109906;172;25;2008;
PR;4109906;172;3;2008;
PR;4109906;172;6;2008;
PR;4110102;29;101;2008;
PR;4110102;29;106;2008;
PR;4110102;29;116;2008;
PR;4110102;29;118;2008;POINT(-50.604019 -25.229125)
PR;4110102;29;120;2008;POINT(-50.6105346 -25.2297798)
PR;4110102;29;17;2008;
PR;4110102;29;49;2008;
PR;4110102;29;71;2008;
PR;4110102;29;76;2008;
PR;4110102;29;82;2008;
PR;4110102;29;86;2008;
PR;4110102;29;88;2008;
PR;4110102;29;94;2008;
PR;4110508;36;10;2008;POINT(-50.58457 -25.02714)
PR;4110508;36;12;2008;
PR;4110508;36;21;2008;
PR;4110508;36;30;2008;
PR;4110508;36;33;2008;
PR;4110508;36;39;2008;
PR;4110508;36;8;2008;POINT(-50.5868177 -25.0230146)
PR;4110607;97;16;2008;
PR;4110607;97;43;2008;POINT(-53.705228 -24.0047472)
PR;4110607;97;93;2008;POINT(-53.705228 -24.0047472)
PR;4110706;34;106;2008;POINT(-50.84027863 -25.52040703)
PR;4110706;34;122;2008;
PR;4110706;34;124;2008;
PR;4110706;34;141;2008;
PR;4110706;34;167;2008;POINT(-50.65358958 -25.49953696)
PR;4110706;34;172;2008;
PR;4110706;34;39;2008;POINT(-50.6428164 -25.4646161)
PR;4110706;34;50;2008;POINT(-50.65873 -25.52276)
PR;4110706;34;71;2008;POINT(-50.6544 -25.47713)
PR;4110706;34;72;2008;POINT(-50.6544 -25.47713)
PR;4110706;34;76;2008;
PR;4110706;34;94;2008;
PR;4110805;141;139;2008;
PR;4110805;141;151;2008;
PR;4110805;141;202;2008;
PR;4110805;141;31;2008;POINT(-52.1054211 -24.422542)
PR;4110805;141;32;2008;POINT(-52.1054211 -24.422542)
PR;4110805;141;34;2008;POINT(-52.0991551 -24.4221784)
PR;4110805;141;49;2008;
PR;4111506;152;23;2008;
PR;4111506;152;43;2008;
PR;4111506;152;88;2008;
PR;4111506;93;122;2008;POINT(-51.6722658 -24.241484)
PR;4111506;93;131;2008;
PR;4111506;93;20;2008;POINT(-51.6722658 -24.241484)
PR;4111506;93;21;2008;POINT(-51.6722658 -24.241484)
PR;4111506;93;23;2008;POINT(-51.6722658 -24.241484)
PR;4111506;93;5;2008;
PR;4111506;93;56;2008;
PR;4111506;93;80;2008;
PR;4111803;24;106;2008;POINT(-49.9786153 -23.1652925)
PR;4111803;24;26;2008;POINT(-49.9783983 -23.1691361)
PR;4111803;24;29;2008;POINT(-49.9783983 -23.1691361)
PR;4111803;24;32;2008;POINT(-49.981337 -23.1630215)
PR;4111803;24;39;2008;POINT(-49.9801958 -23.1641433)
PR;4111803;24;40;2008;POINT(-49.9801958 -23.1641433)
PR;4111803;24;46;2008;POINT(-49.981337 -23.1630215)
PR;4111803;24;50;2008;
PR;4111803;24;52;2008;
PR;4111803;24;74;2008;POINT(-49.9738859 -23.1601836)
PR;4111803;24;92;2008;
PR;4111803;24;97;2008;POINT(-49.9671701 -23.1499984)
PR;4111902;64;15;2008;POINT(-51.5337817 -23.1092924)
PR;4111902;64;26;2008;POINT(-51.537197 -23.11536)
PR;4111902;64;32;2008;POINT(-51.5337817 -23.1092924)
PR;4111902;64;33;2008;POINT(-51.5337817 -23.1092924)
PR;4112009;18;105;2008;POINT(-49.7339862 -24.2705377)
PR;4112009;18;76;2008;
PR;4112009;18;81;2008;POINT(-49.73429 -24.27203)
PR;4112009;18;82;2008;
PR;4112108;70;112;2008;POINT(-51.6549 -23.59864)
PR;4112108;70;21;2008;POINT(-51.644094 -23.601915)
PR;4112801;55;24;2008;POINT(-49.9233521 -23.5031411)
PR;4112801;55;26;2008;POINT(-49.9233521 -23.5031411)
PR;4112801;55;27;2008;POINT(-49.9233521 -23.5031411)
PR;4113205;10;106;2008;
PR;4113205;10;115;2008;
PR;4113205;10;122;2008;
PR;4113205;10;123;2008;
PR;4113205;10;126;2008;
PR;4113205;10;43;2008;POINT(-49.7154565 -25.7709204)
PR;4113205;10;58;2008;POINT(-49.7203653 -25.7700429)
PR;4113205;10;61;2008;POINT(-49.7203653 -25.7700429)
PR;4113205;10;89;2008;
PR;4113304;45;114;2008;POINT(-52.4200176 -25.4025803)
PR;4113304;45;181;2008;
PR;4113304;45;198;2008;
PR;4113304;45;47;2008;POINT(-52.4200176 -25.4025803)
PR;4113304;45;49;2008;POINT(-52.4200176 -25.4025803)
PR;4113304;45;52;2008;POINT(-52.4200176 -25.4025803)
PR;4113502;85;103;2008;
PR;4113502;85;20;2008;
PR;4113502;85;21;2008;
PR;4113502;85;24;2008;
PR;4113502;85;31;2008;POINT(-53.135275 -22.9205819)
PR;4113502;85;46;2008;
PR;4113502;85;51;2008;
PR;4113502;85;96;2008;
PR;4113700;146;115;2008;
PR;4113700;146;119;2008;
PR;4113700;146;131;2008;POINT(-51.184872 -23.608885)
PR;4113700;146;182;2008;POINT(-51.088413 -23.690676)
PR;4113700;146;183;2008;
PR;4113700;146;79;2008;POINT(-51.1711514 -23.3311681)
PR;4113700;157;100;2008;POINT(-51.143147 -23.2656492)
PR;4113700;157;107;2008;POINT(-51.1452848 -23.261292)
PR;4113700;157;111;2008;POINT(-51.1482891 -23.263009)
PR;4113700;157;113;2008;POINT(-51.1482891 -23.263009)
PR;4113700;157;125;2008;POINT(-51.1395303 -23.2508306)
PR;4113700;157;127;2008;POINT(-51.1395303 -23.2508306)
PR;4113700;157;135;2008;POINT(-51.1409807 -23.2536003)
PR;4113700;157;151;2008;POINT(-51.175633 -23.2676084)
PR;4113700;157;159;2008;
PR;4113700;157;163;2008;
PR;4113700;157;175;2008;POINT(-51.1786783 -23.2600993)
PR;4113700;157;187;2008;POINT(-51.175633 -23.2676084)
PR;4113700;157;193;2008;POINT(-51.1482565 -23.2561409)
PR;4113700;157;200;2008;POINT(-51.143147 -23.2656492)
PR;4113700;157;201;2008;
PR;4113700;157;212;2008;POINT(-51.1429808 -23.2514414)
PR;4113700;157;215;2008;POINT(-51.1742345 -23.2816825)
PR;4113700;157;217;2008;POINT(-51.1409807 -23.2536003)
PR;4113700;157;221;2008;
PR;4113700;157;231;2008;POINT(-51.1516016 -23.2804094)
PR;4113700;157;236;2008;POINT(-51.1395303 -23.2508306)
PR;4113700;157;244;2008;POINT(-51.1786783 -23.2600993)
PR;4113700;157;245;2008;POINT(-51.1409807 -23.2536003)
PR;4113700;157;259;2008;
PR;4113700;157;260;2008;
PR;4113700;157;266;2008;
PR;4113700;157;268;2008;
PR;4113700;157;270;2008;
PR;4113700;157;275;2008;
PR;4113700;157;60;2008;POINT(-51.1579908 -23.2794989)
PR;4113700;157;66;2008;POINT(-51.163374 -23.2768314)
PR;4113700;157;70;2008;POINT(-51.1516016 -23.2804094)
PR;4113700;157;74;2008;POINT(-51.1516016 -23.2804094)
PR;4113700;157;75;2008;POINT(-51.1727668 -23.2783992)
PR;4113700;189;101;2008;POINT(-51.2012216 -23.2857301)
PR;4113700;189;110;2008;POINT(-51.2022606 -23.2897475)
PR;4113700;189;111;2008;POINT(-51.2012216 -23.2857301)
PR;4113700;189;114;2008;POINT(-51.1945551 -23.2856976)
PR;4113700;189;18;2008;POINT(-51.17556 -23.29464)
PR;4113700;189;37;2008;POINT(-51.1981007 -23.2935056)
PR;4113700;189;43;2008;POINT(-51.2022606 -23.2897475)
PR;4113700;189;46;2008;POINT(-51.2022606 -23.2897475)
PR;4113700;189;50;2008;
PR;4113700;189;64;2008;POINT(-51.1429394 -23.2824516)
PR;4113700;189;76;2008;POINT(-51.1241033 -23.2832072)
PR;4113700;189;77;2008;
PR;4113700;189;83;2008;
PR;4113700;189;91;2008;
PR;4113700;190;101;2008;POINT(-51.129415 -23.3706316)
PR;4113700;190;103;2008;POINT(-51.129415 -23.3706316)
PR;4113700;190;133;2008;
PR;4113700;190;135;2008;POINT(-51.1097788 -23.3242626)
PR;4113700;190;142;2008;POINT(-51.1389459 -23.3676633)
PR;4113700;190;146;2008;POINT(-51.1097788 -23.3242626)
PR;4113700;190;149;2008;
PR;4113700;190;159;2008;POINT(-51.1101 -23.32907)
PR;4113700;190;18;2008;POINT(-51.1318138 -23.3256317)
PR;4113700;190;183;2008;POINT(-51.1097788 -23.3242626)
PR;4113700;190;187;2008;POINT(-51.1493728 -23.3338866)
PR;4113700;190;196;2008;POINT(-51.1097788 -23.3242626)
PR;4113700;190;5;2008;POINT(-51.1101 -23.32907)
PR;4113700;190;56;2008;POINT(-51.1516377 -23.327986)
PR;4113700;190;58;2008;POINT(-51.1516377 -23.327986)
PR;4113700;190;62;2008;POINT(-51.1435745 -23.3321856)
PR;4113700;190;71;2008;
PR;4113700;190;72;2008;
PR;4113700;190;73;2008;
PR;4113700;190;80;2008;POINT(-51.1458487 -23.3607956)
PR;4113700;190;81;2008;POINT(-51.1458487 -23.3607956)
PR;4113700;190;84;2008;POINT(-51.1458487 -23.3607956)
PR;4113700;190;9;2008;POINT(-51.1263022 -23.3255025)
PR;4113700;190;98;2008;POINT(-51.129415 -23.3706316)
PR;4113700;191;12;2008;POINT(-51.2016784 -23.3013924)
PR;4113700;191;120;2008;POINT(-51.1555886 -23.3693056)
PR;4113700;191;123;2008;POINT(-51.2138364 -23.3129597)
PR;4113700;191;130;2008;POINT(-51.152104 -23.3755393)
PR;4113700;191;140;2008;POINT(-51.2138364 -23.3129597)
PR;4113700;191;143;2008;POINT(-51.1730032 -23.3033893)
PR;4113700;191;149;2008;POINT(-51.2268286 -23.3194543)
PR;4113700;191;152;2008;POINT(-51.1555886 -23.3693056)
PR;4113700;191;19;2008;
PR;4113700;191;23;2008;POINT(-51.206715 -23.3044885)
PR;4113700;191;35;2008;
PR;4113700;191;38;2008;POINT(-51.1951655 -23.3143552)
PR;4113700;191;4;2008;POINT(-51.2016784 -23.3013924)
PR;4113700;191;44;2008;POINT(-51.1902224 -23.3065012)
PR;4113700;191;47;2008;POINT(-51.1792477 -23.302361)
PR;4113700;191;50;2008;POINT(-51.1792477 -23.302361)
PR;4113700;191;52;2008;POINT(-51.1792477 -23.302361)
PR;4113700;191;53;2008;POINT(-51.1792477 -23.302361)
PR;4113700;191;58;2008;POINT(-51.18383 -23.3040231)
PR;4113700;191;6;2008;POINT(-51.2016784 -23.3013924)
PR;4113700;191;60;2008;POINT(-51.1730032 -23.3033893)
PR;4113700;191;78;2008;POINT(-51.18025 -23.31803)
PR;4113700;191;82;2008;POINT(-51.18534 -23.3140043)
PR;4113700;191;89;2008;POINT(-51.2268286 -23.3194543)
PR;4113700;191;9;2008;POINT(-51.2016784 -23.3013924)
PR;4113700;191;95;2008;POINT(-51.1555886 -23.3693056)
PR;4113700;41;102;2008;POINT(-51.1429888 -23.2997048)
PR;4113700;41;108;2008;POINT(-51.1357188 -23.2952374)
PR;4113700;41;122;2008;POINT(-51.1493751 -23.299962)
PR;4113700;41;129;2008;POINT(-51.15652 -23.29647)
PR;4113700;41;144;2008;POINT(-51.1681096 -23.2994769)
PR;4113700;41;165;2008;POINT(-51.1440688 -23.294058)
PR;4113700;41;176;2008;POINT(-51.1585033 -23.3024333)
PR;4113700;41;189;2008;POINT(-51.1357188 -23.2952374)
PR;4113700;41;195;2008;POINT(-51.1363723 -23.3119866)
PR;4113700;41;23;2008;
PR;4113700;41;24;2008;
PR;4113700;41;26;2008;
PR;4113700;41;27;2008;
PR;4113700;41;29;2008;
PR;4113700;41;75;2008;POINT(-51.1363723 -23.3119866)
PR;4113700;41;83;2008;POINT(-51.13 -23.30722)
PR;4113700;41;84;2008;POINT(-51.13 -23.30722)
PR;4113700;41;88;2008;POINT(-51.1463494 -23.3095604)
PR;4113700;41;95;2008;POINT(-51.1429888 -23.2997048)
PR;4113700;42;14;2008;
PR;4113700;42;169;2008;POINT(-51.1486321 -23.3475894)
PR;4113700;42;17;2008;POINT(-51.158744 -23.3124272)
PR;4113700;42;176;2008;POINT(-51.1543421 -23.3278916)
PR;4113700;42;184;2008;
PR;4113700;42;187;2008;POINT(-51.1656 -23.32075)
PR;4113700;42;30;2008;
PR;4113700;42;58;2008;POINT(-51.1656 -23.32075)
PR;4113700;42;6;2008;POINT(-51.1634631 -23.3123023)
PR;4113700;42;64;2008;POINT(-51.1656 -23.32075)
PR;4113700;42;9;2008;
PR;4113700;42;90;2008;POINT(-51.1543421 -23.3278916)
PR;4114005;170;33;2008;POINT(-52.5281652 -24.3091596)
PR;4114005;170;34;2008;POINT(-52.5281652 -24.3091596)
PR;4114005;170;55;2008;
PR;4114104;102;28;2008;
PR;4114104;102;68;2008;
PR;4114104;102;72;2008;
PR;4114203;60;1;2008;
PR;4114203;60;14;2008;POINT(-51.6757763 -23.524997)
PR;4114203;60;17;2008;POINT(-51.6757763 -23.524997)
PR;4114203;60;25;2008;POINT(-51.67141 -23.52931)
PR;4114203;60;26;2008;POINT(-51.67141 -23.52931)
PR;4114203;60;28;2008;POINT(-51.67141 -23.52931)
PR;4114203;60;4;2008;
PR;4114203;60;43;2008;
PR;4114203;60;45;2008;
PR;4114203;60;49;2008;POINT(-51.69755 -23.5111)
PR;4114203;60;74;2008;POINT(-51.69413 -23.5188)
PR;4114401;168;12;2008;
PR;4114401;168;21;2008;
PR;4114401;168;43;2008;
PR;4114401;168;50;2008;
PR;4114401;168;6;2008;
PR;4114401;168;67;2008;
PR;4114401;168;7;2008;
PR;4114500;196;108;2008;POINT(-51.6622495 -24.514473)
PR;4114500;196;111;2008;POINT(-51.6622495 -24.514473)
PR;4114500;196;112;2008;POINT(-51.6622495 -24.514473)
PR;4114500;196;118;2008;POINT(-51.668372 -24.514456)
PR;4114500;196;119;2008;POINT(-51.668372 -24.514456)
PR;4114500;196;132;2008;
PR;4114500;196;144;2008;
PR;4114500;196;148;2008;POINT(-51.679525 -24.43648333)
PR;4114500;196;72;2008;
PR;4114609;121;133;2008;
PR;4114609;121;17;2008;
PR;4114609;121;185;2008;
PR;4114609;121;45;2008;
PR;4114609;121;80;2008;
PR;4114807;81;122;2008;
PR;4114807;81;159;2008;
PR;4114807;81;18;2008;
PR;4114807;81;31;2008;
PR;4114807;81;38;2008;
PR;4114807;81;40;2008;POINT(-51.9719901 -23.5537395)
PR;4114807;81;47;2008;POINT(-51.7937103 -23.479018)
PR;4114807;81;48;2008;POINT(-51.7937103 -23.479018)
PR;4114906;76;110;2008;POINT(-51.3095183 -23.7451004)
PR;4114906;76;12;2008;POINT(-51.30255 -23.74738)
PR;4114906;76;24;2008;
PR;4114906;76;33;2008;POINT(-51.30255 -23.74738)
PR;4114906;76;37;2008;POINT(-51.3095183 -23.7451004)
PR;4114906;76;60;2008;
PR;4115200;137;102;2008;POINT(-51.9127 -23.41481)
PR;4115200;137;145;2008;POINT(-51.9152 -23.39653)
PR;4115200;137;152;2008;POINT(-51.9152 -23.39653)
PR;4115200;137;221;2008;POINT(-51.8881288 -23.4144203)
PR;4115200;137;235;2008;
PR;4115200;137;254;2008;POINT(-51.8972516 -23.4143403)
PR;4115200;137;255;2008;POINT(-51.9127 -23.41481)
PR;4115200;137;269;2008;POINT(-51.8983576 -23.4178242)
PR;4115200;137;270;2008;POINT(-51.9108102 -23.3986828)
PR;4115200;137;272;2008;
PR;4115200;137;274;2008;POINT(-51.9049077 -23.3880957)
PR;4115200;137;69;2008;POINT(-51.8944602 -23.4031507)
PR;4115200;137;70;2008;POINT(-51.8944602 -23.4031507)
PR;4115200;137;71;2008;POINT(-51.8944602 -23.4031507)
PR;4115200;137;75;2008;
PR;4115200;137;94;2008;POINT(-51.9127 -23.41481)
PR;4115200;137;97;2008;POINT(-51.9127 -23.41481)
PR;4115200;154;114;2008;
PR;4115200;154;138;2008;POINT(-52.0535686 -23.5255961)
PR;4115200;154;156;2008;POINT(-51.8900363 -23.415126)
PR;4115200;154;183;2008;
PR;4115200;154;184;2008;
PR;4115200;154;206;2008;
PR;4115200;154;210;2008;
PR;4115200;154;217;2008;POINT(-51.9070531 -23.4548583)
PR;4115200;154;218;2008;
PR;4115200;154;230;2008;POINT(-51.9249952 -23.4586312)
PR;4115200;154;29;2008;
PR;4115200;154;42;2008;POINT(-51.9146321 -23.4310336)
PR;4115200;154;46;2008;POINT(-51.90412 -23.43021)
PR;4115200;154;61;2008;POINT(-51.919624 -23.4614971)
PR;4115200;154;64;2008;
PR;4115200;154;86;2008;POINT(-51.959955 -23.4515069)
PR;4115200;154;89;2008;POINT(-51.959955 -23.4515069)
PR;4115200;154;93;2008;POINT(-52.0535686 -23.5255961)
PR;4115200;154;99;2008;
PR;4115200;192;14;2008;POINT(-51.92914 -23.40536)
PR;4115200;192;16;2008;POINT(-51.92914 -23.40536)
PR;4115200;192;169;2008;POINT(-51.9320347 -23.3798585)
PR;4115200;192;172;2008;POINT(-51.9361792 -23.3875051)
PR;4115200;192;174;2008;POINT(-51.9319653 -23.4027688)
PR;4115200;192;2;2008;POINT(-51.92914 -23.40536)
PR;4115200;192;37;2008;POINT(-51.9399913 -23.404717)
PR;4115200;192;52;2008;POINT(-51.9541303 -23.414595)
PR;4115200;192;54;2008;POINT(-51.9541303 -23.414595)
PR;4115200;192;57;2008;POINT(-51.9541303 -23.414595)
PR;4115200;192;7;2008;POINT(-51.92914 -23.40536)
PR;4115200;192;74;2008;POINT(-51.9319653 -23.4027688)
PR;4115200;192;86;2008;POINT(-51.94073 -23.38171)
PR;4115200;192;87;2008;POINT(-51.94073 -23.38171)
PR;4115200;192;94;2008;POINT(-51.9120811 -23.4292162)
PR;4115200;192;96;2008;
PR;4115200;192;99;2008;
PR;4115200;193;10;2008;POINT(-51.9588432 -23.433587)
PR;4115200;193;109;2008;POINT(-51.9532894 -23.422096)
PR;4115200;193;119;2008;POINT(-51.9595921 -23.4037824)
PR;4115200;193;127;2008;POINT(-51.9786649 -23.3967141)
PR;4115200;193;13;2008;POINT(-51.9588432 -23.433587)
PR;4115200;193;22;2008;POINT(-51.96832 -23.42593)
PR;4115200;193;25;2008;
PR;4115200;193;30;2008;
PR;4115200;193;35;2008;POINT(-51.954531 -23.4226729)
PR;4115200;193;36;2008;POINT(-51.954531 -23.4226729)
PR;4115200;193;43;2008;POINT(-51.9532894 -23.422096)
PR;4115200;193;46;2008;POINT(-51.9486746 -23.4161349)
PR;4115200;193;48;2008;POINT(-51.9486746 -23.4161349)
PR;4115200;193;49;2008;POINT(-51.9486746 -23.4161349)
PR;4115200;193;5;2008;
PR;4115200;193;71;2008;POINT(-52.06462 -23.37141)
PR;4115200;193;75;2008;POINT(-51.9674957 -23.3944286)
PR;4115200;193;97;2008;POINT(-52.06462 -23.37141)
PR;4115200;66;144;2008;POINT(-51.9393146 -23.4278876)
PR;4115200;66;22;2008;POINT(-51.9393146 -23.4278876)
PR;4115200;66;24;2008;POINT(-51.9393146 -23.4278876)
PR;4115200;66;38;2008;POINT(-51.9317717 -23.4305337)
PR;4115200;66;39;2008;POINT(-51.9395457 -23.4330841)
PR;4115200;66;5;2008;POINT(-51.94222 -23.4270698)
PR;4115200;66;50;2008;POINT(-51.9197915 -23.422946)
PR;4115200;66;51;2008;POINT(-51.9197915 -23.422946)
PR;4115200;66;59;2008;
PR;4115606;118;108;2008;
PR;4115606;118;127;2008;
PR;4115606;118;3;2008;POINT(-53.982247 -25.2375537)
PR;4115606;118;44;2008;
PR;4115606;118;73;2008;
PR;4115606;118;85;2008;POINT(-53.9694236 -25.245259)
PR;4115606;118;89;2008;
PR;4115705;194;100;2008;
PR;4115705;194;118;2008;
PR;4115705;194;127;2008;
PR;4115705;194;134;2008;
PR;4115705;194;160;2008;POINT(-48.53608 -25.82066)
PR;4115705;194;51;2008;
PR;4115705;194;56;2008;
PR;4115804;114;108;2008;
PR;4115804;114;116;2008;POINT(-54.0829006 -25.2762004)
PR;4115804;114;117;2008;
PR;4115804;114;125;2008;POINT(-54.0923617 -25.2923559)
PR;4115804;114;147;2008;
PR;4115804;114;22;2008;POINT(-54.0923617 -25.2923559)
PR;4115804;114;26;2008;POINT(-54.1002293 -25.2934815)
PR;4115804;114;38;2008;POINT(-54.0908229 -25.3027872)
PR;4115804;114;39;2008;POINT(-54.0908229 -25.3027872)
PR;4115804;114;61;2008;
PR;4115804;114;69;2008;
PR;4115804;114;78;2008;
PR;4115804;114;92;2008;
PR;4116208;51;1;2008;POINT(-48.82897 -25.47822)
PR;4116208;51;19;2008;
PR;4116208;51;41;2008;POINT(-48.82897 -25.47822)
PR;4116901;71;104;2008;POINT(-52.2067117 -23.1817512)
PR;4116901;71;16;2008;
PR;4116901;71;39;2008;
PR;4116901;71;41;2008;
PR;4116901;71;42;2008;
PR;4116901;71;51;2008;POINT(-52.2052701 -23.1856551)
PR;4116901;71;54;2008;POINT(-52.2052701 -23.1856551)
PR;4116901;71;63;2008;POINT(-52.197695 -23.1850182)
PR;4116901;71;82;2008;POINT(-52.18527 -23.1833429)
PR;4116901;71;86;2008;POINT(-52.18527 -23.1833429)
PR;4116901;71;87;2008;POINT(-52.197695 -23.1850182)
PR;4117008;108;1;2008;POINT(-50.56029 -23.43488)
PR;4117008;108;11;2008;
PR;4117008;108;23;2008;
PR;4117107;96;25;2008;
PR;4117107;96;79;2008;
PR;4117305;167;18;2008;POINT(-50.926357 -24.211393)
PR;4117305;167;4;2008;
PR;4117305;167;45;2008;
PR;4117305;167;5;2008;POINT(-50.9261873 -24.205822)
PR;4117305;167;66;2008;
PR;4117305;167;7;2008;POINT(-50.9261873 -24.205822)
PR;4117305;167;87;2008;
PR;4117602;32;106;2008;POINT(-52.0085383 -26.4702093)
PR;4117602;32;109;2008;
PR;4117602;32;20;2008;POINT(-51.9907228 -26.4836824)
PR;4117602;32;28;2008;POINT(-51.9908548 -26.4849462)
PR;4117602;32;42;2008;POINT(-52.0033496 -26.4705206)
PR;4117602;32;49;2008;
PR;4117602;32;59;2008;
PR;4117602;32;68;2008;POINT(-51.9900906 -26.487646)
PR;4117602;32;75;2008;
PR;4117602;32;78;2008;POINT(-51.9877 -26.48004)
PR;4117602;32;81;2008;POINT(-51.9907228 -26.4836824)
PR;4117701;13;16;2008;POINT(-50.0091978 -25.4327501)
PR;4117701;13;25;2008;POINT(-49.9939897 -25.4181627)
PR;4117701;13;4;2008;
PR;4117701;13;62;2008;POINT(-49.82194 -25.42505)
PR;4117701;13;67;2008;
PR;4117701;13;72;2008;POINT(-49.9939897 -25.4181627)
PR;4117701;13;73;2008;
PR;4117701;13;9;2008;
PR;4117800;134;103;2008;
PR;4117800;134;13;2008;
PR;4117800;134;40;2008;
PR;4117800;134;67;2008;
PR;4117800;134;91;2008;
PR;4117909;124;11;2008;POINT(-53.844949 -24.2802067)
PR;4117909;124;64;2008;
PR;4117909;124;85;2008;
PR;4117909;124;91;2008;POINT(-53.8537005 -24.2832596)
PR;4118006;100;16;2008;
PR;4118006;100;17;2008;
PR;4118204;158;122;2008;
PR;4118204;158;123;2008;
PR;4118204;158;134;2008;
PR;4118204;158;148;2008;POINT(-48.5331 -25.51556)
PR;4118204;158;171;2008;POINT(-48.6266141 -25.5574138)
PR;4118204;158;177;2008;
PR;4118204;158;181;2008;
PR;4118204;158;182;2008;
PR;4118204;158;188;2008;
PR;4118204;158;189;2008;
PR;4118204;158;194;2008;POINT(-48.5507117 -25.5278736)
PR;4118204;158;211;2008;
PR;4118204;158;214;2008;
PR;4118204;158;223;2008;
PR;4118204;158;233;2008;
PR;4118204;158;33;2008;
PR;4118204;158;34;2008;
PR;4118204;158;36;2008;
PR;4118204;158;44;2008;
PR;4118204;158;50;2008;
PR;4118204;158;84;2008;
PR;4118204;5;103;2008;
PR;4118204;5;112;2008;POINT(-48.50315 -25.52772)
PR;4118204;5;116;2008;POINT(-48.50315 -25.52772)
PR;4118204;5;167;2008;
PR;4118204;5;181;2008;POINT(-48.52045 -25.53138)
PR;4118204;5;183;2008;POINT(-48.52045 -25.53138)
PR;4118204;5;194;2008;
PR;4118204;5;28;2008;
PR;4118204;5;8;2008;
PR;4118204;5;99;2008;
PR;4118402;138;32;2008;POINT(-52.4456779 -23.0779524)
PR;4118402;138;33;2008;POINT(-52.4456779 -23.0779524)
PR;4118402;138;38;2008;POINT(-52.4456779 -23.0779524)
PR;4118402;138;70;2008;
PR;4118402;138;77;2008;
PR;4118402;72;103;2008;POINT(-52.4539561 -23.084552)
PR;4118402;72;12;2008;POINT(-52.4555237 -23.0743817)
PR;4118402;72;14;2008;POINT(-52.4787417 -23.0959718)
PR;4118402;72;58;2008;POINT(-52.4688444 -23.079443)
PR;4118402;72;62;2008;POINT(-52.4688444 -23.079443)
PR;4118402;72;64;2008;POINT(-52.4688444 -23.079443)
PR;4118402;72;79;2008;POINT(-52.4688444 -23.079443)
PR;4118402;72;89;2008;POINT(-52.4539561 -23.084552)
PR;4118501;151;70;2008;
PR;4118501;73;10;2008;POINT(-52.6900785 -26.262459)
PR;4118501;73;110;2008;
PR;4118501;73;115;2008;POINT(-52.702819 -26.241998)
PR;4118501;73;119;2008;
PR;4118501;73;122;2008;POINT(-52.6900785 -26.262459)
PR;4118501;73;129;2008;POINT(-52.66992 -26.24115)
PR;4118501;73;132;2008;POINT(-52.6691 -26.22803)
PR;4118501;73;135;2008;POINT(-52.67878 -26.25915)
PR;4118501;73;146;2008;POINT(-52.6835151 -26.2314026)
PR;4118501;73;15;2008;
PR;4118501;73;152;2008;POINT(-52.702819 -26.241998)
PR;4118501;73;187;2008;POINT(-52.6856353 -26.2578331)
PR;4118501;73;188;2008;POINT(-52.6675191 -26.219958)
PR;4118501;73;19;2008;
PR;4118501;73;197;2008;POINT(-52.67878 -26.25915)
PR;4118501;73;199;2008;POINT(-52.702819 -26.241998)
PR;4118501;73;204;2008;POINT(-52.6808096 -26.2640835)
PR;4118501;73;27;2008;
PR;4118501;73;33;2008;POINT(-52.6802 -26.23226)
PR;4118501;73;39;2008;POINT(-52.6691 -26.22803)
PR;4118501;73;46;2008;
PR;4118501;73;50;2008;POINT(-52.6691 -26.22803)
PR;4118501;73;58;2008;POINT(-52.666286 -26.225298)
PR;4118501;73;71;2008;POINT(-52.6733025 -26.2353098)
PR;4118808;74;30;2008;POINT(-52.3399592 -23.9160496)
PR;4118808;74;38;2008;POINT(-52.34196 -23.91879)
PR;4118808;74;40;2008;POINT(-52.34196 -23.91879)
PR;4118808;74;5;2008;
PR;4118907;135;21;2008;
PR;4119152;187;102;2008;POINT(-49.161846 -25.42892)
PR;4119152;187;107;2008;POINT(-49.1550702 -25.4294647)
PR;4119152;187;109;2008;POINT(-49.1550702 -25.4294647)
PR;4119152;187;126;2008;POINT(-49.16681 -25.43913)
PR;4119152;187;162;2008;POINT(-49.1801309 -25.4024596)
PR;4119152;187;163;2008;POINT(-49.1550702 -25.4294647)
PR;4119152;187;166;2008;POINT(-49.1550702 -25.4294647)
PR;4119152;187;179;2008;POINT(-49.180996 -25.4176655)
PR;4119152;187;187;2008;POINT(-49.179901 -25.399453)
PR;4119152;187;192;2008;POINT(-49.1581138 -25.4418795)
PR;4119152;187;75;2008;POINT(-49.1837463 -25.441967)
PR;4119152;187;79;2008;POINT(-49.17353 -25.44142)
PR;4119152;187;81;2008;POINT(-49.17353 -25.44142)
PR;4119152;187;86;2008;POINT(-49.1735918 -25.4446796)
PR;4119152;188;110;2008;
PR;4119152;188;118;2008;POINT(-49.1850692 -25.4502242)
PR;4119152;188;129;2008;POINT(-49.1834315 -25.4249349)
PR;4119152;188;162;2008;POINT(-49.1918081 -25.4386227)
PR;4119152;188;172;2008;POINT(-49.1988083 -25.4382591)
PR;4119152;188;177;2008;POINT(-49.1982496 -25.4371518)
PR;4119152;188;227;2008;POINT(-49.1928172 -25.4003273)
PR;4119152;188;238;2008;POINT(-49.1854084 -25.4540872)
PR;4119152;188;270;2008;POINT(-49.1831012 -25.4567388)
PR;4119152;188;271;2008;POINT(-49.1831012 -25.4567388)
PR;4119152;188;308;2008;POINT(-49.1821221 -25.4183338)
PR;4119152;188;316;2008;
PR;4119152;188;321;2008;
PR;4119152;188;348;2008;POINT(-49.1884931 -25.4056304)
PR;4119301;160;105;2008;POINT(-51.6445272 -25.7047153)
PR;4119301;160;107;2008;POINT(-51.64472 -25.695)
PR;4119301;160;13;2008;POINT(-51.663895 -25.7010285)
PR;4119301;160;32;2008;
PR;4119301;160;4;2008;
PR;4119301;160;53;2008;
PR;4119301;160;6;2008;
PR;4119301;160;88;2008;
PR;4119301;160;90;2008;
PR;4119301;160;92;2008;
PR;4119400;27;11;2008;
PR;4119400;27;12;2008;
PR;4119400;27;19;2008;POINT(-49.9370764 -24.5337428)
PR;4119400;27;24;2008;POINT(-49.9370764 -24.5337428)
PR;4119400;27;32;2008;
PR;4119400;27;42;2008;
PR;4119400;27;44;2008;
PR;4119400;27;55;2008;POINT(-49.9459083 -24.5328923)
PR;4119509;155;105;2008;POINT(-49.16444 -25.45611)
PR;4119509;155;106;2008;POINT(-49.16444 -25.45611)
PR;4119509;155;108;2008;POINT(-49.16444 -25.45611)
PR;4119509;155;143;2008;POINT(-49.10297 -25.45436)
PR;4119509;155;162;2008;POINT(-49.1569318 -25.4601663)
PR;4119509;155;322;2008;POINT(-49.055567 -25.4501119)
PR;4119509;155;368;2008;POINT(-49.1270573 -25.4555301)
PR;4119509;155;371;2008;
PR;4119509;155;376;2008;POINT(-49.05612 -25.42778)
PR;4119509;155;380;2008;POINT(-49.1572977 -25.4570625)
PR;4119509;155;382;2008;POINT(-49.1270573 -25.4555301)
PR;4119509;155;387;2008;POINT(-49.08194 -25.45472)
PR;4119509;155;392;2008;POINT(-49.0928981 -25.4372454)
PR;4119509;155;395;2008;POINT(-49.08194 -25.45472)
PR;4119509;155;397;2008;POINT(-49.06333 -25.45944)
PR;4119509;155;399;2008;POINT(-49.12973 -25.45945)
PR;4119509;155;40;2008;POINT(-49.06084 -25.44277)
PR;4119509;155;402;2008;POINT(-49.055567 -25.4501119)
PR;4119509;155;41;2008;POINT(-49.06084 -25.44277)
PR;4119509;155;43;2008;POINT(-49.06084 -25.44277)
PR;4119608;38;109;2008;
PR;4119608;38;14;2008;
PR;4119608;38;179;2008;
PR;4119608;38;190;2008;
PR;4119608;38;206;2008;
PR;4119608;38;269;2008;POINT(-52.0413 -24.71531)
PR;4119608;38;270;2008;POINT(-52.0413 -24.71531)
PR;4119608;38;286;2008;POINT(-51.7645351 -24.7593111)
PR;4119608;38;289;2008;
PR;4119608;38;57;2008;
PR;4119905;139;174;2008;POINT(-50.1915895 -25.0790986)
PR;4119905;139;190;2008;
PR;4119905;139;195;2008;POINT(-50.2043224 -25.0947572)
PR;4119905;139;197;2008;
PR;4119905;139;200;2008;POINT(-50.2043224 -25.0947572)
PR;4119905;139;211;2008;POINT(-50.18542 -25.08624)
PR;4119905;139;222;2008;
PR;4119905;139;231;2008;POINT(-50.1858013 -25.065029)
PR;4119905;139;242;2008;
PR;4119905;139;246;2008;POINT(-50.2043224 -25.0947572)
PR;4119905;139;34;2008;
PR;4119905;139;37;2008;
PR;4119905;139;39;2008;
PR;4119905;139;43;2008;
PR;4119905;139;50;2008;
PR;4119905;139;53;2008;
PR;4119905;139;68;2008;
PR;4119905;139;71;2008;
PR;4119905;139;92;2008;
PR;4119905;14;122;2008;POINT(-50.1366796 -25.0917591)
PR;4119905;14;124;2008;POINT(-50.1366796 -25.0917591)
PR;4119905;14;145;2008;POINT(-50.1591209 -25.0931506)
PR;4119905;14;29;2008;POINT(-50.15968 -25.093)
PR;4119905;14;31;2008;POINT(-50.15968 -25.093)
PR;4119905;14;40;2008;POINT(-50.1591209 -25.0931506)
PR;4119905;14;49;2008;POINT(-50.1609252 -25.0866233)
PR;4119905;14;51;2008;POINT(-50.1609252 -25.0866233)
PR;4119905;14;59;2008;POINT(-50.14629 -25.1290691)
PR;4119905;14;68;2008;POINT(-50.1468333 -25.0985923)
PR;4119905;14;72;2008;POINT(-50.1435005 -25.120685)
PR;4119905;15;103;2008;POINT(-50.1770553 -25.0849773)
PR;4119905;15;110;2008;
PR;4119905;15;12;2008;
PR;4119905;15;121;2008;
PR;4119905;15;124;2008;POINT(-50.1702611 -25.0866205)
PR;4119905;15;126;2008;POINT(-50.15998 -25.13588)
PR;4119905;15;13;2008;
PR;4119905;15;132;2008;
PR;4119905;15;133;2008;POINT(-50.1660871 -25.1059559)
PR;4119905;15;142;2008;
PR;4119905;15;147;2008;POINT(-50.172049 -25.0963103)
PR;4119905;15;19;2008;POINT(-50.1757742 -25.1027733)
PR;4119905;15;30;2008;
PR;4119905;15;45;2008;
PR;4119905;15;62;2008;
PR;4119905;15;77;2008;
PR;4119905;15;80;2008;POINT(-50.1646112 -25.0943433)
PR;4119905;15;86;2008;POINT(-50.15973 -25.09747)
PR;4119905;197;103;2008;
PR;4119905;197;104;2008;
PR;4119905;197;20;2008;POINT(-50.1545586 -25.0859666)
PR;4119905;197;28;2008;POINT(-50.15769 -25.07616)
PR;4119905;197;30;2008;
PR;4119905;197;41;2008;POINT(-50.1320915 -25.0747833)
PR;4119905;197;48;2008;POINT(-50.1320915 -25.0747833)
PR;4119905;197;57;2008;
PR;4119905;197;58;2008;
PR;4119905;197;65;2008;
PR;4119905;197;89;2008;
PR;4119905;197;98;2008;
PR;4119905;198;112;2008;
PR;4119905;198;21;2008;
PR;4119905;198;25;2008;
PR;4119905;198;46;2008;
PR;4119905;198;54;2008;
PR;4119905;198;74;2008;
PR;4119905;198;91;2008;POINT(-50.1162656 -25.0705902)
PR;4120002;65;24;2008;
PR;4120002;65;32;2008;
PR;4120002;65;68;2008;
PR;4120002;65;82;2008;POINT(-51.3743687 -22.7578369)
PR;4120507;104;16;2008;
PR;4120507;104;21;2008;
PR;4120507;104;8;2008;POINT(-51.022942 -22.848737)
PR;4120606;30;127;2008;
PR;4120606;30;137;2008;
PR;4120606;30;149;2008;
PR;4120606;30;154;2008;
PR;4120606;30;18;2008;
PR;4120606;30;2;2008;
PR;4120606;30;20;2008;
PR;4120606;30;39;2008;
PR;4120606;30;68;2008;
PR;4120606;30;69;2008;
PR;4120606;30;89;2008;
PR;4120606;30;99;2008;
PR;4120903;163;102;2008;
PR;4120903;163;103;2008;POINT(-52.9088572 -25.4467763)
PR;4120903;163;22;2008;
PR;4120903;163;23;2008;
PR;4120903;163;33;2008;
PR;4120903;163;5;2008;POINT(-52.9112997 -25.4532517)
PR;4120903;163;52;2008;
PR;4120903;163;72;2008;POINT(-52.9112997 -25.4532517)
PR;4120903;163;74;2008;
PR;4120903;163;76;2008;
PR;4120903;163;9;2008;
PR;4121406;130;120;2008;
PR;4121406;130;155;2008;
PR;4121406;130;40;2008;
PR;4121406;130;42;2008;
PR;4121406;130;48;2008;
PR;4121406;130;59;2008;
PR;4121406;130;63;2008;
PR;4121406;130;67;2008;
PR;4121406;130;95;2008;
PR;4121505;62;18;2008;POINT(-50.7654703 -25.6026838)
PR;4121505;62;3;2008;POINT(-50.69425536 -25.61962424)
PR;4121505;62;31;2008;
PR;4121505;62;33;2008;
PR;4121505;62;54;2008;
PR;4121505;62;73;2008;
PR;4121505;62;81;2008;
PR;4121703;39;17;2008;POINT(-50.87739 -24.63206)
PR;4121703;39;19;2008;
PR;4121703;39;23;2008;POINT(-50.8204078 -24.4927977)
PR;4121703;39;28;2008;POINT(-50.9608367 -24.41643)
PR;4121703;39;45;2008;
PR;4121703;39;48;2008;POINT(-50.8455732 -24.655526)
PR;4121703;39;57;2008;
PR;4121703;39;66;2008;POINT(-50.8455732 -24.655526)
PR;4121901;82;27;2008;POINT(-50.3551 -23.40659)
PR;4121901;82;32;2008;POINT(-50.3551 -23.40659)
PR;4121901;82;33;2008;POINT(-50.3551 -23.40659)
PR;4121901;82;56;2008;
PR;4122206;156;105;2008;
PR;4122206;156;164;2008;
PR;4122206;156;172;2008;
PR;4122206;156;196;2008;POINT(-49.3134283 -25.1930712)
PR;4122206;156;214;2008;
PR;4122206;156;225;2008;POINT(-49.3138152 -25.1889306)
PR;4122206;156;237;2008;POINT(-49.3028 -25.1908)
PR;4122206;156;94;2008;POINT(-49.3134227 -25.1887107)
PR;4122206;156;98;2008;
PR;4122305;11;109;2008;
PR;4122305;11;122;2008;
PR;4122305;11;133;2008;
PR;4122305;11;137;2008;POINT(-49.7933726 -26.1001432)
PR;4122305;11;148;2008;
PR;4122305;11;16;2008;
PR;4122305;11;161;2008;
PR;4122305;11;169;2008;
PR;4122305;11;57;2008;
PR;4122305;11;64;2008;POINT(-49.7994378 -26.1033859)
PR;4122305;11;70;2008;POINT(-49.7994378 -26.1033859)
PR;4122305;11;85;2008;
PR;4122305;11;87;2008;
PR;4122305;11;93;2008;
PR;4122305;11;94;2008;
PR;4122404;59;11;2008;
PR;4122404;59;118;2008;
PR;4122404;59;124;2008;
PR;4122404;59;21;2008;
PR;4122404;59;25;2008;
PR;4122404;59;29;2008;
PR;4122404;59;30;2008;
PR;4122404;59;42;2008;
PR;4122404;59;48;2008;POINT(-51.3897515 -23.3118667)
PR;4122404;59;52;2008;
PR;4122404;59;66;2008;
PR;4122404;59;71;2008;
PR;4122404;59;87;2008;POINT(-51.3654705 -23.3115083)
PR;4122404;59;99;2008;
PR;4123006;162;2;2008;
PR;4123501;129;19;2008;
PR;4123501;129;20;2008;
PR;4123501;129;22;2008;
PR;4123501;129;3;2008;POINT(-54.3303101 -24.8591729)
PR;4123501;129;41;2008;
PR;4123501;129;42;2008;
PR;4123501;129;48;2008;
PR;4123501;129;63;2008;POINT(-54.329252 -24.859601)
PR;4123501;129;67;2008;
PR;4123501;129;89;2008;
PR;4123501;129;90;2008;POINT(-54.3359907 -24.8692682)
PR;4123709;94;15;2008;POINT(-53.1990926 -23.0005142)
PR;4123709;94;20;2008;POINT(-53.191109 -23.0057315)
PR;4123709;94;23;2008;POINT(-53.198669 -23.003332)
PR;4123709;94;26;2008;POINT(-53.2781839 -23.1326326)
PR;4123709;94;7;2008;
PR;4123907;109;17;2008;
PR;4124103;22;18;2008;POINT(-50.07799 -23.29134)
PR;4124103;22;32;2008;
PR;4124103;22;46;2008;
PR;4124103;22;89;2008;
PR;4124400;83;1;2008;
PR;4124400;83;16;2008;POINT(-53.7280951 -26.0561954)
PR;4124400;83;2;2008;
PR;4124400;83;38;2008;
PR;4124400;83;91;2008;
PR;4124400;83;99;2008;
PR;4124707;63;22;2008;POINT(-50.740144 -23.724765)
PR;4124707;63;26;2008;
PR;4124707;63;28;2008;
PR;4124707;63;38;2008;
PR;4124707;63;43;2008;
PR;4124707;63;46;2008;POINT(-50.740144 -23.724765)
PR;4125001;132;16;2008;
PR;4125001;132;23;2008;POINT(-51.8180267 -23.9874384)
PR;4125001;132;28;2008;POINT(-51.8173097 -23.9878026)
PR;4125001;132;64;2008;
PR;4125001;132;78;2008;POINT(-51.8173097 -23.9878026)
PR;4125100;52;26;2008;
PR;4125100;52;32;2008;
PR;4125100;52;34;2008;
PR;4125100;52;41;2008;
PR;4125100;52;43;2008;
PR;4125506;199;10;2008;
PR;4125506;199;114;2008;
PR;4125506;199;151;2008;POINT(-49.08936 -25.53304)
PR;4125506;199;17;2008;POINT(-49.08936 -25.53304)
PR;4125506;199;182;2008;POINT(-49.140949 -25.4918477)
PR;4125506;199;22;2008;
PR;4125506;199;45;2008;
PR;4125506;199;47;2008;
PR;4125506;199;48;2008;
PR;4125506;199;6;2008;
PR;4125506;199;67;2008;POINT(-49.148751 -25.484441)
PR;4125506;199;70;2008;
PR;4125506;199;8;2008;
PR;4125506;200;12;2008;POINT(-49.12639351 -25.59302985)
PR;4125506;200;130;2008;POINT(-49.16051062 -25.56379887)
PR;4125506;200;144;2008;
PR;4125506;200;50;2008;POINT(-49.1793988 -25.5460053)
PR;4125506;200;52;2008;POINT(-49.1793988 -25.5460053)
PR;4125506;200;53;2008;POINT(-49.1793988 -25.5460053)
PR;4125506;200;60;2008;POINT(-49.24943417 -25.610059)
PR;4125506;200;61;2008;POINT(-49.24943417 -25.610059)
PR;4125506;200;82;2008;POINT(-49.1551982 -25.54769323)
PR;4125506;200;83;2008;POINT(-49.1588046 -25.4924473)
PR;4125506;200;97;2008;POINT(-49.15452961 -25.54053155)
PR;4125506;200;99;2008;POINT(-49.16051062 -25.56379887)
PR;4125506;8;107;2008;POINT(-49.19639 -25.54945)
PR;4125506;8;108;2008;POINT(-49.19639 -25.54945)
PR;4125506;8;127;2008;
PR;4125506;8;128;2008;
PR;4125506;8;131;2008;
PR;4125506;8;133;2008;
PR;4125506;8;140;2008;POINT(-49.2027306 -25.5407531)
PR;4125506;8;185;2008;
PR;4125506;8;199;2008;POINT(-49.2027306 -25.5407531)
PR;4125506;8;20;2008;
PR;4125506;8;239;2008;
PR;4125506;8;24;2008;
PR;4125506;8;240;2008;
PR;4125506;8;246;2008;
PR;4125506;8;264;2008;POINT(-49.2012561 -25.5225284)
PR;4125506;8;270;2008;POINT(-49.2012561 -25.5225284)
PR;4125506;8;54;2008;
PR;4125506;8;80;2008;POINT(-49.20690348 -25.53506263)
PR;4125506;8;87;2008;POINT(-49.2027306 -25.5407531)
PR;4125605;12;1;2008;
PR;4125605;12;118;2008;
PR;4125605;12;26;2008;
PR;4125605;12;44;2008;
PR;4125605;12;49;2008;
PR;4125605;12;56;2008;
PR;4125605;12;57;2008;POINT(-50.3828613 -25.8737201)
PR;4125605;12;75;2008;
PR;4125605;12;9;2008;
PR;4125704;122;16;2008;
PR;4125704;122;3;2008;
PR;4125704;122;4;2008;
PR;4125704;122;43;2008;
PR;4125704;122;57;2008;POINT(-54.2293282 -25.24285866)
PR;4125704;122;67;2008;POINT(-54.23653427 -25.34816685)
PR;4125704;122;72;2008;
PR;4125704;122;73;2008;POINT(-54.23653427 -25.34816685)
PR;4126256;206;101;2008;POINT(-51.87409 -23.44457)
PR;4126256;206;102;2008;
PR;4126256;206;105;2008;POINT(-51.8788339 -23.4288621)
PR;4126256;206;124;2008;POINT(-51.8749598 -23.4202479)
PR;4126256;206;140;2008;
PR;4126256;206;147;2008;POINT(-51.8603646 -23.4314925)
PR;4126256;206;2;2008;POINT(-51.87431 -23.44315)
PR;4126256;206;24;2008;
PR;4126256;206;38;2008;POINT(-51.8704513 -23.4385224)
PR;4126256;206;40;2008;POINT(-51.8704513 -23.4385224)
PR;4126256;206;48;2008;POINT(-51.8672689 -23.4393366)
PR;4126256;206;50;2008;POINT(-51.87887 -23.42835)
PR;4126256;206;53;2008;POINT(-51.87887 -23.42835)
PR;4126256;206;54;2008;POINT(-51.87887 -23.42835)
PR;4126256;206;56;2008;POINT(-51.87887 -23.42835)
PR;4126256;206;64;2008;POINT(-51.8717157 -23.4507648)
PR;4126256;206;74;2008;POINT(-51.8767053 -23.439473)
PR;4126256;206;79;2008;POINT(-51.8767053 -23.439473)
PR;4126256;206;96;2008;POINT(-51.87431 -23.44315)
PR;4126306;54;11;2008;POINT(-49.472138 -24.1152749)
PR;4126306;54;13;2008;
PR;4126306;54;44;2008;
PR;4126504;40;18;2008;POINT(-51.0341572 -23.0580651)
PR;4126603;21;27;2008;POINT(-49.8313411 -23.688788)
PR;4126603;21;49;2008;
PR;4127007;53;20;2008;
PR;4127007;53;5;2008;
PR;4127106;111;109;2008;POINT(-50.6381437 -24.3222299)
PR;4127106;111;111;2008;POINT(-50.6381437 -24.3222299)
PR;4127106;111;127;2008;POINT(-50.613901 -24.330464)
PR;4127106;111;151;2008;
PR;4127106;111;163;2008;POINT(-50.6218323 -24.3312805)
PR;4127106;111;168;2008;
PR;4127106;111;194;2008;POINT(-50.6381437 -24.3222299)
PR;4127106;111;202;2008;POINT(-50.6385803 -24.330699)
PR;4127106;111;203;2008;POINT(-50.6381437 -24.3222299)
PR;4127106;111;210;2008;
PR;4127106;111;229;2008;POINT(-50.6376553 -24.3225348)
PR;4127106;111;71;2008;POINT(-50.620094 -24.32782)
PR;4127106;111;73;2008;POINT(-50.61733 -24.3293)
PR;4127106;111;76;2008;POINT(-50.61733 -24.3293)
PR;4127106;111;86;2008;POINT(-50.6175277 -24.3274052)
PR;4127106;111;92;2008;
PR;4127205;173;12;2008;POINT(-52.4451455 -23.769839)
PR;4127205;173;34;2008;
PR;4127205;173;6;2008;POINT(-52.452849 -23.7745417)
PR;4127205;173;7;2008;POINT(-52.4597026 -23.7672381)
PR;4127304;105;21;2008;POINT(-52.6231503 -22.7330314)
PR;4127403;125;10;2008;
PR;4127403;125;12;2008;POINT(-54.0941896 -24.166985)
PR;4127403;125;26;2008;
PR;4127403;125;33;2008;POINT(-54.0988429 -24.1661371)
PR;4127403;125;62;2008;
PR;4127403;125;63;2008;
PR;4127502;17;30;2008;POINT(-50.4157484 -24.5118122)
PR;4127502;17;31;2008;POINT(-50.4157484 -24.5118122)
PR;4127502;17;40;2008;POINT(-50.4194609 -24.5158877)
PR;4127502;17;43;2008;POINT(-50.4120117 -24.5116872)
PR;4127502;17;57;2008;POINT(-50.4157484 -24.5118122)
PR;4127502;17;62;2008;POINT(-50.4194609 -24.5158877)
PR;4127502;17;7;2008;
PR;4127502;17;8;2008;
PR;4127700;148;21;2008;POINT(-53.7444116 -24.7308965)
PR;4127700;148;53;2008;
PR;4127700;148;9;2008;
PR;4127700;201;108;2008;POINT(-53.748211 -24.764182)
PR;4127700;201;119;2008;
PR;4127700;201;24;2008;
PR;4127700;201;29;2008;
PR;4127700;201;3;2008;
PR;4127700;201;32;2008;
PR;4127700;201;33;2008;
PR;4127700;201;60;2008;
PR;4127700;201;63;2008;
PR;4127700;201;66;2008;
PR;4127700;201;69;2008;
PR;4127700;201;76;2008;POINT(-53.7257769 -24.7346009)
PR;4127700;201;77;2008;POINT(-53.7186713 -24.7495577)
PR;4127700;201;82;2008;POINT(-53.7331039 -24.759962)
PR;4127700;201;89;2008;POINT(-53.70697 -24.736321)
PR;4127700;201;90;2008;POINT(-53.7186713 -24.7495577)
PR;4127700;201;92;2008;POINT(-53.7331039 -24.759962)
PR;4127700;75;1;2008;POINT(-53.7449562 -24.7296643)
PR;4127700;75;11;2008;POINT(-53.7472533 -24.7303994)
PR;4127700;75;12;2008;POINT(-53.7527931 -24.7244836)
PR;4127700;75;137;2008;POINT(-53.7403064 -24.7362695)
PR;4127700;75;164;2008;POINT(-53.7573621 -24.7410655)
PR;4127700;75;166;2008;POINT(-53.7403064 -24.7362695)
PR;4127700;75;20;2008;
PR;4127700;75;37;2008;POINT(-53.7404172 -24.7168446)
PR;4127809;19;10;2008;
PR;4127809;19;3;2008;
PR;4127809;19;31;2008;POINT(-49.95825 -23.77893)
PR;4127809;19;40;2008;POINT(-49.9542729 -23.7786372)
PR;4128005;98;105;2008;POINT(-53.0775485 -24.4542982)
PR;4128005;98;106;2008;POINT(-53.0775485 -24.4542982)
PR;4128005;98;109;2008;
PR;4128005;98;122;2008;
PR;4128005;98;149;2008;POINT(-52.99609 -24.5402)
PR;4128005;98;150;2008;
PR;4128005;98;77;2008;
PR;4128005;98;85;2008;
PR;4128005;98;91;2008;
PR;4128005;98;97;2008;
PR;4128104;142;31;2008;
PR;4128104;142;38;2008;
PR;4128104;142;55;2008;
PR;4128104;202;1;2008;POINT(-53.30185 -23.75196)
PR;4128104;202;11;2008;
PR;4128104;202;29;2008;POINT(-53.30018 -23.76726)
PR;4128104;202;38;2008;POINT(-53.28153 -23.78234)
PR;4128104;202;42;2008;
PR;4128104;202;44;2008;
PR;4128104;202;64;2008;POINT(-53.3174313 -23.7636148)
PR;4128104;202;71;2008;POINT(-53.465746 -23.529341)
PR;4128104;202;72;2008;POINT(-53.465746 -23.529341)
PR;4128104;202;75;2008;POINT(-53.3853244 -23.6158526)
PR;4128104;89;1;2008;POINT(-53.32489 -23.77776)
PR;4128104;89;102;2008;
PR;4128104;89;192;2008;
PR;4128104;89;2;2008;POINT(-53.32489 -23.77776)
PR;4128104;89;22;2008;POINT(-53.30935 -23.75345)
PR;4128104;89;225;2008;POINT(-53.3183401 -23.7751881)
PR;4128104;89;234;2008;POINT(-53.3166652 -23.7496627)
PR;4128104;89;237;2008;
PR;4128104;89;239;2008;POINT(-53.3267515 -23.7766007)
PR;4128104;89;240;2008;
PR;4128104;89;72;2008;
PR;4128104;89;74;2008;
PR;4128104;89;80;2008;
PR;4128104;89;93;2008;POINT(-53.3166652 -23.7496627)
PR;4128203;153;154;2008;
PR;4128203;153;26;2008;
PR;4128203;153;29;2008;
PR;4128203;153;5;2008;
PR;4128203;153;69;2008;
PR;4128203;153;7;2008;
PR;4128203;33;102;2008;
PR;4128203;33;110;2008;POINT(-51.0912199 -26.2422392)
PR;4128203;33;119;2008;POINT(-51.05448 -26.233322)
PR;4128203;33;129;2008;
PR;4128203;33;135;2008;POINT(-51.09961 -26.25822833)
PR;4128203;33;29;2008;POINT(-51.09406 -26.220925)
PR;4128203;33;70;2008;POINT(-51.0912199 -26.2422392)
PR;4128203;33;73;2008;POINT(-51.0687516 -26.232017)
PR;4128203;33;75;2008;POINT(-51.0687516 -26.232017)
PR;4128203;33;82;2008;POINT(-51.0687516 -26.232017)
PR;4128203;33;87;2008;POINT(-51.0687516 -26.232017)
PR;4128203;33;89;2008;POINT(-51.0368104 -26.2280065)
PR;4128401;84;43;2008;POINT(-50.79083 -23.19439)
PR;4128500;20;1;2008;
PR;4128500;20;111;2008;
PR;4128500;20;13;2008;
PR;4128500;20;21;2008;
PR;4128500;20;50;2008;POINT(-49.8031601 -23.8781154)
PR;4128500;20;54;2008;POINT(-49.8031601 -23.8781154)
PR;4128500;20;6;2008;
PR;4128500;20;90;2008;
PR;4100103;82;4;2014;POINT(-50.3129843 -23.3042477)
PR;4100103;82;5;2014;POINT(-50.3129843 -23.3042477)
PR;4100202;48;1;2014;
PR;4100202;48;4;2014;
PR;4100202;48;7;2014;
PR;4100301;144;10;2014;POINT(-49.32339592 -26.02821001)
PR;4100301;144;228;2014;POINT(-49.33999683 -25.97035899)
PR;4100301;144;4;2014;POINT(-49.33295097 -25.98858206)
PR;4100301;144;9;2014;POINT(-49.32339592 -26.02821001)
PR;4100400;171;11;2014;
PR;4100400;171;110;2014;POINT(-49.25276 -25.34021)
PR;4100400;171;12;2014;
PR;4100400;171;134;2014;POINT(-49.30075 -25.29225)
PR;4100400;171;139;2014;
PR;4100400;171;161;2014;POINT(-49.27352 -25.32614)
PR;4100400;171;183;2014;
PR;4100400;171;227;2014;
PR;4100400;171;238;2014;
PR;4100400;171;36;2014;POINT(-49.27352 -25.32614)
PR;4100400;171;39;2014;
PR;4100400;171;4;2014;
PR;4100400;171;47;2014;
PR;4100400;171;50;2014;
PR;4100400;171;53;2014;
PR;4100400;171;66;2014;
PR;4100400;171;68;2014;
PR;4100400;171;9;2014;
PR;4100400;171;91;2014;
PR;4100400;171;93;2014;
PR;4100400;171;94;2014;
PR;4100459;169;72;2014;POINT(-52.715952 -24.798984)
PR;4100459;169;75;2014;POINT(-52.715952 -24.798984)
PR;4100459;169;84;2014;POINT(-52.715952 -24.798984)
PR;4100459;169;86;2014;POINT(-52.715952 -24.798984)
PR;4100509;123;10;2014;POINT(-53.89878 -23.87509)
PR;4100509;123;101;2014;POINT(-53.8796032 -23.8757022)
PR;4100509;123;19;2014;POINT(-53.8953092 -23.871701)
PR;4100509;123;30;2014;POINT(-53.893732 -23.871891)
PR;4100509;123;31;2014;POINT(-53.893732 -23.871891)
PR;4100509;123;37;2014;
PR;4100509;123;41;2014;POINT(-53.94822 -23.95215)
PR;4100509;123;54;2014;
PR;4100608;87;23;2014;POINT(-52.3230737 -23.1304308)
PR;4100608;87;52;2014;POINT(-52.3230737 -23.1304308)
PR;4100707;128;14;2014;
PR;4100707;128;2;2014;
PR;4100707;128;35;2014;POINT(-53.3731956 -24.1581035)
PR;4100806;77;18;2014;POINT(-51.230598 -22.7828849)
PR;4100806;77;7;2014;POINT(-51.22767 -22.7804)
PR;4100806;77;9;2014;POINT(-51.22767 -22.7804)
PR;4100905;138;77;2014;POINT(-52.7846865 -23.0975348)
PR;4101002;130;123;2014;POINT(-53.51098413 -25.90041362)
PR;4101002;130;144;2014;
PR;4101002;130;34;2014;
PR;4101101;57;10;2014;POINT(-50.2298569 -23.0524627)
PR;4101101;57;12;2014;POINT(-50.2298569 -23.0524627)
PR;4101101;57;15;2014;POINT(-50.2298569 -23.0524627)
PR;4101101;57;17;2014;POINT(-50.221532 -23.054212)
PR;4101101;57;29;2014;POINT(-50.22992 -23.04524)
PR;4101101;57;75;2014;
PR;4101150;150;68;2014;POINT(-51.91037066 -23.19734166)
PR;4101150;150;71;2014;POINT(-51.91037066 -23.19734166)
PR;4101200;6;12;2014;POINT(-48.7116957 -25.4311973)
PR;4101200;6;5;2014;POINT(-48.729389 -25.434949)
PR;4101200;6;51;2014;POINT(-48.747987 -25.437427)
PR;4101200;6;52;2014;POINT(-48.747987 -25.437427)
PR;4101200;6;66;2014;POINT(-48.6911302 -25.4529391)
PR;4101200;6;8;2014;POINT(-48.729389 -25.434949)
PR;4101309;12;110;2014;
PR;4101309;12;112;2014;
PR;4101309;12;113;2014;
PR;4101309;12;115;2014;
PR;4101309;12;99;2014;
PR;4101408;179;116;2014;POINT(-51.4384919 -23.551369)
PR;4101408;179;119;2014;POINT(-51.4384919 -23.551369)
PR;4101408;179;123;2014;POINT(-51.4482 -23.56136)
PR;4101408;179;124;2014;POINT(-51.4448381 -23.5384651)
PR;4101408;179;135;2014;
PR;4101408;179;147;2014;POINT(-51.4588 -23.52752)
PR;4101408;179;188;2014;
PR;4101408;179;23;2014;
PR;4101408;179;33;2014;POINT(-51.45021 -23.554811)
PR;4101408;179;40;2014;POINT(-51.45021 -23.554811)
PR;4101408;179;41;2014;POINT(-51.45021 -23.554811)
PR;4101408;179;47;2014;POINT(-51.44889 -23.5525)
PR;4101408;179;6;2014;
PR;4101408;179;64;2014;POINT(-51.45335 -23.53779)
PR;4101408;179;78;2014;POINT(-51.4280765 -23.5770531)
PR;4101408;179;91;2014;
PR;4101408;28;100;2014;POINT(-51.46074 -23.55837)
PR;4101408;28;103;2014;POINT(-51.46074 -23.55837)
PR;4101408;28;118;2014;POINT(-51.46074 -23.55837)
PR;4101408;28;124;2014;
PR;4101408;28;14;2014;POINT(-51.4605833 -23.5457458)
PR;4101408;28;171;2014;
PR;4101408;28;173;2014;
PR;4101408;28;183;2014;
PR;4101408;28;187;2014;
PR;4101408;28;191;2014;
PR;4101408;28;197;2014;POINT(-51.4059232 -23.6099334)
PR;4101408;28;201;2014;POINT(-51.4059232 -23.6099334)
PR;4101408;28;21;2014;
PR;4101408;28;30;2014;POINT(-51.4679999 -23.5539422)
PR;4101408;28;33;2014;POINT(-51.4679999 -23.5539422)
PR;4101408;28;4;2014;POINT(-51.4605833 -23.5457458)
PR;4101408;28;44;2014;POINT(-51.4679999 -23.5539422)
PR;4101507;180;100;2014;
PR;4101507;180;108;2014;
PR;4101507;180;114;2014;POINT(-51.4502694 -23.3920905)
PR;4101507;180;15;2014;POINT(-51.42969984 -23.4202779)
PR;4101507;180;16;2014;POINT(-51.42969984 -23.4202779)
PR;4101507;180;17;2014;POINT(-51.42969984 -23.4202779)
PR;4101507;180;29;2014;POINT(-51.433881 -23.414043)
PR;4101507;180;33;2014;POINT(-51.433881 -23.414043)
PR;4101507;180;38;2014;POINT(-51.4449132 -23.4099334)
PR;4101507;180;50;2014;
PR;4101507;180;52;2014;POINT(-51.426567 -23.426694)
PR;4101507;180;6;2014;
PR;4101507;180;99;2014;POINT(-51.4502694 -23.3920905)
PR;4101507;61;11;2014;POINT(-51.4469108 -23.3906324)
PR;4101507;61;138;2014;POINT(-51.4295637 -23.3988738)
PR;4101507;61;16;2014;POINT(-51.4192279 -23.3940309)
PR;4101507;61;161;2014;POINT(-51.4252322 -23.41816415)
PR;4101507;61;17;2014;POINT(-51.4192279 -23.3940309)
PR;4101507;61;173;2014;POINT(-51.42411799 -23.40458413)
PR;4101507;61;174;2014;POINT(-51.419226 -23.396344)
PR;4101507;61;178;2014;POINT(-51.419226 -23.396344)
PR;4101507;61;183;2014;POINT(-51.4252322 -23.41816415)
PR;4101507;61;187;2014;POINT(-51.419226 -23.396344)
PR;4101507;61;65;2014;POINT(-51.445694 -23.4022995)
PR;4101507;61;75;2014;POINT(-51.445694 -23.4022995)
PR;4101507;61;83;2014;POINT(-51.445694 -23.4022995)
PR;4101606;164;10;2014;POINT(-49.82630658 -24.14696696)
PR;4101606;164;11;2014;POINT(-49.82630658 -24.14696696)
PR;4101606;164;39;2014;POINT(-49.818468 -24.143593)
PR;4101606;164;40;2014;POINT(-49.818468 -24.143593)
PR;4101606;164;43;2014;POINT(-49.82630658 -24.14696696)
PR;4101606;164;52;2014;POINT(-49.83003936 -24.13966874)
PR;4101606;164;56;2014;POINT(-49.83003936 -24.13966874)
PR;4101655;93;93;2014;
PR;4101655;93;95;2014;
PR;4101705;74;19;2014;POINT(-52.4914815 -23.9286497)
PR;4101705;74;23;2014;POINT(-52.4974603 -23.933234)
PR;4101705;74;24;2014;POINT(-52.4974603 -23.933234)
PR;4101804;50;103;2014;POINT(-49.3628624 -25.5317859)
PR;4101804;50;105;2014;POINT(-49.4051 -25.59121)
PR;4101804;50;107;2014;POINT(-49.388493 -25.558714)
PR;4101804;50;126;2014;POINT(-49.3943797 -25.5524251)
PR;4101804;50;128;2014;
PR;4101804;50;148;2014;POINT(-49.3628624 -25.5317859)
PR;4101804;50;166;2014;POINT(-49.3929605 -25.5476473)
PR;4101804;50;174;2014;POINT(-49.3697713 -25.6244742)
PR;4101804;50;183;2014;POINT(-49.387599 -25.603661)
PR;4101804;50;190;2014;POINT(-49.402885 -25.595519)
PR;4101804;50;193;2014;POINT(-49.3749143 -25.6213197)
PR;4101804;50;200;2014;POINT(-49.388493 -25.558714)
PR;4101804;50;206;2014;POINT(-49.421094 -25.5744)
PR;4101804;50;215;2014;POINT(-49.3894189 -25.565587)
PR;4101804;50;226;2014;POINT(-49.3768621 -25.5961129)
PR;4101804;50;229;2014;POINT(-49.39658 -25.58487)
PR;4101804;50;235;2014;POINT(-49.3894189 -25.565587)
PR;4101804;50;242;2014;POINT(-49.3656197 -25.6188427)
PR;4101804;50;248;2014;POINT(-49.3916986 -25.5771095)
PR;4101804;50;250;2014;POINT(-49.3882719 -25.5515397)
PR;4101804;50;252;2014;POINT(-49.3717056 -25.5993805)
PR;4101804;50;258;2014;POINT(-49.401025 -25.555127)
PR;4101804;50;26;2014;POINT(-49.390116 -25.595828)
PR;4101804;50;265;2014;POINT(-49.3863665 -25.5880128)
PR;4101804;50;289;2014;POINT(-49.3768621 -25.5961129)
PR;4101804;50;32;2014;POINT(-49.39112 -25.59546)
PR;4101804;50;43;2014;POINT(-49.406626 -25.576786)
PR;4101804;50;44;2014;POINT(-49.406626 -25.576786)
PR;4101804;50;68;2014;POINT(-49.3628624 -25.5317859)
PR;4101804;50;86;2014;
PR;4101804;50;9;2014;POINT(-49.402885 -25.595519)
PR;4101804;50;92;2014;POINT(-49.406626 -25.576786)
PR;4101804;50;99;2014;POINT(-49.3894189 -25.565587)
PR;4101853;152;110;2014;
PR;4101853;152;99;2014;
PR;4101903;35;23;2014;
PR;4101903;35;40;2014;POINT(-50.8470416 -23.3664593)
PR;4101903;35;5;2014;POINT(-50.8410253 -23.3795786)
PR;4101903;35;85;2014;POINT(-50.8470416 -23.3664593)
PR;4101903;35;91;2014;
PR;4102000;113;111;2014;POINT(-53.5033917 -24.4054773)
PR;4102000;113;119;2014;POINT(-53.5164096 -24.3959574)
PR;4102000;113;120;2014;POINT(-53.5120383 -24.4029249)
PR;4102000;113;19;2014;POINT(-53.5018025 -24.39805)
PR;4102000;113;41;2014;POINT(-53.5164096 -24.3959574)
PR;4102000;113;43;2014;POINT(-53.5164096 -24.3959574)
PR;4102000;113;6;2014;POINT(-53.5120383 -24.4029249)
PR;4102000;113;65;2014;
PR;4102109;67;113;2014;POINT(-51.6663713 -23.229438)
PR;4102109;67;19;2014;
PR;4102109;67;22;2014;
PR;4102109;67;8;2014;POINT(-51.6692179 -23.2390535)
PR;4102109;67;9;2014;POINT(-51.6692179 -23.2390535)
PR;4102307;182;11;2014;
PR;4102307;182;113;2014;
PR;4102307;182;129;2014;
PR;4102307;182;16;2014;
PR;4102307;182;17;2014;
PR;4102307;182;7;2014;POINT(-49.6284417 -25.5859518)
PR;4102406;58;14;2014;POINT(-50.3713 -23.10615)
PR;4102406;58;17;2014;POINT(-50.3713 -23.10615)
PR;4102406;58;19;2014;POINT(-50.3713 -23.10615)
PR;4102406;58;23;2014;POINT(-50.3703639 -23.1065676)
PR;4102406;58;29;2014;POINT(-50.3727438 -23.106001)
PR;4102406;58;34;2014;POINT(-50.3676946 -23.1129878)
PR;4102406;58;40;2014;POINT(-50.3683378 -23.1117591)
PR;4102406;58;44;2014;POINT(-50.3683378 -23.1117591)
PR;4102406;58;53;2014;POINT(-50.3750027 -23.1060565)
PR;4102406;58;7;2014;POINT(-50.3713 -23.10615)
PR;4102406;58;77;2014;POINT(-50.3703639 -23.1065676)
PR;4102505;133;23;2014;POINT(-52.01283 -24.03147)
PR;4102505;133;25;2014;POINT(-52.01283 -24.03147)
PR;4102604;131;1;2014;
PR;4102604;131;100;2014;POINT(-53.50509 -26.22922)
PR;4102604;131;115;2014;
PR;4102604;131;19;2014;
PR;4102604;131;21;2014;
PR;4102604;131;28;2014;
PR;4102604;131;5;2014;
PR;4102703;57;54;2014;POINT(-50.1805686 -23.1151166)
PR;4102752;107;147;2014;
PR;4102752;107;149;2014;
PR;4102752;107;150;2014;
PR;4102752;107;66;2014;
PR;4102752;107;69;2014;POINT(-53.66581 -25.88195)
PR;4102802;77;25;2014;POINT(-51.1901531 -22.9992144)
PR;4102802;77;28;2014;POINT(-51.1901531 -22.9992144)
PR;4102802;77;38;2014;POINT(-51.1901531 -22.9992144)
PR;4102802;77;43;2014;POINT(-51.1902157 -22.9987584)
PR;4102802;77;65;2014;POINT(-51.2100076 -22.9704174)
PR;4102901;153;100;2014;POINT(-51.4130918 -26.158497)
PR;4102901;153;15;2014;POINT(-51.5549219 -26.1607891)
PR;4102901;153;17;2014;
PR;4102901;153;23;2014;POINT(-51.4461063 -26.17835)
PR;4102901;153;25;2014;POINT(-51.3519483 -26.1170829)
PR;4103008;170;3;2014;POINT(-52.78738 -24.24521)
PR;4103008;170;61;2014;POINT(-52.78738 -24.24521)
PR;4103040;38;150;2014;
PR;4103040;38;72;2014;
PR;4103057;165;57;2014;POINT(-53.4067686 -25.4427853)
PR;4103057;165;58;2014;
PR;4103057;165;71;2014;
PR;4103107;48;19;2014;POINT(-49.10383302 -25.2201513)
PR;4103107;48;22;2014;POINT(-49.1128528 -25.2081827)
PR;4103107;48;34;2014;
PR;4103107;48;35;2014;POINT(-49.04176305 -25.23968475)
PR;4103156;131;15;2014;
PR;4103156;131;27;2014;POINT(-53.5975907 -26.1952087)
PR;4103206;70;3;2014;POINT(-51.76796 -23.71312)
PR;4103206;70;8;2014;POINT(-51.76796 -23.71312)
PR;4103354;126;52;2014;POINT(-53.1161309 -24.8175068)
PR;4103354;126;54;2014;POINT(-53.1161309 -24.8175068)
PR;4103404;159;3;2014;POINT(-51.7136564 -22.7894567)
PR;4103404;159;5;2014;POINT(-51.7136564 -22.7894567)
PR;4103453;126;101;2014;POINT(-53.3243572 -24.6186863)
PR;4103453;126;110;2014;
PR;4103453;126;118;2014;POINT(-53.3245 -24.61799)
PR;4103453;126;121;2014;POINT(-53.3245 -24.61799)
PR;4103453;126;73;2014;POINT(-53.3245 -24.61799)
PR;4103453;126;79;2014;POINT(-53.326 -24.61918)
PR;4103453;126;82;2014;POINT(-53.31658 -24.62638)
PR;4103479;97;39;2014;
PR;4103503;76;61;2014;
PR;4103602;25;17;2014;POINT(-50.06658452 -23.04918501)
PR;4103602;25;19;2014;POINT(-50.06658452 -23.04918501)
PR;4103602;25;21;2014;POINT(-50.06658452 -23.04918501)
PR;4103602;25;23;2014;POINT(-50.0724643 -23.0482404)
PR;4103602;25;27;2014;POINT(-50.0724643 -23.0482404)
PR;4103602;25;3;2014;POINT(-50.0755524 -23.04307)
PR;4103602;25;35;2014;POINT(-50.07753309 -23.03695201)
PR;4103701;181;101;2014;POINT(-51.2232789 -23.3119286)
PR;4103701;181;107;2014;POINT(-51.25753 -23.26882)
PR;4103701;181;114;2014;
PR;4103701;181;23;2014;POINT(-51.21881 -23.31163)
PR;4103701;181;51;2014;POINT(-51.25407 -23.27339)
PR;4103701;181;64;2014;POINT(-51.25753 -23.26882)
PR;4103701;181;74;2014;POINT(-51.26602 -23.27645)
PR;4103701;181;81;2014;POINT(-51.2259623 -23.3058856)
PR;4103701;181;98;2014;POINT(-51.25407 -23.27339)
PR;4103701;78;10;2014;POINT(-51.27831949 -23.27740568)
PR;4103701;78;112;2014;POINT(-51.2863591 -23.28424693)
PR;4103701;78;18;2014;POINT(-51.28461438 -23.27538196)
PR;4103701;78;22;2014;POINT(-51.28461438 -23.27538196)
PR;4103701;78;25;2014;POINT(-51.28461438 -23.27538196)
PR;4103701;78;30;2014;POINT(-51.2856863 -23.2828566)
PR;4103701;78;40;2014;POINT(-51.26703947 -23.28246671)
PR;4103701;78;42;2014;POINT(-51.26703947 -23.28246671)
PR;4103701;78;44;2014;POINT(-51.26703947 -23.28246671)
PR;4103701;78;48;2014;POINT(-51.26726246 -23.28047669)
PR;4103701;78;49;2014;POINT(-51.26726246 -23.28047669)
PR;4103701;78;60;2014;POINT(-51.2616322 -23.27814751)
PR;4103800;179;177;2014;
PR;4103909;169;106;2014;
PR;4103909;169;34;2014;POINT(-52.8063221 -24.5915864)
PR;4103958;44;333;2014;
PR;4103958;44;76;2014;
PR;4104006;195;110;2014;POINT(-49.0995363 -25.362218)
PR;4104006;195;115;2014;POINT(-49.0822537 -25.3510362)
PR;4104006;195;118;2014;POINT(-49.0995363 -25.362218)
PR;4104006;195;122;2014;POINT(-49.0995363 -25.362218)
PR;4104006;195;126;2014;POINT(-49.0830648 -25.3459682)
PR;4104006;195;135;2014;POINT(-49.0822537 -25.3510362)
PR;4104006;195;24;2014;
PR;4104006;195;4;2014;POINT(-49.0530493 -25.3061008)
PR;4104006;195;5;2014;POINT(-49.0530493 -25.3061008)
PR;4104006;195;70;2014;POINT(-49.11875 -25.35197)
PR;4104006;195;75;2014;POINT(-49.05418 -25.30411)
PR;4104006;195;83;2014;POINT(-49.1091248 -25.35668)
PR;4104055;112;63;2014;POINT(-52.9949631 -25.0334359)
PR;4104055;112;68;2014;POINT(-52.9945831 -25.0294305)
PR;4104105;11;5;2014;POINT(-49.68309889 -25.97777694)
PR;4104105;11;6;2014;POINT(-49.62506925 -25.92832684)
PR;4104105;11;9;2014;POINT(-49.73683805 -25.98173059)
PR;4104204;182;106;2014;POINT(-49.4037205 -25.460665)
PR;4104204;182;133;2014;POINT(-49.3864619 -25.4569888)
PR;4104204;182;135;2014;POINT(-49.3930679 -25.4626737)
PR;4104204;182;25;2014;
PR;4104204;182;29;2014;
PR;4104204;182;37;2014;POINT(-49.4037205 -25.460665)
PR;4104204;182;38;2014;POINT(-49.4037205 -25.460665)
PR;4104204;182;40;2014;POINT(-49.3890007 -25.4550974)
PR;4104204;182;46;2014;
PR;4104204;182;54;2014;POINT(-49.50763 -25.35639)
PR;4104204;182;58;2014;POINT(-49.50763 -25.35639)
PR;4104204;182;63;2014;
PR;4104204;182;66;2014;
PR;4104204;182;93;2014;POINT(-49.4037205 -25.460665)
PR;4104204;9;149;2014;POINT(-49.5253245 -25.4608864)
PR;4104204;9;151;2014;
PR;4104204;9;199;2014;
PR;4104204;9;213;2014;
PR;4104204;9;22;2014;POINT(-49.5315616 -25.4534441)
PR;4104204;9;227;2014;
PR;4104204;9;230;2014;POINT(-49.527086 -25.454418)
PR;4104204;9;24;2014;POINT(-49.5315616 -25.4534441)
PR;4104204;9;258;2014;
PR;4104204;9;39;2014;POINT(-49.527086 -25.454418)
PR;4104204;9;40;2014;POINT(-49.527086 -25.454418)
PR;4104204;9;48;2014;POINT(-49.531512 -25.467133)
PR;4104204;9;53;2014;POINT(-49.5253245 -25.4608864)
PR;4104204;9;63;2014;POINT(-49.5406069 -25.4632627)
PR;4104204;9;65;2014;POINT(-49.554422 -25.4538658)
PR;4104204;9;84;2014;POINT(-49.57277 -25.467)
PR;4104204;9;86;2014;POINT(-49.5624751 -25.4690617)
PR;4104253;171;111;2014;POINT(-49.3599471 -25.37648005)
PR;4104253;171;146;2014;POINT(-49.39811492 -25.37788466)
PR;4104253;171;167;2014;POINT(-49.450435 -25.3709796)
PR;4104253;171;193;2014;POINT(-49.385073 -25.372819)
PR;4104253;171;232;2014;POINT(-49.42604363 -25.3701275)
PR;4104253;171;56;2014;POINT(-49.42604363 -25.3701275)
PR;4104303;183;11;2014;POINT(-52.41931 -24.05539)
PR;4104303;183;131;2014;POINT(-52.3511833 -24.0073446)
PR;4104303;183;133;2014;POINT(-52.403388 -24.049387)
PR;4104303;183;139;2014;POINT(-52.356064 -24.022113)
PR;4104303;183;23;2014;POINT(-52.3702914 -24.0236521)
PR;4104303;183;25;2014;POINT(-52.3702914 -24.0236521)
PR;4104303;183;44;2014;POINT(-52.41001 -24.05584)
PR;4104303;183;50;2014;POINT(-52.3511833 -24.0073446)
PR;4104303;183;87;2014;POINT(-52.3773525 -24.0780552)
PR;4104303;31;1;2014;POINT(-52.3866534 -24.0436079)
PR;4104303;31;10;2014;POINT(-52.3729348 -24.0398519)
PR;4104303;31;14;2014;
PR;4104303;31;2;2014;POINT(-52.3866534 -24.0436079)
PR;4104303;31;20;2014;POINT(-52.3805509 -24.0480593)
PR;4104303;31;23;2014;POINT(-52.3805509 -24.0480593)
PR;4104303;31;24;2014;POINT(-52.3805509 -24.0480593)
PR;4104303;31;34;2014;POINT(-52.3703839 -24.0327293)
PR;4104303;31;35;2014;POINT(-52.3703839 -24.0327293)
PR;4104303;31;39;2014;POINT(-52.3703839 -24.0327293)
PR;4104303;31;40;2014;POINT(-52.380832 -24.040509)
PR;4104303;31;45;2014;POINT(-52.380832 -24.040509)
PR;4104303;31;52;2014;POINT(-52.3792615 -24.0449664)
PR;4104303;31;55;2014;POINT(-52.3792615 -24.0449664)
PR;4104303;31;7;2014;POINT(-52.3729348 -24.0398519)
PR;4104402;106;11;2014;
PR;4104402;106;14;2014;
PR;4104402;106;26;2014;
PR;4104402;106;45;2014;
PR;4104402;106;47;2014;
PR;4104402;106;55;2014;POINT(-51.35751 -24.72595)
PR;4104402;106;63;2014;
PR;4104402;106;65;2014;
PR;4104428;44;15;2014;
PR;4104428;44;236;2014;POINT(-52.0487804 -25.5710827)
PR;4104428;44;34;2014;POINT(-52.2184784 -25.7082803)
PR;4104428;44;65;2014;
PR;4104428;44;69;2014;
PR;4104428;44;82;2014;
PR;4104451;203;159;2014;POINT(-52.12536 -25.37364)
PR;4104451;203;174;2014;
PR;4104451;203;193;2014;
PR;4104501;107;2;2014;POINT(-53.81149 -25.67163)
PR;4104501;107;35;2014;
PR;4104501;107;38;2014;POINT(-53.764843 -25.6477755)
PR;4104501;107;57;2014;
PR;4104600;165;7;2014;POINT(-53.61079 -25.48065)
PR;4104600;165;73;2014;
PR;4104600;165;8;2014;
PR;4104659;16;165;2014;
PR;4104659;16;167;2014;POINT(-50.1115651 -24.9526757)
PR;4104659;16;192;2014;
PR;4104659;16;5;2014;POINT(-50.12799 -24.9449)
PR;4104709;56;10;2014;POINT(-49.7267848 -23.4317179)
PR;4104709;56;14;2014;POINT(-49.7267848 -23.4317179)
PR;4104808;143;126;2014;POINT(-53.47374 -24.97266)
PR;4104808;143;128;2014;POINT(-53.4636832 -24.9601027)
PR;4104808;143;134;2014;POINT(-53.4636832 -24.9601027)
PR;4104808;143;149;2014;
PR;4104808;143;169;2014;POINT(-53.4716776 -24.968124)
PR;4104808;143;173;2014;POINT(-53.4716776 -24.968124)
PR;4104808;143;183;2014;POINT(-53.4731329 -24.9574103)
PR;4104808;143;273;2014;POINT(-53.4943345 -24.9897512)
PR;4104808;143;277;2014;POINT(-53.4839749 -24.9862866)
PR;4104808;143;299;2014;POINT(-53.4948995 -24.9869815)
PR;4104808;143;304;2014;POINT(-53.4948995 -24.9869815)
PR;4104808;143;305;2014;POINT(-53.4839749 -24.9862866)
PR;4104808;143;310;2014;POINT(-53.4636832 -24.9601027)
PR;4104808;143;318;2014;POINT(-53.4660122 -24.9775758)
PR;4104808;143;54;2014;POINT(-53.4637423 -24.9951388)
PR;4104808;143;57;2014;POINT(-53.4637423 -24.9951388)
PR;4104808;143;61;2014;POINT(-53.4637423 -24.9951388)
PR;4104808;143;86;2014;POINT(-53.45907 -24.95752)
PR;4104808;184;101;2014;
PR;4104808;184;115;2014;POINT(-53.4025662 -24.9616875)
PR;4104808;184;12;2014;POINT(-53.417014 -24.953805)
PR;4104808;184;121;2014;POINT(-53.40823 -24.9532029)
PR;4104808;184;13;2014;POINT(-53.5134551 -24.9850176)
PR;4104808;184;144;2014;POINT(-53.4409091 -24.926179)
PR;4104808;184;150;2014;
PR;4104808;184;156;2014;POINT(-53.4137242 -24.9697976)
PR;4104808;184;18;2014;POINT(-53.4409091 -24.926179)
PR;4104808;184;2;2014;POINT(-53.4036813 -24.936828)
PR;4104808;184;46;2014;
PR;4104808;184;56;2014;
PR;4104808;184;60;2014;POINT(-53.4502454 -24.9703243)
PR;4104808;184;63;2014;
PR;4104808;184;66;2014;
PR;4104808;184;80;2014;POINT(-53.4490919 -24.9880535)
PR;4104808;184;86;2014;
PR;4104808;184;88;2014;
PR;4104808;184;93;2014;POINT(-53.443 -24.99078)
PR;4104808;185;104;2014;
PR;4104808;185;109;2014;POINT(-53.4195322 -24.9118318)
PR;4104808;185;110;2014;POINT(-53.41377 -24.93985)
PR;4104808;185;114;2014;POINT(-53.414501 -24.932158)
PR;4104808;185;116;2014;POINT(-53.4195322 -24.9118318)
PR;4104808;185;121;2014;POINT(-53.41377 -24.93985)
PR;4104808;185;141;2014;
PR;4104808;185;143;2014;POINT(-53.4136073 -24.9456211)
PR;4104808;185;16;2014;POINT(-53.4232739 -24.9152811)
PR;4104808;185;32;2014;POINT(-53.4380516 -24.9164811)
PR;4104808;185;49;2014;POINT(-53.44632 -24.94684)
PR;4104808;185;5;2014;POINT(-53.4287014 -24.9453204)
PR;4104808;185;78;2014;POINT(-53.42493 -24.93028)
PR;4104808;185;83;2014;POINT(-53.4136073 -24.9456211)
PR;4104808;185;93;2014;POINT(-53.42493 -24.93028)
PR;4104808;68;119;2014;POINT(-53.4556167 -24.9541314)
PR;4104808;68;162;2014;POINT(-53.4556167 -24.9541314)
PR;4104808;68;17;2014;POINT(-53.4683062 -24.9380435)
PR;4104808;68;296;2014;POINT(-53.40463 -24.94447)
PR;4104808;68;302;2014;POINT(-53.4351204 -24.9200835)
PR;4104808;68;33;2014;
PR;4104808;68;345;2014;POINT(-53.4909386 -24.9613997)
PR;4104808;68;355;2014;POINT(-53.4556167 -24.9541314)
PR;4104808;68;404;2014;POINT(-53.50352 -24.96754)
PR;4104808;68;408;2014;
PR;4104808;68;415;2014;POINT(-53.50352 -24.96754)
PR;4104808;68;65;2014;POINT(-53.4909386 -24.9613997)
PR;4104808;68;68;2014;POINT(-53.4909386 -24.9613997)
PR;4104808;68;84;2014;POINT(-53.4751195 -24.9358748)
PR;4104808;68;94;2014;POINT(-53.4822298 -24.9634848)
PR;4104808;68;97;2014;POINT(-53.4822298 -24.9634848)
PR;4104907;16;111;2014;
PR;4104907;16;112;2014;
PR;4104907;16;131;2014;POINT(-50.0009 -24.78817)
PR;4104907;16;139;2014;POINT(-49.73622523 -24.82085927)
PR;4104907;16;150;2014;POINT(-50.009496 -24.779153)
PR;4104907;16;169;2014;POINT(-50.0009 -24.78817)
PR;4104907;16;18;2014;POINT(-50.0129727 -24.7933827)
PR;4104907;16;181;2014;POINT(-50.0009 -24.78817)
PR;4104907;16;187;2014;POINT(-50.0116007 -24.787925)
PR;4104907;16;30;2014;POINT(-49.9896201 -24.7872537)
PR;4104907;16;67;2014;
PR;4104907;16;74;2014;
PR;4104907;16;90;2014;
PR;4104907;16;91;2014;
PR;4104907;16;99;2014;POINT(-50.0111061 -24.7882258)
PR;4105003;166;13;2014;POINT(-53.1526154 -25.2095356)
PR;4105003;166;15;2014;POINT(-53.1526154 -25.2095356)
PR;4105003;166;21;2014;
PR;4105102;159;10;2014;POINT(-51.5936115 -22.8200962)
PR;4105102;159;22;2014;POINT(-51.5965533 -22.8214991)
PR;4105102;159;23;2014;POINT(-51.5965533 -22.8214991)
PR;4105102;159;29;2014;POINT(-51.5947237 -22.8240807)
PR;4105201;7;13;2014;POINT(-49.263905 -24.8255277)
PR;4105201;7;7;2014;POINT(-49.263905 -24.8255277)
PR;4105201;7;76;2014;
PR;4105201;7;82;2014;
PR;4105300;118;141;2014;POINT(-53.8478132 -25.1462194)
PR;4105300;118;62;2014;POINT(-53.8478132 -25.1462194)
PR;4105300;118;64;2014;POINT(-53.8512823 -25.156684)
PR;4105300;118;69;2014;POINT(-53.8491594 -25.1472486)
PR;4105409;103;10;2014;POINT(-52.5298634 -25.8597764)
PR;4105409;103;15;2014;POINT(-52.5259635 -25.8581052)
PR;4105409;103;199;2014;
PR;4105409;103;200;2014;POINT(-52.520298 -25.8472719)
PR;4105409;103;28;2014;
PR;4105409;103;58;2014;POINT(-52.43783 -25.76389)
PR;4105409;103;67;2014;
PR;4105409;103;71;2014;POINT(-52.2978224 -25.8157193)
PR;4105508;88;1;2014;
PR;4105508;88;102;2014;POINT(-52.6174 -23.66309)
PR;4105508;88;104;2014;POINT(-52.6114774 -23.6514856)
PR;4105508;88;106;2014;POINT(-52.5914699 -23.6691439)
PR;4105508;88;115;2014;POINT(-52.6174 -23.66309)
PR;4105508;88;13;2014;POINT(-52.6105897 -23.6468529)
PR;4105508;88;134;2014;POINT(-52.6323589 -23.681603)
PR;4105508;88;150;2014;POINT(-52.6323589 -23.681603)
PR;4105508;88;24;2014;POINT(-52.5946582 -23.6698116)
PR;4105508;88;35;2014;POINT(-52.5977088 -23.6597193)
PR;4105508;88;59;2014;POINT(-52.5914699 -23.6691439)
PR;4105508;88;60;2014;POINT(-52.5914699 -23.6691439)
PR;4105508;88;86;2014;POINT(-52.5977088 -23.6597193)
PR;4105508;88;99;2014;POINT(-52.6105897 -23.6468529)
PR;4105607;127;1;2014;POINT(-52.9456041 -23.3792457)
PR;4105607;127;18;2014;POINT(-52.9428463 -23.3876571)
PR;4105607;127;3;2014;POINT(-52.9456041 -23.3792457)
PR;4105607;127;8;2014;POINT(-52.9402324 -23.3877276)
PR;4105706;47;11;2014;
PR;4105706;47;14;2014;POINT(-52.3552512 -26.4021288)
PR;4105706;47;58;2014;
PR;4105706;47;7;2014;POINT(-52.358003 -26.4082947)
PR;4105805;186;10;2014;POINT(-49.1933354 -25.3681867)
PR;4105805;186;114;2014;POINT(-49.1658116 -25.3540271)
PR;4105805;186;116;2014;POINT(-49.20153 -25.3738355)
PR;4105805;186;12;2014;POINT(-49.1933354 -25.3681867)
PR;4105805;186;120;2014;POINT(-49.1507551 -25.3389769)
PR;4105805;186;121;2014;POINT(-49.1658116 -25.3540271)
PR;4105805;186;124;2014;POINT(-49.1933354 -25.3681867)
PR;4105805;186;126;2014;POINT(-49.175947 -25.3473531)
PR;4105805;186;143;2014;POINT(-49.1933354 -25.3681867)
PR;4105805;186;146;2014;POINT(-49.179636 -25.3661472)
PR;4105805;186;15;2014;POINT(-49.1933354 -25.3681867)
PR;4105805;186;164;2014;POINT(-49.1680455 -25.3823709)
PR;4105805;186;205;2014;POINT(-49.1658116 -25.3540271)
PR;4105805;186;213;2014;POINT(-49.1679843 -25.3399124)
PR;4105805;186;214;2014;POINT(-49.15617217 -25.36062001)
PR;4105805;186;215;2014;POINT(-49.179636 -25.3661472)
PR;4105805;186;224;2014;POINT(-49.1578571 -25.3853996)
PR;4105805;186;225;2014;POINT(-49.1658116 -25.3540271)
PR;4105805;186;239;2014;POINT(-49.1679843 -25.3399124)
PR;4105805;186;255;2014;POINT(-49.1658116 -25.3540271)
PR;4105805;186;26;2014;POINT(-49.16530218 -25.35334976)
PR;4105805;186;28;2014;POINT(-49.175947 -25.3473531)
PR;4105805;186;33;2014;POINT(-49.175947 -25.3473531)
PR;4105805;186;45;2014;
PR;4105805;186;54;2014;POINT(-49.1866737 -25.3790423)
PR;4105805;186;60;2014;POINT(-49.1861928 -25.3613441)
PR;4105805;186;65;2014;POINT(-49.1783481 -25.3719228)
PR;4105805;186;66;2014;POINT(-49.1783481 -25.3719228)
PR;4105805;186;77;2014;POINT(-49.1894195 -25.3835052)
PR;4105805;186;93;2014;POINT(-49.1480849 -25.3271998)
PR;4105805;49;1;2014;POINT(-49.2222662 -25.2906191)
PR;4105805;49;10;2014;POINT(-49.1997429 -25.3492255)
PR;4105805;49;107;2014;POINT(-49.1955709 -25.3427858)
PR;4105805;49;108;2014;POINT(-49.1955709 -25.3427858)
PR;4105805;49;117;2014;POINT(-49.2301914 -25.2923358)
PR;4105805;49;170;2014;
PR;4105805;49;180;2014;POINT(-49.2223068 -25.3465998)
PR;4105805;49;196;2014;POINT(-49.2273985 -25.291643)
PR;4105805;49;197;2014;POINT(-49.180615 -25.340626)
PR;4105805;49;210;2014;POINT(-49.19707 -25.34336)
PR;4105805;49;228;2014;POINT(-49.2222662 -25.2906191)
PR;4105805;49;250;2014;
PR;4105805;49;30;2014;POINT(-49.2223951 -25.3459755)
PR;4105805;49;32;2014;POINT(-49.2223951 -25.3459755)
PR;4105805;49;77;2014;POINT(-49.18797924 -25.25398158)
PR;4105904;95;1;2014;POINT(-51.97641 -22.83542)
PR;4105904;95;108;2014;POINT(-51.9876525 -22.8408174)
PR;4105904;95;111;2014;POINT(-51.9672737 -22.8278469)
PR;4105904;95;12;2014;POINT(-51.96905 -22.83528)
PR;4105904;95;13;2014;POINT(-51.96905 -22.83528)
PR;4105904;95;16;2014;POINT(-51.96905 -22.83528)
PR;4105904;95;25;2014;POINT(-51.9691786 -22.8351273)
PR;4105904;95;7;2014;POINT(-51.96905 -22.83528)
PR;4106001;99;6;2014;POINT(-50.55183 -23.54981)
PR;4106001;99;9;2014;
PR;4106100;79;84;2014;POINT(-50.1732289 -23.6232364)
PR;4106100;79;91;2014;POINT(-50.1732289 -23.6232364)
PR;4106209;10;19;2014;POINT(-49.5369605 -25.6786556)
PR;4106209;10;249;2014;POINT(-49.52764 -25.6785)
PR;4106209;10;36;2014;
PR;4106209;10;38;2014;
PR;4106209;10;40;2014;
PR;4106308;126;1;2014;POINT(-53.2948516 -24.8032233)
PR;4106308;126;19;2014;POINT(-53.2897831 -24.7982016)
PR;4106308;126;25;2014;POINT(-53.295651 -24.7988027)
PR;4106308;126;39;2014;POINT(-53.2115285 -24.6384973)
PR;4106308;126;41;2014;POINT(-53.2115285 -24.6384973)
PR;4106308;126;42;2014;
PR;4106308;126;45;2014;
PR;4106308;126;7;2014;POINT(-53.2948516 -24.8032233)
PR;4106308;126;88;2014;POINT(-53.2115285 -24.6384973)
PR;4106308;126;9;2014;POINT(-53.2989497 -24.7967085)
PR;4106407;26;141;2014;
PR;4106407;26;150;2014;
PR;4106407;26;17;2014;POINT(-50.6442205 -23.1767087)
PR;4106407;26;19;2014;POINT(-50.6442205 -23.1767087)
PR;4106407;26;29;2014;POINT(-50.66046 -23.1828)
PR;4106407;26;34;2014;POINT(-50.6523035 -23.181767)
PR;4106407;26;42;2014;POINT(-50.66046 -23.1828)
PR;4106407;26;48;2014;POINT(-50.66185 -23.1831)
PR;4106407;26;55;2014;POINT(-50.664155 -23.179667)
PR;4106407;26;56;2014;POINT(-50.664155 -23.179667)
PR;4106407;26;6;2014;POINT(-50.6363949 -23.1752931)
PR;4106407;26;60;2014;POINT(-50.6514 -23.18928)
PR;4106407;26;62;2014;POINT(-50.6514 -23.18928)
PR;4106407;26;70;2014;POINT(-50.64407 -23.18725)
PR;4106456;32;116;2014;
PR;4106506;101;118;2014;POINT(-52.56302 -25.99961)
PR;4106506;101;119;2014;
PR;4106506;101;60;2014;POINT(-52.5680478 -25.9842772)
PR;4106506;101;78;2014;
PR;4106506;101;97;2014;
PR;4106555;133;36;2014;POINT(-52.11516 -24.1)
PR;4106571;115;34;2014;POINT(-53.10585667 -25.56104167)
PR;4106571;115;37;2014;POINT(-53.10585667 -25.56104167)
PR;4106605;86;128;2014;POINT(-53.0922866 -23.7839115)
PR;4106605;86;19;2014;
PR;4106605;86;27;2014;POINT(-53.07638 -23.77816)
PR;4106605;86;28;2014;POINT(-53.07638 -23.77816)
PR;4106605;86;33;2014;POINT(-53.0693306 -23.7791664)
PR;4106605;86;34;2014;POINT(-53.0693306 -23.7791664)
PR;4106605;86;38;2014;POINT(-53.0860964 -23.7838587)
PR;4106704;91;4;2014;POINT(-52.16488282 -22.95892009)
PR;4106704;91;5;2014;POINT(-52.16488282 -22.95892009)
PR;4106704;91;6;2014;POINT(-52.16488282 -22.95892009)
PR;4106803;153;122;2014;
PR;4106803;153;159;2014;POINT(-51.3497856 -26.0192465)
PR;4106803;153;26;2014;POINT(-51.3497856 -26.0192465)
PR;4106803;153;46;2014;
PR;4106803;153;48;2014;POINT(-51.2331194 -25.8610806)
PR;4106803;153;53;2014;
PR;4106902;1;117;2014;POINT(-49.29423 -25.41178)
PR;4106902;1;121;2014;POINT(-49.29423 -25.41178)
PR;4106902;1;123;2014;POINT(-49.2799325 -25.4194307)
PR;4106902;1;126;2014;POINT(-49.2799325 -25.4194307)
PR;4106902;1;128;2014;POINT(-49.2813219 -25.4088672)
PR;4106902;1;130;2014;POINT(-49.3038053 -25.4121705)
PR;4106902;1;201;2014;POINT(-49.2843755 -25.3886582)
PR;4106902;1;206;2014;POINT(-49.2749951 -25.4157491)
PR;4106902;1;329;2014;POINT(-49.2843755 -25.3886582)
PR;4106902;1;330;2014;POINT(-49.295205 -25.379914)
PR;4106902;1;356;2014;POINT(-49.2726582 -25.3825729)
PR;4106902;1;361;2014;POINT(-49.2603046 -25.4076555)
PR;4106902;1;363;2014;POINT(-49.26578 -25.4039)
PR;4106902;1;385;2014;POINT(-49.2625269 -25.4246984)
PR;4106902;1;400;2014;POINT(-49.2638309 -25.4182409)
PR;4106902;1;407;2014;POINT(-49.26447 -25.3668)
PR;4106902;1;408;2014;POINT(-49.26447 -25.3668)
PR;4106902;1;414;2014;POINT(-49.26447 -25.3668)
PR;4106902;1;426;2014;POINT(-49.257854 -25.376371)
PR;4106902;1;443;2014;POINT(-49.237896 -25.384158)
PR;4106902;1;446;2014;POINT(-49.24752 -25.39195)
PR;4106902;1;454;2014;POINT(-49.24752 -25.39195)
PR;4106902;1;459;2014;POINT(-49.27421 -25.41544)
PR;4106902;1;461;2014;POINT(-49.27421 -25.41544)
PR;4106902;1;469;2014;POINT(-49.2551185 -25.3530632)
PR;4106902;1;482;2014;POINT(-49.2622446 -25.3864775)
PR;4106902;1;491;2014;POINT(-49.27208 -25.39805)
PR;4106902;1;508;2014;POINT(-49.2638309 -25.4182409)
PR;4106902;1;52;2014;POINT(-49.2749684 -25.4252319)
PR;4106902;1;528;2014;POINT(-49.29478 -25.38875)
PR;4106902;1;534;2014;POINT(-49.2428801 -25.3919541)
PR;4106902;1;540;2014;POINT(-49.2528525 -25.3751086)
PR;4106902;1;541;2014;POINT(-49.3038053 -25.4121705)
PR;4106902;1;544;2014;POINT(-49.27208 -25.39805)
PR;4106902;1;56;2014;POINT(-49.2749684 -25.4252319)
PR;4106902;1;564;2014;POINT(-49.2904608 -25.4000803)
PR;4106902;1;57;2014;POINT(-49.2749684 -25.4252319)
PR;4106902;1;574;2014;POINT(-49.2373071 -25.3842702)
PR;4106902;1;581;2014;POINT(-49.2428801 -25.3919541)
PR;4106902;1;588;2014;POINT(-49.2596922 -25.3883615)
PR;4106902;1;637;2014;POINT(-49.2683156 -25.3898801)
PR;4106902;145;293;2014;POINT(-49.29161 -25.53232833)
PR;4106902;145;296;2014;POINT(-49.268077 -25.5264044)
PR;4106902;145;308;2014;POINT(-49.296779 -25.5350154)
PR;4106902;145;318;2014;POINT(-49.2881236 -25.5319088)
PR;4106902;145;324;2014;POINT(-49.3000709 -25.5184881)
PR;4106902;145;329;2014;POINT(-49.3000709 -25.5184881)
PR;4106902;145;355;2014;POINT(-49.274446 -25.5364367)
PR;4106902;145;356;2014;POINT(-49.274446 -25.5364367)
PR;4106902;145;367;2014;POINT(-49.2684788 -25.534911)
PR;4106902;145;399;2014;
PR;4106902;145;406;2014;POINT(-49.2658 -25.50003)
PR;4106902;145;440;2014;POINT(-49.27687 -25.51508)
PR;4106902;145;455;2014;
PR;4106902;145;462;2014;POINT(-49.27687 -25.51508)
PR;4106902;145;475;2014;POINT(-49.2658 -25.50003)
PR;4106902;145;483;2014;
PR;4106902;145;513;2014;POINT(-49.2761753 -25.5449172)
PR;4106902;145;515;2014;POINT(-49.2612093 -25.5426579)
PR;4106902;145;524;2014;POINT(-49.2612093 -25.5426579)
PR;4106902;145;529;2014;POINT(-49.2761753 -25.5449172)
PR;4106902;145;535;2014;POINT(-49.2658 -25.50003)
PR;4106902;145;540;2014;POINT(-49.2775085 -25.53769096)
PR;4106902;145;553;2014;POINT(-49.2615862 -25.5337644)
PR;4106902;145;554;2014;POINT(-49.2615862 -25.5337644)
PR;4106902;145;565;2014;
PR;4106902;145;567;2014;POINT(-49.2793624 -25.5054199)
PR;4106902;145;576;2014;POINT(-49.2522683 -25.5439566)
PR;4106902;145;578;2014;POINT(-49.275227 -25.55281)
PR;4106902;145;583;2014;
PR;4106902;145;598;2014;
PR;4106902;145;603;2014;POINT(-49.268077 -25.5264044)
PR;4106902;145;604;2014;POINT(-49.2615862 -25.5337644)
PR;4106902;145;607;2014;POINT(-49.2793624 -25.5054199)
PR;4106902;145;610;2014;POINT(-49.2976418 -25.5238188)
PR;4106902;145;613;2014;POINT(-49.2541311 -25.5368991)
PR;4106902;145;621;2014;POINT(-49.2740937 -25.5067359)
PR;4106902;145;634;2014;POINT(-49.2658 -25.50003)
PR;4106902;145;650;2014;POINT(-49.275227 -25.55281)
PR;4106902;145;652;2014;POINT(-49.2767852 -25.5931538)
PR;4106902;145;657;2014;POINT(-49.2522683 -25.5439566)
PR;4106902;145;658;2014;POINT(-49.2740937 -25.5067359)
PR;4106902;145;667;2014;POINT(-49.2541311 -25.5368991)
PR;4106902;145;676;2014;POINT(-49.2740937 -25.5067359)
PR;4106902;145;684;2014;POINT(-49.247129 -25.5539096)
PR;4106902;145;699;2014;POINT(-49.269696 -25.503799)
PR;4106902;145;754;2014;POINT(-49.25605369 -25.5379085)
PR;4106902;145;778;2014;POINT(-49.2770538 -25.5176358)
PR;4106902;145;796;2014;POINT(-49.2724665 -25.5447913)
PR;4106902;145;804;2014;POINT(-49.2724665 -25.5447913)
PR;4106902;145;805;2014;POINT(-49.2571549 -25.557938)
PR;4106902;174;102;2014;POINT(-49.23956 -25.53596)
PR;4106902;174;107;2014;POINT(-49.23956 -25.53596)
PR;4106902;174;13;2014;POINT(-49.22847 -25.51021)
PR;4106902;174;14;2014;POINT(-49.2247213 -25.5153987)
PR;4106902;174;147;2014;POINT(-49.2441424 -25.5025933)
PR;4106902;174;154;2014;POINT(-49.2491992 -25.5169744)
PR;4106902;174;156;2014;POINT(-49.2491992 -25.5169744)
PR;4106902;174;160;2014;POINT(-49.261717 -25.491654)
PR;4106902;174;163;2014;POINT(-49.2427686 -25.495382)
PR;4106902;174;172;2014;POINT(-49.25393 -25.48025)
PR;4106902;174;188;2014;POINT(-49.24114 -25.52971)
PR;4106902;174;193;2014;POINT(-49.2491992 -25.5169744)
PR;4106902;174;194;2014;POINT(-49.2214002 -25.5070192)
PR;4106902;174;195;2014;POINT(-49.2247213 -25.5153987)
PR;4106902;174;2;2014;POINT(-49.23869 -25.49353)
PR;4106902;174;20;2014;POINT(-49.2247213 -25.5153987)
PR;4106902;174;200;2014;POINT(-49.24814 -25.47571)
PR;4106902;174;214;2014;POINT(-49.2352613 -25.4983168)
PR;4106902;174;22;2014;POINT(-49.2214002 -25.5070192)
PR;4106902;174;227;2014;POINT(-49.2462154 -25.514719)
PR;4106902;174;240;2014;POINT(-49.24114 -25.52971)
PR;4106902;174;245;2014;POINT(-49.2543623 -25.5289027)
PR;4106902;174;248;2014;POINT(-49.24114 -25.52971)
PR;4106902;174;272;2014;POINT(-49.23816 -25.52102)
PR;4106902;174;273;2014;POINT(-49.23869 -25.49353)
PR;4106902;174;281;2014;POINT(-49.233785 -25.52399)
PR;4106902;174;285;2014;POINT(-49.2462154 -25.514719)
PR;4106902;174;290;2014;POINT(-49.24814 -25.47571)
PR;4106902;174;296;2014;POINT(-49.25393 -25.48025)
PR;4106902;174;305;2014;POINT(-49.2491992 -25.5169744)
PR;4106902;174;306;2014;POINT(-49.24114 -25.52971)
PR;4106902;174;307;2014;POINT(-49.25339 -25.50324)
PR;4106902;174;308;2014;POINT(-49.2462154 -25.514719)
PR;4106902;174;315;2014;POINT(-49.2427686 -25.495382)
PR;4106902;174;324;2014;POINT(-49.233785 -25.52399)
PR;4106902;174;343;2014;POINT(-49.2490291 -25.5232951)
PR;4106902;174;360;2014;POINT(-49.2453555 -25.4886471)
PR;4106902;174;44;2014;POINT(-49.227459 -25.502442)
PR;4106902;174;46;2014;POINT(-49.227459 -25.502442)
PR;4106902;174;5;2014;POINT(-49.23869 -25.49353)
PR;4106902;174;60;2014;POINT(-49.237771 -25.4634239)
PR;4106902;174;66;2014;POINT(-49.24658 -25.4798)
PR;4106902;174;69;2014;POINT(-49.24658 -25.4798)
PR;4106902;174;72;2014;POINT(-49.24814 -25.47571)
PR;4106902;174;85;2014;POINT(-49.2464187 -25.5299817)
PR;4106902;174;87;2014;POINT(-49.2464187 -25.5299817)
PR;4106902;174;92;2014;POINT(-49.2464187 -25.5299817)
PR;4106902;174;96;2014;POINT(-49.238481 -25.536838)
PR;4106902;175;138;2014;POINT(-49.325341 -25.5079879)
PR;4106902;175;159;2014;POINT(-49.3156701 -25.5594339)
PR;4106902;175;160;2014;POINT(-49.33553 -25.49496)
PR;4106902;175;165;2014;
PR;4106902;175;178;2014;
PR;4106902;175;181;2014;POINT(-49.3131995 -25.5603739)
PR;4106902;175;190;2014;POINT(-49.3352617 -25.5096168)
PR;4106902;175;206;2014;POINT(-49.339091 -25.560104)
PR;4106902;175;207;2014;POINT(-49.2809825 -25.4963996)
PR;4106902;175;233;2014;
PR;4106902;175;242;2014;POINT(-49.3528905 -25.6168749)
PR;4106902;175;268;2014;POINT(-49.34962 -25.49396)
PR;4106902;175;269;2014;POINT(-49.2969375 -25.5061683)
PR;4106902;175;273;2014;POINT(-49.3396897 -25.5452272)
PR;4106902;175;280;2014;POINT(-49.3352617 -25.5096168)
PR;4106902;175;296;2014;POINT(-49.339091 -25.560104)
PR;4106902;175;299;2014;POINT(-49.34962 -25.49396)
PR;4106902;175;305;2014;POINT(-49.3396897 -25.5452272)
PR;4106902;175;307;2014;POINT(-49.33745 -25.58663)
PR;4106902;175;312;2014;POINT(-49.3156701 -25.5594339)
PR;4106902;175;318;2014;POINT(-49.3017403 -25.5078801)
PR;4106902;175;319;2014;POINT(-49.3014253 -25.5012632)
PR;4106902;175;320;2014;POINT(-49.33854 -25.49549)
PR;4106902;175;321;2014;POINT(-49.31665 -25.49636)
PR;4106902;175;325;2014;POINT(-49.3396897 -25.5452272)
PR;4106902;175;339;2014;POINT(-49.28963 -25.50226)
PR;4106902;175;34;2014;
PR;4106902;175;356;2014;POINT(-49.33745 -25.58663)
PR;4106902;175;367;2014;POINT(-49.3335656 -25.5661459)
PR;4106902;175;372;2014;POINT(-49.3315097 -25.559091)
PR;4106902;175;375;2014;POINT(-49.3410687 -25.5914037)
PR;4106902;175;381;2014;POINT(-49.3445 -25.49933)
PR;4106902;175;382;2014;POINT(-49.33431 -25.52744)
PR;4106902;175;39;2014;POINT(-49.31665 -25.49636)
PR;4106902;175;401;2014;POINT(-49.3483639 -25.501447)
PR;4106902;175;412;2014;POINT(-49.335757 -25.590256)
PR;4106902;175;49;2014;POINT(-49.33679 -25.57298)
PR;4106902;175;56;2014;POINT(-49.325341 -25.5079879)
PR;4106902;175;60;2014;POINT(-49.325341 -25.5079879)
PR;4106902;175;72;2014;POINT(-49.28963 -25.50226)
PR;4106902;175;74;2014;POINT(-49.28963 -25.50226)
PR;4106902;175;76;2014;POINT(-49.28963 -25.50226)
PR;4106902;176;101;2014;POINT(-49.2730758 -25.4837511)
PR;4106902;176;104;2014;POINT(-49.2768784 -25.4816169)
PR;4106902;176;109;2014;
PR;4106902;176;115;2014;
PR;4106902;176;122;2014;POINT(-49.2928176 -25.4886586)
PR;4106902;176;137;2014;POINT(-49.2869249 -25.483503)
PR;4106902;176;158;2014;POINT(-49.2781343 -25.4863896)
PR;4106902;176;187;2014;POINT(-49.2637089 -25.4650153)
PR;4106902;176;19;2014;POINT(-49.249537 -25.4493088)
PR;4106902;176;193;2014;POINT(-49.310103 -25.490444)
PR;4106902;176;20;2014;POINT(-49.262959 -25.46243)
PR;4106902;176;203;2014;POINT(-49.2709061 -25.4796328)
PR;4106902;176;206;2014;POINT(-49.2928176 -25.4886586)
PR;4106902;176;214;2014;POINT(-49.3309377 -25.483418)
PR;4106902;176;216;2014;
PR;4106902;176;251;2014;POINT(-49.287804 -25.487723)
PR;4106902;176;252;2014;POINT(-49.2665602 -25.4711281)
PR;4106902;176;265;2014;POINT(-49.3309377 -25.483418)
PR;4106902;176;287;2014;POINT(-49.28635 -25.474853)
PR;4106902;176;35;2014;POINT(-49.2798048 -25.461793)
PR;4106902;176;42;2014;POINT(-49.27992 -25.4734)
PR;4106902;176;60;2014;POINT(-49.3241493 -25.4883321)
PR;4106902;176;76;2014;POINT(-49.3313362 -25.4801901)
PR;4106902;176;78;2014;POINT(-49.3313362 -25.4801901)
PR;4106902;176;81;2014;POINT(-49.3313362 -25.4801901)
PR;4106902;176;85;2014;POINT(-49.2777089 -25.4882713)
PR;4106902;176;89;2014;POINT(-49.26665 -25.48007)
PR;4106902;177;11;2014;POINT(-49.29226 -25.43924)
PR;4106902;177;114;2014;POINT(-49.26983 -25.45321)
PR;4106902;177;119;2014;POINT(-49.2655397 -25.4496903)
PR;4106902;177;124;2014;POINT(-49.2712516 -25.4450578)
PR;4106902;177;132;2014;POINT(-49.2830736 -25.4633836)
PR;4106902;177;159;2014;POINT(-49.2762068 -25.4424981)
PR;4106902;177;168;2014;POINT(-49.27931 -25.45246)
PR;4106902;177;177;2014;POINT(-49.27721 -25.4443)
PR;4106902;177;182;2014;POINT(-49.274054 -25.4499445)
PR;4106902;177;186;2014;POINT(-49.274054 -25.4499445)
PR;4106902;177;19;2014;POINT(-49.29226 -25.43924)
PR;4106902;177;194;2014;
PR;4106902;177;202;2014;POINT(-49.2860389 -25.4447491)
PR;4106902;177;207;2014;POINT(-49.2815137 -25.4413524)
PR;4106902;177;21;2014;POINT(-49.29583 -25.44574)
PR;4106902;177;214;2014;POINT(-49.31449 -25.45057)
PR;4106902;177;215;2014;POINT(-49.31449 -25.45057)
PR;4106902;177;222;2014;POINT(-49.2966205 -25.4470337)
PR;4106902;177;234;2014;POINT(-49.2860389 -25.4447491)
PR;4106902;177;235;2014;POINT(-49.3468519 -25.4194396)
PR;4106902;177;25;2014;POINT(-49.29583 -25.44574)
PR;4106902;177;286;2014;POINT(-49.29226 -25.43924)
PR;4106902;177;298;2014;POINT(-49.312368 -25.444278)
PR;4106902;177;300;2014;POINT(-49.3057665 -25.435366)
PR;4106902;177;308;2014;POINT(-49.2786181 -25.4624111)
PR;4106902;177;322;2014;POINT(-49.3550246 -25.4218483)
PR;4106902;177;329;2014;POINT(-49.324763 -25.435271)
PR;4106902;177;33;2014;POINT(-49.312368 -25.444278)
PR;4106902;177;342;2014;POINT(-49.3057665 -25.435366)
PR;4106902;177;354;2014;POINT(-49.29226 -25.43924)
PR;4106902;177;361;2014;POINT(-49.3563059 -25.429514)
PR;4106902;177;37;2014;POINT(-49.305231 -25.438827)
PR;4106902;177;380;2014;POINT(-49.3550246 -25.4218483)
PR;4106902;177;383;2014;POINT(-49.28853 -25.457786)
PR;4106902;177;403;2014;POINT(-49.3550246 -25.4218483)
PR;4106902;177;404;2014;POINT(-49.2853708 -25.4390732)
PR;4106902;177;44;2014;POINT(-49.3331 -25.43826)
PR;4106902;177;45;2014;
PR;4106902;177;47;2014;
PR;4106902;177;51;2014;
PR;4106902;177;55;2014;POINT(-49.3436443 -25.4280576)
PR;4106902;177;64;2014;
PR;4106902;177;69;2014;POINT(-49.3434352 -25.4171433)
PR;4106902;177;75;2014;
PR;4106902;177;77;2014;
PR;4106902;177;78;2014;
PR;4106902;177;96;2014;POINT(-49.269632 -25.4391353)
PR;4106902;178;100;2014;POINT(-49.31678 -25.41497)
PR;4106902;178;106;2014;POINT(-49.33089 -25.40207)
PR;4106902;178;12;2014;POINT(-49.273819 -25.4331939)
PR;4106902;178;120;2014;POINT(-49.3391938 -25.3993183)
PR;4106902;178;125;2014;POINT(-49.33935 -25.40598)
PR;4106902;178;132;2014;POINT(-49.3341387 -25.3809703)
PR;4106902;178;140;2014;POINT(-49.3475269 -25.3950552)
PR;4106902;178;153;2014;POINT(-49.2671314 -25.4231326)
PR;4106902;178;183;2014;POINT(-49.2677116 -25.4291044)
PR;4106902;178;186;2014;POINT(-49.2657136 -25.4336738)
PR;4106902;178;188;2014;POINT(-49.2657136 -25.4336738)
PR;4106902;178;19;2014;POINT(-49.28285 -25.42786)
PR;4106902;178;201;2014;POINT(-49.2660216 -25.4318219)
PR;4106902;178;203;2014;POINT(-49.2660216 -25.4318219)
PR;4106902;178;23;2014;
PR;4106902;178;233;2014;POINT(-49.273819 -25.4331939)
PR;4106902;178;281;2014;POINT(-49.3302811 -25.3723242)
PR;4106902;178;284;2014;POINT(-49.33935 -25.40598)
PR;4106902;178;288;2014;POINT(-49.3391938 -25.3993183)
PR;4106902;178;289;2014;POINT(-49.2941563 -25.4284846)
PR;4106902;178;29;2014;POINT(-49.2805389 -25.4276737)
PR;4106902;178;301;2014;POINT(-49.3479506 -25.3918793)
PR;4106902;178;304;2014;POINT(-49.33089 -25.40207)
PR;4106902;178;313;2014;POINT(-49.2900532 -25.4224801)
PR;4106902;178;315;2014;POINT(-49.3475269 -25.3950552)
PR;4106902;178;319;2014;POINT(-49.2790404 -25.435741)
PR;4106902;178;320;2014;POINT(-49.3309076 -25.3982184)
PR;4106902;178;324;2014;POINT(-49.3309076 -25.3982184)
PR;4106902;178;349;2014;POINT(-49.2657136 -25.4336738)
PR;4106902;178;351;2014;POINT(-49.2657136 -25.4336738)
PR;4106902;178;49;2014;
PR;4106902;178;84;2014;POINT(-49.2900532 -25.4224801)
PR;4106902;178;87;2014;POINT(-49.2900532 -25.4224801)
PR;4106902;2;107;2014;
PR;4106902;2;108;2014;
PR;4106902;2;119;2014;POINT(-49.207209 -25.403648)
PR;4106902;2;120;2014;POINT(-49.207209 -25.403648)
PR;4106902;2;127;2014;POINT(-49.19664 -25.39744)
PR;4106902;2;211;2014;POINT(-49.2510016 -25.4147539)
PR;4106902;2;264;2014;POINT(-49.2491016 -25.4106033)
PR;4106902;2;269;2014;POINT(-49.2595286 -25.4243117)
PR;4106902;2;273;2014;POINT(-49.2595286 -25.4243117)
PR;4106902;2;276;2014;POINT(-49.23046 -25.41948)
PR;4106902;2;281;2014;POINT(-49.23046 -25.41948)
PR;4106902;2;285;2014;POINT(-49.23046 -25.41948)
PR;4106902;2;315;2014;POINT(-49.2242298 -25.3742506)
PR;4106902;2;338;2014;POINT(-49.2037 -25.42486)
PR;4106902;2;375;2014;POINT(-49.2011 -25.38443)
PR;4106902;2;387;2014;POINT(-49.2346756 -25.390976)
PR;4106902;2;388;2014;POINT(-49.2037 -25.42486)
PR;4106902;2;415;2014;POINT(-49.2323836 -25.3640325)
PR;4106902;2;421;2014;POINT(-49.23888 -25.47663)
PR;4106902;2;441;2014;POINT(-49.24451 -25.40109)
PR;4106902;2;449;2014;POINT(-49.2243177 -25.3904192)
PR;4106902;2;469;2014;POINT(-49.2346756 -25.390976)
PR;4106902;2;471;2014;POINT(-49.2037 -25.42486)
PR;4106902;2;483;2014;POINT(-49.2595286 -25.4243117)
PR;4106902;2;511;2014;POINT(-49.2308586 -25.3766974)
PR;4106902;2;515;2014;POINT(-49.2064 -25.404204)
PR;4106902;2;529;2014;POINT(-49.2308586 -25.3766974)
PR;4106902;2;540;2014;POINT(-49.2060421 -25.4144442)
PR;4106902;2;541;2014;POINT(-49.2064 -25.404204)
PR;4106902;2;549;2014;POINT(-49.2501703 -25.422005)
PR;4106902;2;550;2014;POINT(-49.261329 -25.41245)
PR;4106902;2;554;2014;POINT(-49.2222692 -25.3743)
PR;4106902;2;557;2014;POINT(-49.261329 -25.41245)
PR;4106902;2;561;2014;POINT(-49.2037 -25.42486)
PR;4106902;2;67;2014;POINT(-49.24451 -25.40109)
PR;4106902;2;75;2014;POINT(-49.2243177 -25.3904192)
PR;4106902;2;85;2014;POINT(-49.21726 -25.39661)
PR;4106902;2;88;2014;POINT(-49.247677 -25.4058436)
PR;4106902;2;96;2014;POINT(-49.2379722 -25.3967237)
PR;4106902;2;98;2014;POINT(-49.2379722 -25.3967237)
PR;4106902;3;110;2014;POINT(-49.2048528 -25.4648614)
PR;4106902;3;111;2014;POINT(-49.2048528 -25.4648614)
PR;4106902;3;130;2014;POINT(-49.24934 -25.44072)
PR;4106902;3;161;2014;
PR;4106902;3;170;2014;
PR;4106902;3;224;2014;POINT(-49.2483875 -25.4311794)
PR;4106902;3;258;2014;POINT(-49.2299948 -25.4496345)
PR;4106902;3;270;2014;POINT(-49.2287596 -25.4563821)
PR;4106902;3;302;2014;POINT(-49.21006 -25.49402)
PR;4106902;3;321;2014;POINT(-49.2077934 -25.49268)
PR;4106902;3;334;2014;POINT(-49.22975 -25.47573)
PR;4106902;3;351;2014;POINT(-49.22937 -25.44037)
PR;4106902;3;385;2014;POINT(-49.2299948 -25.4496345)
PR;4106902;3;392;2014;POINT(-49.21581 -25.448286)
PR;4106902;3;395;2014;POINT(-49.203019 -25.479242)
PR;4106902;3;397;2014;POINT(-49.22937 -25.44037)
PR;4106902;3;409;2014;POINT(-49.2187363 -25.4972071)
PR;4106902;3;411;2014;POINT(-49.2057807 -25.4555083)
PR;4106902;3;413;2014;
PR;4106902;3;438;2014;
PR;4106902;3;440;2014;POINT(-49.2263855 -25.4862273)
PR;4106902;3;447;2014;POINT(-49.2299948 -25.4496345)
PR;4106902;3;456;2014;POINT(-49.2299948 -25.4496345)
PR;4106902;3;467;2014;POINT(-49.2274934 -25.4720809)
PR;4106902;3;492;2014;POINT(-49.208267 -25.4525898)
PR;4106902;3;495;2014;POINT(-49.2024886 -25.4699211)
PR;4106902;3;504;2014;POINT(-49.2360544 -25.4568269)
PR;4106902;3;508;2014;POINT(-49.2048528 -25.4648614)
PR;4106902;3;513;2014;POINT(-49.2187363 -25.4972071)
PR;4106902;3;527;2014;POINT(-49.2271 -25.48205)
PR;4106902;3;528;2014;POINT(-49.2360544 -25.4568269)
PR;4106902;3;536;2014;POINT(-49.20406 -25.48565)
PR;4106902;3;54;2014;POINT(-49.208267 -25.4525898)
PR;4106902;3;550;2014;POINT(-49.2057807 -25.4555083)
PR;4106902;3;555;2014;POINT(-49.2023576 -25.4890365)
PR;4106902;3;559;2014;POINT(-49.214703 -25.462207)
PR;4106902;3;563;2014;POINT(-49.21139 -25.42925)
PR;4106902;3;571;2014;POINT(-49.2023576 -25.4890365)
PR;4106902;3;578;2014;POINT(-49.1920514 -25.4709788)
PR;4106902;3;58;2014;POINT(-49.208267 -25.4525898)
PR;4106902;3;600;2014;POINT(-49.203019 -25.479242)
PR;4106902;3;622;2014;POINT(-49.22975 -25.47573)
PR;4106902;3;623;2014;
PR;4106902;3;631;2014;POINT(-49.2147135 -25.4517873)
PR;4106902;3;636;2014;POINT(-49.2187363 -25.4972071)
PR;4106902;3;637;2014;POINT(-49.2230619 -25.4744174)
PR;4106902;3;641;2014;POINT(-49.2299948 -25.4496345)
PR;4106902;3;644;2014;POINT(-49.203019 -25.479242)
PR;4106902;3;652;2014;POINT(-49.2039442 -25.4709507)
PR;4106902;3;655;2014;
PR;4106902;3;656;2014;
PR;4106902;3;663;2014;POINT(-49.2083183 -25.4952577)
PR;4106902;3;94;2014;POINT(-49.218163 -25.450697)
PR;4106902;4;183;2014;POINT(-49.29865 -25.46208)
PR;4106902;4;188;2014;
PR;4106902;4;209;2014;POINT(-49.30883 -25.46318)
PR;4106902;4;220;2014;POINT(-49.3025632 -25.4766986)
PR;4106902;4;221;2014;POINT(-49.3025632 -25.4766986)
PR;4106902;4;229;2014;POINT(-49.2945606 -25.475402)
PR;4106902;4;235;2014;POINT(-49.29367228 -25.46728319)
PR;4106902;4;241;2014;POINT(-49.2992748 -25.4790794)
PR;4106902;4;246;2014;POINT(-49.2992748 -25.4790794)
PR;4106902;4;260;2014;POINT(-49.2945606 -25.475402)
PR;4106902;4;274;2014;POINT(-49.3165581 -25.4729325)
PR;4106902;4;317;2014;POINT(-49.33656904 -25.47952899)
PR;4106902;4;321;2014;POINT(-49.33656904 -25.47952899)
PR;4106902;4;322;2014;POINT(-49.33656904 -25.47952899)
PR;4106902;4;324;2014;POINT(-49.344883 -25.459897)
PR;4106902;4;329;2014;POINT(-49.3495289 -25.457169)
PR;4106902;4;339;2014;POINT(-49.348595 -25.446704)
PR;4106902;4;340;2014;POINT(-49.3393963 -25.4742601)
PR;4106902;4;372;2014;POINT(-49.30883 -25.46318)
PR;4106902;4;389;2014;POINT(-49.3025632 -25.4766986)
PR;4106902;4;402;2014;POINT(-49.35072 -25.436194)
PR;4106902;4;419;2014;POINT(-49.35478 -25.43403)
PR;4106902;4;426;2014;
PR;4106902;4;449;2014;POINT(-49.30754008 -25.45986603)
PR;4106902;4;472;2014;POINT(-49.35607 -25.44123)
PR;4106902;4;488;2014;POINT(-49.2996512 -25.4728395)
PR;4106902;4;501;2014;POINT(-49.30754008 -25.45986603)
PR;4106902;4;504;2014;POINT(-49.3525421 -25.4494355)
PR;4106902;4;507;2014;POINT(-49.29865 -25.46208)
PR;4106902;4;509;2014;POINT(-49.2996512 -25.4728395)
PR;4106902;4;512;2014;
PR;4106902;4;522;2014;POINT(-49.2996512 -25.4728395)
PR;4106902;4;527;2014;
PR;4106902;4;554;2014;POINT(-49.2996512 -25.4728395)
PR;4106902;4;564;2014;POINT(-49.338308 -25.484288)
PR;4106902;4;565;2014;POINT(-49.3025632 -25.4766986)
PR;4106902;4;568;2014;POINT(-49.344883 -25.459897)
PR;4106902;4;570;2014;
PR;4106902;4;573;2014;POINT(-49.32575023 -25.45663006)
PR;4106902;4;586;2014;POINT(-49.3573419 -25.4465464)
PR;4106902;4;592;2014;POINT(-49.34727388 -25.47271511)
PR;4106902;4;594;2014;POINT(-49.3573419 -25.4465464)
PR;4106902;4;596;2014;POINT(-49.3120983 -25.4631808)
PR;4106902;4;605;2014;POINT(-49.3272025 -25.4667143)
PR;4106902;4;608;2014;POINT(-49.3592963 -25.478538)
PR;4106902;4;614;2014;
PR;4107009;119;1;2014;POINT(-50.4568786 -24.0376053)
PR;4107009;119;17;2014;POINT(-50.6244124 -24.0388893)
PR;4107009;119;19;2014;
PR;4107009;119;76;2014;
PR;4107009;119;92;2014;
PR;4107108;96;12;2014;POINT(-52.8587133 -22.6572611)
PR;4107108;96;3;2014;POINT(-52.8587133 -22.6572611)
PR;4107108;96;5;2014;POINT(-52.8587133 -22.6572611)
PR;4107108;96;6;2014;POINT(-52.8587133 -22.6572611)
PR;4107124;112;50;2014;
PR;4107124;112;57;2014;POINT(-52.6802158 -25.0423172)
PR;4107207;115;10;2014;POINT(-53.05547 -25.74874667)
PR;4107207;115;100;2014;POINT(-53.06589275 -25.75174993)
PR;4107207;115;101;2014;POINT(-53.05716171 -25.73936301)
PR;4107207;115;117;2014;POINT(-53.05547 -25.74874667)
PR;4107207;115;20;2014;POINT(-53.0578662 -25.7528011)
PR;4107207;115;205;2014;POINT(-53.05547 -25.74874667)
PR;4107207;115;207;2014;POINT(-53.0578662 -25.7528011)
PR;4107207;115;27;2014;POINT(-53.0584059 -25.7500338)
PR;4107207;115;28;2014;POINT(-53.070883 -25.73094)
PR;4107207;115;67;2014;
PR;4107207;115;72;2014;POINT(-53.05156833 -25.74773667)
PR;4107207;115;8;2014;POINT(-53.05547 -25.74874667)
PR;4107256;142;125;2014;
PR;4107256;142;61;2014;POINT(-53.2974838 -23.3814084)
PR;4107256;142;62;2014;POINT(-53.2974838 -23.3814084)
PR;4107405;69;298;2014;POINT(-53.1622525 -25.944623)
PR;4107504;116;23;2014;
PR;4107504;116;4;2014;POINT(-52.2560347 -23.7955355)
PR;4107504;116;62;2014;
PR;4107504;116;67;2014;
PR;4107504;116;73;2014;
PR;4107504;116;79;2014;
PR;4107504;116;8;2014;
PR;4107520;135;4;2014;
PR;4107538;121;199;2014;POINT(-54.2419936 -24.7082407)
PR;4107546;163;101;2014;POINT(-52.83627 -25.42508)
PR;4107553;31;129;2014;POINT(-52.62444 -24.09741)
PR;4107553;31;130;2014;POINT(-52.6232362 -24.0929217)
PR;4107553;31;170;2014;POINT(-52.6232362 -24.0929217)
PR;4107603;110;38;2014;POINT(-51.32869 -23.99826)
PR;4107603;110;47;2014;POINT(-51.3212447 -24.0005793)
PR;4107603;110;54;2014;POINT(-51.3212447 -24.0005793)
PR;4107603;110;62;2014;
PR;4107652;144;103;2014;POINT(-49.32850835 -25.6411538)
PR;4107652;144;122;2014;POINT(-49.303805 -25.66637441)
PR;4107652;144;138;2014;POINT(-49.3018807 -25.6595773)
PR;4107652;144;148;2014;POINT(-49.3016876 -25.647807)
PR;4107652;144;178;2014;POINT(-49.3018807 -25.6595773)
PR;4107652;144;189;2014;POINT(-49.32850835 -25.6411538)
PR;4107652;144;194;2014;POINT(-49.303805 -25.66637441)
PR;4107652;144;200;2014;POINT(-49.316715 -25.6419749)
PR;4107652;144;210;2014;POINT(-49.3190138 -25.6545188)
PR;4107652;144;216;2014;POINT(-49.2933835 -25.6594669)
PR;4107652;144;22;2014;POINT(-49.31809533 -25.64582083)
PR;4107652;144;225;2014;POINT(-49.32667231 -25.64318189)
PR;4107652;144;231;2014;POINT(-49.316715 -25.6419749)
PR;4107652;144;235;2014;POINT(-49.3314483 -25.6491793)
PR;4107652;144;237;2014;POINT(-49.32933665 -25.68856349)
PR;4107652;144;241;2014;POINT(-49.316715 -25.6419749)
PR;4107652;144;258;2014;POINT(-49.3174386 -25.6724723)
PR;4107652;144;262;2014;POINT(-49.3070925 -25.6489936)
PR;4107652;144;286;2014;POINT(-49.29123572 -25.66602228)
PR;4107652;144;290;2014;POINT(-49.326056 -25.65101)
PR;4107652;144;320;2014;POINT(-49.29945163 -25.64241895)
PR;4107702;116;32;2014;POINT(-51.97628 -23.9143)
PR;4107702;116;38;2014;
PR;4107751;119;91;2014;POINT(-50.3924619 -23.8562644)
PR;4107801;71;12;2014;POINT(-52.3021773 -23.3217258)
PR;4107801;71;15;2014;POINT(-52.3021773 -23.3217258)
PR;4107801;71;19;2014;POINT(-52.2996176 -23.3218666)
PR;4107801;71;21;2014;POINT(-52.2996176 -23.3218666)
PR;4107801;71;22;2014;POINT(-52.2996176 -23.3218666)
PR;4107900;192;188;2014;POINT(-52.082845 -23.6167003)
PR;4107900;192;92;2014;
PR;4107900;192;93;2014;
PR;4107900;192;98;2014;POINT(-52.0807326 -23.611837)
PR;4108007;65;1;2014;POINT(-51.389815 -22.8704769)
PR;4108007;65;12;2014;POINT(-51.389815 -22.8704769)
PR;4108007;65;13;2014;POINT(-51.389815 -22.8704769)
PR;4108007;65;14;2014;POINT(-51.39283 -22.86711)
PR;4108007;65;5;2014;POINT(-51.39283 -22.86711)
PR;4108007;65;83;2014;POINT(-51.39283 -22.86711)
PR;4108205;120;3;2014;POINT(-53.3153869 -24.2960643)
PR;4108205;120;5;2014;POINT(-53.3153869 -24.2960643)
PR;4108205;120;6;2014;POINT(-53.3153869 -24.2960643)
PR;4108205;120;7;2014;POINT(-53.3153869 -24.2960643)
PR;4108205;120;8;2014;POINT(-53.3153869 -24.2960643)
PR;4108304;147;102;2014;
PR;4108304;147;108;2014;
PR;4108304;147;109;2014;
PR;4108304;147;112;2014;
PR;4108304;147;15;2014;POINT(-54.58475 -25.50461)
PR;4108304;147;154;2014;POINT(-54.57502 -25.49901)
PR;4108304;147;177;2014;POINT(-54.58622 -25.46918)
PR;4108304;147;18;2014;POINT(-54.5900058 -25.5230217)
PR;4108304;147;20;2014;POINT(-54.589054 -25.523105)
PR;4108304;147;201;2014;POINT(-54.58475 -25.50461)
PR;4108304;147;21;2014;POINT(-54.57502 -25.49901)
PR;4108304;147;215;2014;POINT(-54.589054 -25.523105)
PR;4108304;147;216;2014;
PR;4108304;147;218;2014;POINT(-54.587166 -25.470083)
PR;4108304;147;226;2014;POINT(-54.58236 -25.51226)
PR;4108304;147;234;2014;POINT(-54.5773514 -25.4833903)
PR;4108304;147;235;2014;POINT(-54.55152 -25.49503)
PR;4108304;147;250;2014;POINT(-54.55511 -25.46365)
PR;4108304;147;260;2014;
PR;4108304;147;273;2014;POINT(-54.5773514 -25.4833903)
PR;4108304;147;278;2014;POINT(-54.5754628 -25.51494)
PR;4108304;147;52;2014;POINT(-54.57502 -25.49901)
PR;4108304;147;6;2014;POINT(-54.5900058 -25.5230217)
PR;4108304;147;9;2014;POINT(-54.5900058 -25.5230217)
PR;4108304;147;92;2014;POINT(-54.58622 -25.46918)
PR;4108304;147;97;2014;
PR;4108304;204;113;2014;POINT(-54.534475 -25.533543)
PR;4108304;204;131;2014;POINT(-54.55089 -25.532768)
PR;4108304;204;135;2014;POINT(-54.53884 -25.5202)
PR;4108304;204;141;2014;POINT(-54.54912 -25.54184)
PR;4108304;204;18;2014;POINT(-54.5336626 -25.5251831)
PR;4108304;204;23;2014;POINT(-54.5336626 -25.5251831)
PR;4108304;204;29;2014;POINT(-54.5336626 -25.5251831)
PR;4108304;204;33;2014;
PR;4108304;204;44;2014;
PR;4108304;204;70;2014;POINT(-54.54912 -25.54184)
PR;4108304;204;80;2014;POINT(-54.54912 -25.54184)
PR;4108304;205;105;2014;POINT(-54.5447 -25.5027)
PR;4108304;205;118;2014;POINT(-54.5462537 -25.5275171)
PR;4108304;205;12;2014;POINT(-54.50579 -25.48503)
PR;4108304;205;128;2014;POINT(-54.5106357 -25.4875515)
PR;4108304;205;130;2014;POINT(-54.5391674 -25.5075845)
PR;4108304;205;131;2014;POINT(-54.5106357 -25.4875515)
PR;4108304;205;143;2014;POINT(-54.5106357 -25.4875515)
PR;4108304;205;148;2014;POINT(-54.51858 -25.48403)
PR;4108304;205;15;2014;POINT(-54.50579 -25.48503)
PR;4108304;205;166;2014;POINT(-54.5106357 -25.4875515)
PR;4108304;205;168;2014;POINT(-54.5434686 -25.5144857)
PR;4108304;205;176;2014;POINT(-54.5309233 -25.5148034)
PR;4108304;205;21;2014;POINT(-54.50579 -25.48503)
PR;4108304;205;29;2014;POINT(-54.539899 -25.5066134)
PR;4108304;205;6;2014;POINT(-54.5743242 -25.5253103)
PR;4108304;205;82;2014;POINT(-54.5447 -25.5027)
PR;4108304;205;84;2014;POINT(-54.539899 -25.5066134)
PR;4108304;205;97;2014;POINT(-54.5447 -25.5027)
PR;4108304;46;107;2014;POINT(-54.58698 -25.54838)
PR;4108304;46;11;2014;POINT(-54.572388 -25.5535102)
PR;4108304;46;111;2014;POINT(-54.58486 -25.54683)
PR;4108304;46;120;2014;POINT(-54.5790338 -25.5418998)
PR;4108304;46;136;2014;POINT(-54.564 -25.55391)
PR;4108304;46;14;2014;POINT(-54.572388 -25.5535102)
PR;4108304;46;141;2014;POINT(-54.58698 -25.54838)
PR;4108304;46;146;2014;POINT(-54.5790338 -25.5418998)
PR;4108304;46;15;2014;POINT(-54.572388 -25.5535102)
PR;4108304;46;152;2014;POINT(-54.5790338 -25.5418998)
PR;4108304;46;183;2014;POINT(-54.5794915 -25.5790933)
PR;4108304;46;190;2014;POINT(-54.5794915 -25.5790933)
PR;4108304;46;205;2014;POINT(-54.57417 -25.5706)
PR;4108304;46;220;2014;POINT(-54.57037 -25.57372)
PR;4108304;46;225;2014;POINT(-54.5736539 -25.5767606)
PR;4108304;46;246;2014;POINT(-54.5790338 -25.5418998)
PR;4108304;46;43;2014;
PR;4108304;46;44;2014;
PR;4108304;46;49;2014;POINT(-54.5790338 -25.5418998)
PR;4108304;46;89;2014;
PR;4108320;97;78;2014;
PR;4108403;69;12;2014;POINT(-53.0531209 -26.0799512)
PR;4108403;69;13;2014;POINT(-53.0518965 -26.0809898)
PR;4108403;69;142;2014;POINT(-53.0442228 -26.0872395)
PR;4108403;69;164;2014;POINT(-53.064209 -26.078829)
PR;4108403;69;168;2014;POINT(-53.0621682 -26.0464205)
PR;4108403;69;173;2014;POINT(-53.0621682 -26.0464205)
PR;4108403;69;215;2014;
PR;4108403;69;223;2014;
PR;4108403;69;225;2014;
PR;4108403;69;253;2014;
PR;4108403;69;269;2014;
PR;4108403;69;276;2014;POINT(-53.05323 -26.04075)
PR;4108403;69;277;2014;POINT(-53.0621682 -26.0464205)
PR;4108403;69;289;2014;POINT(-53.0438 -26.0689)
PR;4108403;69;69;2014;POINT(-53.0731491 -26.0794576)
PR;4108403;69;8;2014;POINT(-53.0509112 -26.0765838)
PR;4108452;44;183;2014;POINT(-52.1217929 -25.7366663)
PR;4108452;44;203;2014;POINT(-52.1217929 -25.7366663)
PR;4108452;44;229;2014;
PR;4108452;44;56;2014;POINT(-52.1217929 -25.7366663)
PR;4108502;153;148;2014;POINT(-51.2560913 -26.3751148)
PR;4108502;153;63;2014;
PR;4108502;153;67;2014;
PR;4108502;153;76;2014;POINT(-51.425998 -26.4797049)
PR;4108502;153;79;2014;POINT(-51.2560913 -26.3751148)
PR;4108502;153;84;2014;
PR;4108502;153;86;2014;POINT(-51.3059831 -26.3698172)
PR;4108551;132;45;2014;POINT(-51.92176 -24.1921)
PR;4108551;132;49;2014;POINT(-51.92176 -24.1921)
PR;4108601;92;1;2014;POINT(-53.02463 -24.1881)
PR;4108601;92;137;2014;
PR;4108601;92;22;2014;POINT(-53.0256189 -24.1932114)
PR;4108601;92;26;2014;
PR;4108601;92;45;2014;POINT(-53.0280497 -24.1898287)
PR;4108601;92;50;2014;POINT(-53.02385 -24.1906)
PR;4108601;92;54;2014;POINT(-53.0142041 -24.1819962)
PR;4108601;92;55;2014;POINT(-53.0142041 -24.1819962)
PR;4108601;92;58;2014;POINT(-53.0196745 -24.1760506)
PR;4108601;92;6;2014;POINT(-53.02463 -24.1881)
PR;4108601;92;9;2014;POINT(-53.02463 -24.1881)
PR;4108650;203;187;2014;
PR;4108650;203;195;2014;
PR;4108700;136;6;2014;POINT(-51.509105 -24.141888)
PR;4108809;90;100;2014;POINT(-54.25978807 -24.09458352)
PR;4108809;90;13;2014;POINT(-54.25715815 -24.08111111)
PR;4108809;90;3;2014;POINT(-54.25715815 -24.08111111)
PR;4108809;90;34;2014;POINT(-54.2569847 -24.0849951)
PR;4108809;90;50;2014;POINT(-54.2603451 -24.0941762)
PR;4108809;90;60;2014;POINT(-54.26687758 -24.2531061)
PR;4108809;90;83;2014;POINT(-54.25583163 -24.08472247)
PR;4108809;90;84;2014;POINT(-54.25715815 -24.08111111)
PR;4108957;29;48;2014;POINT(-50.8082 -25.1912)
PR;4109005;55;4;2014;POINT(-50.04396 -23.51615)
PR;4109302;112;21;2014;
PR;4109302;112;39;2014;POINT(-52.7735813 -25.125462)
PR;4109302;112;40;2014;
PR;4109302;112;61;2014;
PR;4109302;112;88;2014;POINT(-52.9368394 -24.9189603)
PR;4109401;43;103;2014;POINT(-51.4923593 -25.4009319)
PR;4109401;43;105;2014;POINT(-51.4923593 -25.4009319)
PR;4109401;43;108;2014;POINT(-51.480146 -25.3979193)
PR;4109401;43;109;2014;POINT(-51.480146 -25.3979193)
PR;4109401;43;110;2014;POINT(-51.480146 -25.3979193)
PR;4109401;43;113;2014;POINT(-51.480146 -25.3979193)
PR;4109401;43;128;2014;POINT(-51.488811 -25.3957674)
PR;4109401;43;18;2014;POINT(-51.4701629 -25.3926114)
PR;4109401;43;208;2014;POINT(-51.4883 -25.41445)
PR;4109401;43;213;2014;POINT(-51.4537458 -25.3825802)
PR;4109401;43;218;2014;POINT(-51.4923593 -25.4009319)
PR;4109401;43;227;2014;POINT(-51.4847196 -25.3747264)
PR;4109401;43;23;2014;POINT(-51.45459 -25.40005)
PR;4109401;43;27;2014;POINT(-51.469404 -25.3881251)
PR;4109401;43;270;2014;POINT(-51.4909991 -25.3518564)
PR;4109401;43;271;2014;POINT(-51.4909991 -25.3518564)
PR;4109401;43;278;2014;
PR;4109401;43;281;2014;POINT(-51.4771107 -25.3562654)
PR;4109401;43;297;2014;POINT(-51.4806169 -25.4151226)
PR;4109401;43;298;2014;POINT(-51.4949765 -25.3535446)
PR;4109401;43;309;2014;POINT(-51.4923593 -25.4009319)
PR;4109401;43;311;2014;POINT(-51.4949765 -25.3535446)
PR;4109401;43;312;2014;POINT(-51.4911221 -25.3762565)
PR;4109401;43;35;2014;POINT(-51.45116 -25.3795493)
PR;4109401;43;69;2014;POINT(-51.46894 -25.399)
PR;4109401;43;72;2014;POINT(-51.4659587 -25.4100712)
PR;4109401;43;86;2014;POINT(-51.46231 -25.43383)
PR;4109401;43;91;2014;POINT(-51.4883 -25.41445)
PR;4109401;44;158;2014;
PR;4109401;44;17;2014;
PR;4109401;44;173;2014;
PR;4109401;44;200;2014;
PR;4109401;44;238;2014;
PR;4109401;44;25;2014;
PR;4109401;44;252;2014;POINT(-51.4698238 -25.3725693)
PR;4109401;44;28;2014;
PR;4109401;44;290;2014;POINT(-51.46016 -25.3696)
PR;4109401;44;291;2014;POINT(-51.46016 -25.3696)
PR;4109401;44;296;2014;POINT(-51.46016 -25.3696)
PR;4109401;44;300;2014;POINT(-51.46016 -25.3696)
PR;4109401;44;309;2014;POINT(-51.45124 -25.37333)
PR;4109401;44;325;2014;POINT(-51.4698238 -25.3725693)
PR;4109401;44;326;2014;
PR;4109500;6;36;2014;POINT(-48.3285845 -25.2992564)
PR;4109500;6;42;2014;POINT(-48.51905 -25.31779)
PR;4109500;6;47;2014;
PR;4109609;161;104;2014;POINT(-48.583621 -25.884705)
PR;4109609;161;117;2014;POINT(-48.61870692 -25.87933791)
PR;4109609;161;118;2014;POINT(-48.583621 -25.884705)
PR;4109609;161;14;2014;POINT(-48.575234 -25.875981)
PR;4109609;161;15;2014;POINT(-48.5796926 -25.9224604)
PR;4109609;161;29;2014;POINT(-48.90901642 -25.93437328)
PR;4109609;161;50;2014;POINT(-48.7759369 -25.83615157)
PR;4109609;161;56;2014;POINT(-48.5711492 -25.87418834)
PR;4109609;161;64;2014;POINT(-48.58421938 -25.88452642)
PR;4109609;161;73;2014;POINT(-48.58421938 -25.88452642)
PR;4109658;168;28;2014;POINT(-52.3867113 -26.1425229)
PR;4109658;168;48;2014;POINT(-52.3867113 -26.1425229)
PR;4109708;79;31;2014;POINT(-50.1908389 -23.8419058)
PR;4109708;79;34;2014;POINT(-50.1803069 -23.8434653)
PR;4109708;79;36;2014;
PR;4109708;79;43;2014;POINT(-50.25534936 -23.91288551)
PR;4109708;79;53;2014;POINT(-50.194608 -23.8528254)
PR;4109708;79;59;2014;POINT(-50.33653376 -23.60549567)
PR;4109708;79;63;2014;POINT(-50.22651657 -23.70559033)
PR;4109708;79;96;2014;
PR;4109708;79;99;2014;POINT(-50.18993009 -23.85047814)
PR;4109757;166;11;2014;POINT(-53.0246726 -25.117825)
PR;4109757;166;5;2014;POINT(-53.0162426 -25.117611)
PR;4109757;166;87;2014;POINT(-53.0246726 -25.117825)
PR;4109807;80;106;2014;POINT(-50.99818 -23.25758)
PR;4109807;80;109;2014;
PR;4109807;80;119;2014;POINT(-51.0348365 -23.2658112)
PR;4109807;80;2;2014;POINT(-51.0457903 -23.2678625)
PR;4109807;80;31;2014;
PR;4109807;80;36;2014;
PR;4109807;80;43;2014;
PR;4109807;80;56;2014;POINT(-51.0576121 -23.2692937)
PR;4109807;80;60;2014;POINT(-51.0480488 -23.262328)
PR;4109807;80;63;2014;
PR;4109807;80;64;2014;POINT(-51.0473133 -23.2672863)
PR;4109807;80;76;2014;POINT(-51.0576121 -23.2692937)
PR;4109807;80;79;2014;
PR;4109807;80;8;2014;POINT(-51.0457903 -23.2678625)
PR;4109906;172;10;2014;POINT(-53.6154893 -23.3948859)
PR;4109906;172;25;2014;
PR;4109906;172;26;2014;
PR;4110052;126;28;2014;
PR;4110052;126;96;2014;
PR;4110078;111;205;2014;POINT(-50.76786792 -24.49007264)
PR;4110078;111;207;2014;
PR;4110078;111;90;2014;POINT(-50.7575219 -24.4498442)
PR;4110078;111;91;2014;POINT(-50.7636187 -24.4412539)
PR;4110102;29;116;2014;
PR;4110102;29;141;2014;POINT(-50.5906173 -25.2390698)
PR;4110102;29;143;2014;POINT(-50.5906173 -25.2390698)
PR;4110102;29;144;2014;
PR;4110102;29;23;2014;
PR;4110102;29;28;2014;
PR;4110102;29;30;2014;
PR;4110102;29;31;2014;
PR;4110102;29;4;2014;POINT(-50.70172 -25.24208)
PR;4110102;29;81;2014;POINT(-50.61976 -25.15856)
PR;4110102;29;93;2014;POINT(-50.6105346 -25.2297798)
PR;4110201;34;10;2014;POINT(-51.0771089 -25.5734589)
PR;4110201;34;131;2014;POINT(-51.3259139 -25.65045345)
PR;4110201;34;132;2014;POINT(-51.0771089 -25.5734589)
PR;4110201;34;143;2014;POINT(-51.25122315 -25.5264288)
PR;4110201;34;184;2014;POINT(-51.079884 -25.5711608)
PR;4110201;34;8;2014;POINT(-51.0758577 -25.5736769)
PR;4110300;91;14;2014;POINT(-52.20109768 -22.75419904)
PR;4110300;91;15;2014;POINT(-52.20109768 -22.75419904)
PR;4110409;149;53;2014;POINT(-52.7028545 -23.4815206)
PR;4110409;149;70;2014;POINT(-52.7028545 -23.4815206)
PR;4110508;36;11;2014;POINT(-50.51497 -25.07035)
PR;4110508;36;19;2014;
PR;4110508;36;24;2014;
PR;4110508;36;27;2014;
PR;4110508;36;7;2014;POINT(-50.5868177 -25.0230146)
PR;4110607;97;16;2014;POINT(-53.717979 -24.0104149)
PR;4110607;97;3;2014;POINT(-53.714775 -24.0010205)
PR;4110656;120;18;2014;POINT(-53.35935 -24.42959)
PR;4110656;120;19;2014;POINT(-53.35935 -24.42959)
PR;4110656;120;23;2014;POINT(-53.35935 -24.42959)
PR;4110656;120;45;2014;POINT(-53.35935 -24.42959)
PR;4110706;34;104;2014;POINT(-50.71811447 -25.54778598)
PR;4110706;34;118;2014;POINT(-50.81612964 -25.440711)
PR;4110706;34;126;2014;POINT(-50.67375806 -25.48757125)
PR;4110706;34;130;2014;POINT(-50.6208514 -25.4675048)
PR;4110706;34;149;2014;POINT(-50.67375806 -25.48757125)
PR;4110706;34;155;2014;POINT(-50.65358958 -25.49953696)
PR;4110706;34;174;2014;POINT(-50.64497121 -25.49545369)
PR;4110706;34;175;2014;
PR;4110706;34;193;2014;POINT(-50.6539648 -25.4773295)
PR;4110706;34;21;2014;POINT(-50.6461569 -25.4664605)
PR;4110706;34;24;2014;POINT(-50.6459419 -25.4619095)
PR;4110706;34;33;2014;POINT(-50.6354592 -25.4646901)
PR;4110706;34;35;2014;POINT(-50.63639 -25.4614)
PR;4110706;34;60;2014;POINT(-50.66242735 -25.47899007)
PR;4110706;34;79;2014;POINT(-50.64636822 -25.49771809)
PR;4110706;34;90;2014;
PR;4110706;34;93;2014;
PR;4110805;141;185;2014;POINT(-52.1054211 -24.422542)
PR;4110805;141;24;2014;POINT(-52.1025382 -24.4217071)
PR;4110805;141;26;2014;POINT(-52.1025382 -24.4217071)
PR;4110805;141;29;2014;POINT(-52.1054211 -24.422542)
PR;4110904;95;43;2014;POINT(-51.9672406 -22.6176534)
PR;4110953;122;69;2014;POINT(-54.33930442 -25.12715097)
PR;4111001;57;38;2014;POINT(-50.40869 -23.01534)
PR;4111001;57;43;2014;POINT(-50.40869 -23.01534)
PR;4111001;57;47;2014;POINT(-50.4074809 -23.0158025)
PR;4111001;57;50;2014;POINT(-50.4074809 -23.0158025)
PR;4111100;81;1;2014;POINT(-51.9902 -23.65841)
PR;4111100;81;3;2014;POINT(-51.9902 -23.65841)
PR;4111100;81;6;2014;POINT(-51.9902 -23.65841)
PR;4111209;73;251;2014;POINT(-52.816374 -25.962641)
PR;4111209;73;273;2014;POINT(-52.8165681 -25.9624387)
PR;4111258;156;133;2014;
PR;4111258;156;148;2014;POINT(-49.35634 -25.21988)
PR;4111258;156;152;2014;POINT(-49.3329686 -25.2162077)
PR;4111258;156;188;2014;
PR;4111258;156;213;2014;POINT(-49.3329686 -25.2162077)
PR;4111258;156;223;2014;POINT(-49.35 -25.21838)
PR;4111258;156;242;2014;
PR;4111308;96;23;2014;POINT(-52.8778633 -22.72856)
PR;4111308;96;25;2014;POINT(-52.8778633 -22.72856)
PR;4111308;96;71;2014;POINT(-52.8816903 -22.7290752)
PR;4111407;29;56;2014;POINT(-50.859373 -25.009242)
PR;4111407;29;58;2014;POINT(-50.859373 -25.009242)
PR;4111407;29;60;2014;POINT(-50.859373 -25.009242)
PR;4111407;29;62;2014;
PR;4111407;29;70;2014;
PR;4111407;29;71;2014;
PR;4111407;29;76;2014;
PR;4111407;29;82;2014;
PR;4111506;93;114;2014;POINT(-51.6699755 -24.237124)
PR;4111506;93;124;2014;POINT(-51.6730628 -24.254429)
PR;4111506;93;126;2014;POINT(-51.6730628 -24.254429)
PR;4111506;93;133;2014;POINT(-51.6661374 -24.2347438)
PR;4111506;93;14;2014;POINT(-51.6661374 -24.2347438)
PR;4111506;93;22;2014;POINT(-51.6722658 -24.241484)
PR;4111506;93;28;2014;POINT(-51.6605757 -24.2360473)
PR;4111506;93;36;2014;POINT(-51.6730628 -24.254429)
PR;4111506;93;46;2014;
PR;4111506;93;56;2014;
PR;4111506;93;60;2014;
PR;4111506;93;78;2014;
PR;4111506;93;84;2014;
PR;4111605;154;135;2014;POINT(-52.2169479 -23.6194893)
PR;4111605;154;30;2014;POINT(-52.2169479 -23.6194893)
PR;4111704;19;58;2014;POINT(-50.07537 -23.74537)
PR;4111803;24;105;2014;POINT(-49.9885422 -23.1561606)
PR;4111803;24;118;2014;POINT(-49.9413317 -23.1474606)
PR;4111803;24;14;2014;POINT(-49.9804789 -23.1622132)
PR;4111803;24;39;2014;POINT(-49.9801958 -23.1641433)
PR;4111803;24;59;2014;POINT(-49.9722024 -23.1617073)
PR;4111803;24;81;2014;POINT(-49.99061 -23.1641)
PR;4111803;24;85;2014;POINT(-49.9671701 -23.1499984)
PR;4111803;24;95;2014;POINT(-49.9885422 -23.1561606)
PR;4111803;24;98;2014;POINT(-49.9625728 -23.1549502)
PR;4111803;24;99;2014;POINT(-49.9413317 -23.1474606)
PR;4111902;64;17;2014;POINT(-51.5337817 -23.1092924)
PR;4111902;64;22;2014;POINT(-51.537197 -23.11536)
PR;4112009;18;101;2014;POINT(-49.71088 -24.25125)
PR;4112009;18;38;2014;
PR;4112009;18;46;2014;POINT(-49.707355 -24.245157)
PR;4112009;18;52;2014;POINT(-49.71088 -24.25125)
PR;4112009;18;55;2014;POINT(-49.7107222 -24.2500638)
PR;4112009;18;56;2014;POINT(-49.7107222 -24.2500638)
PR;4112009;18;72;2014;
PR;4112009;18;81;2014;POINT(-49.73429 -24.27203)
PR;4112108;70;19;2014;POINT(-51.644094 -23.601915)
PR;4112108;70;46;2014;
PR;4112108;70;49;2014;POINT(-51.6549 -23.59864)
PR;4112108;70;51;2014;POINT(-51.6549 -23.59864)
PR;4112207;183;116;2014;
PR;4112306;79;70;2014;POINT(-50.1383726 -23.8122613)
PR;4112405;149;1;2014;POINT(-52.552706 -23.469988)
PR;4112405;149;12;2014;POINT(-52.5534893 -23.4749149)
PR;4112405;149;13;2014;POINT(-52.5534893 -23.4749149)
PR;4112405;149;18;2014;POINT(-52.5520194 -23.4755282)
PR;4112405;149;73;2014;POINT(-52.5534893 -23.4749149)
PR;4112504;152;16;2014;POINT(-51.68732 -24.17934)
PR;4112504;152;33;2014;
PR;4112504;152;48;2014;
PR;4112504;152;88;2014;
PR;4112702;80;128;2014;POINT(-50.9783292 -23.257344)
PR;4112702;80;138;2014;POINT(-50.976987 -23.254222)
PR;4112702;80;142;2014;POINT(-50.976987 -23.254222)
PR;4112702;80;146;2014;
PR;4112751;120;90;2014;POINT(-53.3824668 -24.3762931)
PR;4112801;55;51;2014;POINT(-49.9233521 -23.5031411)
PR;4112959;98;118;2014;POINT(-52.84072 -24.42247)
PR;4113007;149;23;2014;POINT(-52.47116 -23.6197202)
PR;4113007;149;33;2014;POINT(-52.47116 -23.6197202)
PR;4113007;149;36;2014;POINT(-52.47116 -23.6197202)
PR;4113007;149;74;2014;POINT(-52.47116 -23.6197202)
PR;4113106;70;71;2014;POINT(-51.73716 -23.8995)
PR;4113205;10;121;2014;
PR;4113205;10;257;2014;POINT(-49.7230265 -25.7746865)
PR;4113205;10;277;2014;
PR;4113205;10;41;2014;POINT(-49.7154565 -25.7709204)
PR;4113205;10;66;2014;
PR;4113205;10;71;2014;POINT(-49.7155201 -25.7628709)
PR;4113205;10;73;2014;POINT(-49.7155201 -25.7628709)
PR;4113205;10;77;2014;POINT(-49.7230265 -25.7746865)
PR;4113205;10;81;2014;
PR;4113205;10;87;2014;
PR;4113254;134;75;2014;
PR;4113304;45;113;2014;
PR;4113304;45;116;2014;
PR;4113304;45;14;2014;
PR;4113304;45;16;2014;
PR;4113304;45;45;2014;POINT(-52.4200176 -25.4025803)
PR;4113429;152;42;2014;POINT(-51.6516789 -24.1030427)
PR;4113452;143;254;2014;POINT(-53.5698268 -25.2830256)
PR;4113502;85;1;2014;POINT(-53.1345961 -22.925979)
PR;4113502;85;111;2014;POINT(-53.1397903 -22.9336231)
PR;4113502;85;115;2014;POINT(-53.1397903 -22.9336231)
PR;4113502;85;118;2014;POINT(-53.1273393 -22.9323041)
PR;4113502;85;12;2014;POINT(-53.1345961 -22.925979)
PR;4113502;85;16;2014;POINT(-53.1397903 -22.9336231)
PR;4113601;150;96;2014;POINT(-51.95034706 -23.01060599)
PR;4113700;146;135;2014;
PR;4113700;146;138;2014;POINT(-51.182725 -23.2975622)
PR;4113700;146;146;2014;POINT(-51.1661702 -23.3003011)
PR;4113700;146;151;2014;
PR;4113700;146;156;2014;POINT(-51.1442894 -23.305041)
PR;4113700;146;190;2014;
PR;4113700;146;200;2014;
PR;4113700;146;219;2014;
PR;4113700;146;221;2014;POINT(-51.1726199 -23.3241669)
PR;4113700;157;100;2014;POINT(-51.143147 -23.2656492)
PR;4113700;157;106;2014;POINT(-51.1452848 -23.261292)
PR;4113700;157;108;2014;POINT(-51.1452848 -23.261292)
PR;4113700;157;109;2014;POINT(-51.1482891 -23.263009)
PR;4113700;157;118;2014;POINT(-51.154971 -23.2608707)
PR;4113700;157;119;2014;POINT(-51.154971 -23.2608707)
PR;4113700;157;132;2014;POINT(-51.1409807 -23.2536003)
PR;4113700;157;134;2014;POINT(-51.1409807 -23.2536003)
PR;4113700;157;144;2014;POINT(-51.1482566 -23.2561731)
PR;4113700;157;157;2014;POINT(-51.1709405 -23.2578496)
PR;4113700;157;158;2014;POINT(-51.1709405 -23.2578496)
PR;4113700;157;167;2014;
PR;4113700;157;171;2014;
PR;4113700;157;176;2014;POINT(-51.1452848 -23.261292)
PR;4113700;157;186;2014;POINT(-51.1482566 -23.2561731)
PR;4113700;157;191;2014;POINT(-51.143147 -23.2656492)
PR;4113700;157;213;2014;POINT(-51.143147 -23.2656492)
PR;4113700;157;221;2014;POINT(-51.1433026 -23.2612422)
PR;4113700;157;236;2014;
PR;4113700;157;244;2014;POINT(-51.1786783 -23.2600993)
PR;4113700;157;248;2014;POINT(-51.1768279 -23.2650444)
PR;4113700;157;260;2014;POINT(-51.1433026 -23.2612422)
PR;4113700;157;279;2014;POINT(-51.1768279 -23.2650444)
PR;4113700;157;282;2014;POINT(-51.1409807 -23.2536003)
PR;4113700;157;303;2014;POINT(-51.1654741 -23.2595302)
PR;4113700;157;304;2014;POINT(-51.1516004 -23.2804459)
PR;4113700;157;313;2014;POINT(-51.1654741 -23.2595302)
PR;4113700;189;1;2014;POINT(-51.17876 -23.29718)
PR;4113700;189;134;2014;POINT(-51.1742345 -23.2816825)
PR;4113700;189;147;2014;POINT(-51.1565672 -23.2765987)
PR;4113700;189;154;2014;POINT(-51.163374 -23.2768314)
PR;4113700;189;157;2014;POINT(-51.163374 -23.2768314)
PR;4113700;189;172;2014;POINT(-51.1727668 -23.2783992)
PR;4113700;189;174;2014;POINT(-51.1565672 -23.2765987)
PR;4113700;189;175;2014;POINT(-51.1945551 -23.2856976)
PR;4113700;189;177;2014;
PR;4113700;189;38;2014;POINT(-51.1981007 -23.2935056)
PR;4113700;189;39;2014;POINT(-51.2022606 -23.2897475)
PR;4113700;189;4;2014;POINT(-51.17876 -23.29718)
PR;4113700;189;49;2014;POINT(-51.2022606 -23.2897475)
PR;4113700;189;68;2014;POINT(-51.1241033 -23.2832072)
PR;4113700;189;99;2014;POINT(-51.1241033 -23.2832072)
PR;4113700;190;115;2014;POINT(-51.12943 -23.31814)
PR;4113700;190;149;2014;POINT(-51.1289832 -23.3816725)
PR;4113700;190;164;2014;POINT(-51.1289832 -23.3816725)
PR;4113700;190;171;2014;POINT(-51.1263022 -23.3255025)
PR;4113700;190;2;2014;POINT(-51.1101048 -23.3284962)
PR;4113700;190;207;2014;
PR;4113700;190;213;2014;
PR;4113700;190;214;2014;
PR;4113700;190;78;2014;POINT(-51.1458487 -23.3607956)
PR;4113700;190;90;2014;POINT(-51.1389459 -23.3676633)
PR;4113700;190;94;2014;POINT(-51.1389459 -23.3676633)
PR;4113700;191;106;2014;POINT(-51.152104 -23.3755393)
PR;4113700;191;130;2014;POINT(-51.152104 -23.3755393)
PR;4113700;191;145;2014;POINT(-51.1555886 -23.3693056)
PR;4113700;191;147;2014;POINT(-51.22583 -23.32472)
PR;4113700;191;149;2014;POINT(-51.2268286 -23.3194543)
PR;4113700;191;159;2014;POINT(-51.1555886 -23.3693056)
PR;4113700;191;169;2014;POINT(-51.1486743 -23.3652199)
PR;4113700;191;2;2014;POINT(-51.2016784 -23.3013924)
PR;4113700;191;50;2014;POINT(-51.1792477 -23.302361)
PR;4113700;191;55;2014;POINT(-51.18383 -23.3040231)
PR;4113700;191;66;2014;POINT(-51.1775745 -23.3103514)
PR;4113700;191;95;2014;POINT(-51.1555886 -23.3693056)
PR;4113700;41;10;2014;POINT(-51.1596939 -23.3052427)
PR;4113700;41;101;2014;POINT(-51.1429888 -23.2997048)
PR;4113700;41;109;2014;POINT(-51.1357188 -23.2952374)
PR;4113700;41;118;2014;POINT(-51.1493751 -23.299962)
PR;4113700;41;122;2014;POINT(-51.1493751 -23.299962)
PR;4113700;41;126;2014;POINT(-51.1493751 -23.299962)
PR;4113700;41;127;2014;POINT(-51.1493751 -23.299962)
PR;4113700;41;130;2014;POINT(-51.15652 -23.29647)
PR;4113700;41;139;2014;POINT(-51.1652791 -23.2968547)
PR;4113700;41;144;2014;POINT(-51.1681096 -23.2994769)
PR;4113700;41;15;2014;POINT(-51.1596939 -23.3052427)
PR;4113700;41;156;2014;POINT(-51.1650341 -23.3073988)
PR;4113700;41;159;2014;POINT(-51.1585033 -23.3024333)
PR;4113700;41;183;2014;POINT(-51.14019 -23.30697)
PR;4113700;41;192;2014;POINT(-51.14019 -23.30697)
PR;4113700;41;194;2014;POINT(-51.1681096 -23.2994769)
PR;4113700;42;152;2014;POINT(-51.1543421 -23.3278916)
PR;4113700;42;169;2014;POINT(-51.1486321 -23.3475894)
PR;4113700;42;172;2014;POINT(-51.1543421 -23.3278916)
PR;4113700;42;182;2014;
PR;4113700;42;201;2014;POINT(-51.1493728 -23.3338866)
PR;4113700;42;203;2014;POINT(-51.1493728 -23.3338866)
PR;4113700;42;214;2014;POINT(-51.1516377 -23.327986)
PR;4113700;42;223;2014;POINT(-51.1537429 -23.3184192)
PR;4113700;42;230;2014;POINT(-51.1537429 -23.3184192)
PR;4113700;42;233;2014;POINT(-51.1493728 -23.3338866)
PR;4113700;42;27;2014;POINT(-51.1635853 -23.3132324)
PR;4113700;42;34;2014;POINT(-51.1595377 -23.3144536)
PR;4113700;42;5;2014;POINT(-51.1634631 -23.3123023)
PR;4113700;42;6;2014;POINT(-51.1634631 -23.3123023)
PR;4113700;42;82;2014;POINT(-51.1543421 -23.3278916)
PR;4113700;42;88;2014;POINT(-51.1543421 -23.3278916)
PR;4113700;42;89;2014;POINT(-51.1543421 -23.3278916)
PR;4113700;42;93;2014;POINT(-51.1543421 -23.3278916)
PR;4113700;42;94;2014;POINT(-51.1543421 -23.3278916)
PR;4113734;31;137;2014;POINT(-52.27613699 -24.28694955)
PR;4113734;31;171;2014;
PR;4113809;159;40;2014;
PR;4113908;37;40;2014;
PR;4113908;37;42;2014;
PR;4113908;37;7;2014;POINT(-50.8100397 -25.8836799)
PR;4114005;170;43;2014;POINT(-52.530196 -24.3098298)
PR;4114104;102;73;2014;POINT(-52.0946478 -23.3438844)
PR;4114104;102;76;2014;POINT(-52.0980491 -23.3404259)
PR;4114104;102;8;2014;POINT(-52.0955623 -23.3494599)
PR;4114203;60;22;2014;POINT(-51.6683494 -23.5298501)
PR;4114203;60;32;2014;
PR;4114203;60;33;2014;
PR;4114203;60;40;2014;
PR;4114203;60;49;2014;POINT(-51.69755 -23.5111)
PR;4114203;60;51;2014;POINT(-51.69755 -23.5111)
PR;4114203;60;6;2014;
PR;4114203;60;67;2014;POINT(-51.69413 -23.5188)
PR;4114203;60;74;2014;POINT(-51.69413 -23.5188)
PR;4114302;144;155;2014;
PR;4114302;144;254;2014;POINT(-49.3277817 -25.7776053)
PR;4114302;144;271;2014;POINT(-49.36397488 -25.86925738)
PR;4114302;144;288;2014;POINT(-49.34535928 -25.90599317)
PR;4114302;144;38;2014;POINT(-49.3262191 -25.7778746)
PR;4114302;144;39;2014;POINT(-49.3262191 -25.7778746)
PR;4114302;144;49;2014;POINT(-49.3461562 -25.84674617)
PR;4114302;144;70;2014;POINT(-49.3240359 -25.7556743)
PR;4114302;144;71;2014;POINT(-49.30061029 -25.73663553)
PR;4114351;69;319;2014;
PR;4114351;69;328;2014;POINT(-53.40943 -26.04432)
PR;4114401;168;14;2014;POINT(-52.177207 -25.9416102)
PR;4114401;168;22;2014;
PR;4114401;168;35;2014;
PR;4114401;168;41;2014;
PR;4114401;168;49;2014;POINT(-52.3128966 -25.9364871)
PR;4114401;168;5;2014;POINT(-52.177207 -25.9416102)
PR;4114401;168;60;2014;POINT(-52.1660232 -25.9450373)
PR;4114500;196;117;2014;POINT(-51.668372 -24.514456)
PR;4114500;196;130;2014;
PR;4114500;196;146;2014;
PR;4114500;196;148;2014;POINT(-51.679525 -24.43648333)
PR;4114500;196;149;2014;POINT(-51.674955 -24.5189)
PR;4114609;121;121;2014;
PR;4114609;121;126;2014;POINT(-54.1202742 -24.5160745)
PR;4114609;121;133;2014;
PR;4114609;121;136;2014;
PR;4114609;121;144;2014;POINT(-54.0610905 -24.5529305)
PR;4114609;121;151;2014;POINT(-54.0610905 -24.5529305)
PR;4114609;121;158;2014;POINT(-54.0610905 -24.5529305)
PR;4114609;121;198;2014;POINT(-54.0610905 -24.5529305)
PR;4114609;121;2;2014;
PR;4114609;121;21;2014;
PR;4114609;121;31;2014;
PR;4114609;121;34;2014;POINT(-54.0546024 -24.5444858)
PR;4114609;121;38;2014;
PR;4114609;121;47;2014;
PR;4114708;142;40;2014;
PR;4114708;142;41;2014;POINT(-53.2067916 -23.6223039)
PR;4114708;142;44;2014;
PR;4114807;81;115;2014;
PR;4114807;81;167;2014;POINT(-51.7920692 -23.4824426)
PR;4114807;81;174;2014;POINT(-51.7920692 -23.4824426)
PR;4114807;81;25;2014;POINT(-51.7958111 -23.4828391)
PR;4114807;81;43;2014;POINT(-51.792515 -23.479373)
PR;4114807;81;51;2014;POINT(-51.7905794 -23.4881103)
PR;4114807;81;59;2014;
PR;4114906;76;24;2014;
PR;4114906;76;25;2014;
PR;4114906;76;4;2014;POINT(-51.3088585 -23.7453508)
PR;4115002;96;56;2014;POINT(-53.0298302 -22.7435002)
PR;4115002;96;74;2014;POINT(-53.0298302 -22.7435002)
PR;4115002;96;82;2014;POINT(-53.0298302 -22.7435002)
PR;4115101;86;109;2014;POINT(-53.1477876 -23.9962811)
PR;4115101;86;134;2014;POINT(-53.1479966 -24.0121994)
PR;4115101;86;47;2014;POINT(-53.1502328 -24.0106556)
PR;4115101;86;51;2014;POINT(-53.1502328 -24.0106556)
PR;4115101;86;58;2014;POINT(-53.1479966 -24.0121994)
PR;4115101;86;59;2014;POINT(-53.1479966 -24.0121994)
PR;4115101;86;60;2014;POINT(-53.1479966 -24.0121994)
PR;4115101;86;62;2014;POINT(-53.1479966 -24.0121994)
PR;4115200;137;106;2014;POINT(-51.919686 -23.404103)
PR;4115200;137;108;2014;POINT(-51.919686 -23.404103)
PR;4115200;137;109;2014;POINT(-51.919686 -23.404103)
PR;4115200;137;110;2014;POINT(-51.919686 -23.404103)
PR;4115200;137;127;2014;POINT(-51.9112704 -23.3997877)
PR;4115200;137;134;2014;POINT(-51.9112704 -23.3997877)
PR;4115200;137;161;2014;POINT(-51.8881288 -23.4144203)
PR;4115200;137;166;2014;POINT(-51.8881288 -23.4144203)
PR;4115200;137;204;2014;POINT(-51.9108972 -23.411221)
PR;4115200;137;225;2014;POINT(-51.9049077 -23.3880957)
PR;4115200;137;226;2014;POINT(-51.8944602 -23.4031507)
PR;4115200;137;230;2014;POINT(-51.8983576 -23.4178242)
PR;4115200;137;232;2014;POINT(-51.8972516 -23.4143403)
PR;4115200;137;234;2014;POINT(-51.9079514 -23.3874025)
PR;4115200;137;238;2014;POINT(-51.9079514 -23.3874025)
PR;4115200;137;242;2014;POINT(-51.8806785 -23.4084316)
PR;4115200;137;251;2014;POINT(-51.9112704 -23.3997877)
PR;4115200;137;252;2014;POINT(-51.8806785 -23.4084316)
PR;4115200;137;261;2014;POINT(-51.8952104 -23.3992187)
PR;4115200;137;264;2014;POINT(-51.8952104 -23.3992187)
PR;4115200;137;283;2014;
PR;4115200;137;315;2014;POINT(-51.8972516 -23.4143403)
PR;4115200;137;322;2014;POINT(-51.89569 -23.40327)
PR;4115200;137;71;2014;POINT(-51.8944602 -23.4031507)
PR;4115200;137;90;2014;POINT(-51.8983576 -23.4178242)
PR;4115200;137;91;2014;POINT(-51.9127 -23.41481)
PR;4115200;154;139;2014;
PR;4115200;154;159;2014;POINT(-51.9227701 -23.4401218)
PR;4115200;154;169;2014;POINT(-51.9327171 -23.4457689)
PR;4115200;154;227;2014;POINT(-51.93438 -23.43804)
PR;4115200;154;255;2014;POINT(-51.9124096 -23.4697882)
PR;4115200;154;257;2014;POINT(-51.9142651 -23.4641509)
PR;4115200;154;260;2014;POINT(-51.9333966 -23.4461004)
PR;4115200;154;280;2014;POINT(-51.9227701 -23.4401218)
PR;4115200;154;283;2014;POINT(-51.9142651 -23.4641509)
PR;4115200;154;34;2014;POINT(-51.9146321 -23.4310336)
PR;4115200;154;41;2014;POINT(-51.9146321 -23.4310336)
PR;4115200;154;48;2014;POINT(-51.90412 -23.43021)
PR;4115200;154;69;2014;POINT(-51.93438 -23.43804)
PR;4115200;154;71;2014;POINT(-51.93438 -23.43804)
PR;4115200;192;124;2014;POINT(-51.9218551 -23.3940496)
PR;4115200;192;129;2014;POINT(-51.9320347 -23.3798585)
PR;4115200;192;13;2014;POINT(-51.92914 -23.40536)
PR;4115200;192;132;2014;POINT(-51.9320347 -23.3798585)
PR;4115200;192;134;2014;POINT(-51.9422901 -23.3998476)
PR;4115200;192;135;2014;POINT(-51.9422901 -23.3998476)
PR;4115200;192;174;2014;POINT(-51.9300293 -23.3990425)
PR;4115200;192;178;2014;POINT(-51.9575839 -23.3895774)
PR;4115200;192;183;2014;POINT(-51.94396 -23.37314)
PR;4115200;192;191;2014;
PR;4115200;192;193;2014;
PR;4115200;192;194;2014;
PR;4115200;192;2;2014;POINT(-51.92914 -23.40536)
PR;4115200;192;201;2014;POINT(-51.9674957 -23.3944286)
PR;4115200;192;237;2014;POINT(-51.9597526 -23.3996341)
PR;4115200;192;240;2014;
PR;4115200;192;244;2014;POINT(-51.9458442 -23.3849705)
PR;4115200;192;251;2014;POINT(-51.9320347 -23.3798585)
PR;4115200;192;26;2014;POINT(-51.9399913 -23.404717)
PR;4115200;192;39;2014;POINT(-51.9399913 -23.404717)
PR;4115200;192;56;2014;POINT(-51.9541303 -23.414595)
PR;4115200;192;67;2014;
PR;4115200;192;71;2014;
PR;4115200;193;116;2014;POINT(-51.9786649 -23.3967141)
PR;4115200;193;148;2014;POINT(-51.9779842 -23.4444173)
PR;4115200;193;156;2014;POINT(-51.9713079 -23.4314621)
PR;4115200;193;159;2014;POINT(-51.9713079 -23.4314621)
PR;4115200;193;16;2014;POINT(-51.9588432 -23.433587)
PR;4115200;193;182;2014;POINT(-51.9593756 -23.4462736)
PR;4115200;193;194;2014;POINT(-51.9781122 -23.4159182)
PR;4115200;193;197;2014;POINT(-52.06462 -23.37141)
PR;4115200;193;199;2014;POINT(-51.9713687 -23.3977192)
PR;4115200;193;205;2014;POINT(-51.959955 -23.4515069)
PR;4115200;193;206;2014;POINT(-51.9496 -23.4369)
PR;4115200;193;208;2014;POINT(-52.06462 -23.37141)
PR;4115200;193;215;2014;POINT(-51.95757 -23.4134)
PR;4115200;193;23;2014;POINT(-51.9588432 -23.433587)
PR;4115200;193;32;2014;POINT(-51.954531 -23.4226729)
PR;4115200;193;38;2014;POINT(-51.9532894 -23.422096)
PR;4115200;193;50;2014;POINT(-51.95909 -23.40499)
PR;4115200;193;51;2014;POINT(-51.95909 -23.40499)
PR;4115200;66;1;2014;POINT(-51.9424147 -23.4266667)
PR;4115200;66;11;2014;POINT(-51.930693 -23.421784)
PR;4115200;66;12;2014;POINT(-51.930693 -23.421784)
PR;4115200;66;121;2014;
PR;4115200;66;128;2014;POINT(-51.9265318 -23.4153381)
PR;4115200;66;144;2014;POINT(-51.9393146 -23.4278876)
PR;4115200;66;16;2014;POINT(-51.930693 -23.421784)
PR;4115200;66;164;2014;
PR;4115200;66;166;2014;POINT(-51.947622 -23.427229)
PR;4115200;66;65;2014;POINT(-51.9263473 -23.4270055)
PR;4115309;47;46;2014;
PR;4115309;47;47;2014;
PR;4115358;124;53;2014;POINT(-53.7437687 -24.5315423)
PR;4115358;124;89;2014;POINT(-53.830178 -24.4211605)
PR;4115408;140;126;2014;POINT(-53.029935 -26.1504289)
PR;4115408;140;34;2014;POINT(-53.0274249 -26.1461511)
PR;4115408;140;36;2014;POINT(-53.0274249 -26.1461511)
PR;4115408;140;40;2014;POINT(-53.0274249 -26.1461511)
PR;4115408;140;56;2014;
PR;4115507;70;108;2014;POINT(-51.6427926 -23.7073257)
PR;4115606;118;120;2014;POINT(-53.9886412 -25.2410572)
PR;4115606;118;128;2014;POINT(-53.9886412 -25.2410572)
PR;4115606;118;18;2014;POINT(-53.9448546 -25.1925039)
PR;4115606;118;4;2014;POINT(-53.982247 -25.2375537)
PR;4115606;118;5;2014;POINT(-53.982247 -25.2375537)
PR;4115606;118;9;2014;POINT(-53.9805041 -25.2442922)
PR;4115705;194;116;2014;
PR;4115705;194;128;2014;POINT(-48.5385659 -25.8350459)
PR;4115705;194;137;2014;
PR;4115705;194;139;2014;POINT(-48.53574 -25.81826)
PR;4115705;194;155;2014;
PR;4115705;194;181;2014;POINT(-48.5285955 -25.7972218)
PR;4115705;194;186;2014;POINT(-48.5473056 -25.8270452)
PR;4115705;194;99;2014;
PR;4115739;38;222;2014;
PR;4115739;38;232;2014;
PR;4115754;76;40;2014;POINT(-51.22455 -23.89564)
PR;4115754;76;79;2014;
PR;4115754;76;84;2014;
PR;4115804;114;1;2014;POINT(-54.0948739 -25.3002304)
PR;4115804;114;136;2014;POINT(-54.0948739 -25.3002304)
PR;4115804;114;153;2014;POINT(-54.0829006 -25.2762004)
PR;4115804;114;20;2014;POINT(-54.0923617 -25.2923559)
PR;4115804;114;22;2014;POINT(-54.0923617 -25.2923559)
PR;4115804;114;27;2014;POINT(-54.1002293 -25.2934815)
PR;4115804;114;28;2014;POINT(-54.1002293 -25.2934815)
PR;4115804;114;3;2014;POINT(-54.0948739 -25.3002304)
PR;4115804;114;44;2014;POINT(-54.0976379 -25.3057972)
PR;4115804;114;45;2014;POINT(-54.1149506 -25.3009412)
PR;4115804;114;7;2014;POINT(-54.0948739 -25.3002304)
PR;4115804;114;8;2014;POINT(-54.0948739 -25.3002304)
PR;4115853;121;64;2014;POINT(-54.1633516 -24.4521641)
PR;4116000;65;25;2014;POINT(-51.482871 -22.968176)
PR;4116059;114;106;2014;
PR;4116059;114;156;2014;POINT(-54.237343 -25.0939254)
PR;4116059;114;88;2014;POINT(-54.2474517 -25.0900791)
PR;4116109;92;102;2014;POINT(-53.0098737 -24.0515474)
PR;4116109;92;107;2014;POINT(-53.0098737 -24.0515474)
PR;4116109;92;114;2014;POINT(-52.8880908 -24.1094683)
PR;4116109;92;85;2014;POINT(-53.0144055 -24.0513494)
PR;4116208;51;19;2014;
PR;4116208;51;23;2014;
PR;4116208;51;29;2014;POINT(-48.8294843 -25.474691)
PR;4116208;51;30;2014;POINT(-48.8294843 -25.474691)
PR;4116307;150;72;2014;POINT(-51.77185697 -23.14624418)
PR;4116307;150;79;2014;POINT(-51.77185697 -23.14624418)
PR;4116307;150;81;2014;POINT(-51.77185697 -23.14624418)
PR;4116406;150;90;2014;POINT(-51.79866167 -22.91389638)
PR;4116604;35;45;2014;POINT(-50.7197226 -23.3310376)
PR;4116604;35;46;2014;POINT(-50.7197226 -23.3310376)
PR;4116703;120;128;2014;POINT(-53.2516902 -24.529532)
PR;4116703;120;55;2014;POINT(-53.26278 -24.52617)
PR;4116703;120;63;2014;POINT(-53.2599371 -24.5236022)
PR;4116802;169;100;2014;POINT(-52.57007 -24.67454)
PR;4116802;169;50;2014;
PR;4116802;169;54;2014;
PR;4116802;169;56;2014;POINT(-52.57007 -24.67454)
PR;4116901;71;107;2014;POINT(-52.2067117 -23.1817512)
PR;4116901;71;31;2014;POINT(-52.20122 -23.18488)
PR;4116901;71;34;2014;POINT(-52.20122 -23.18488)
PR;4116901;71;56;2014;POINT(-52.2052701 -23.1856551)
PR;4116901;71;57;2014;POINT(-52.2067117 -23.1817512)
PR;4116950;162;105;2014;
PR;4116950;162;113;2014;POINT(-53.2630536 -25.897943)
PR;4116950;162;122;2014;
PR;4117008;108;10;2014;
PR;4117008;108;14;2014;
PR;4117008;108;22;2014;
PR;4117057;45;111;2014;
PR;4117057;45;63;2014;
PR;4117057;45;70;2014;
PR;4117057;45;95;2014;
PR;4117107;96;33;2014;POINT(-52.9886009 -22.7646304)
PR;4117107;96;34;2014;POINT(-52.9886009 -22.7646304)
PR;4117107;96;38;2014;POINT(-52.9849035 -22.7614489)
PR;4117107;96;48;2014;POINT(-53.0005454 -22.7629656)
PR;4117107;96;52;2014;POINT(-52.9900219 -22.7633956)
PR;4117107;96;69;2014;POINT(-52.9849035 -22.7614489)
PR;4117214;63;17;2014;POINT(-50.76375 -23.58715)
PR;4117214;63;49;2014;POINT(-50.76375 -23.58715)
PR;4117222;121;176;2014;POINT(-53.950071 -24.469082)
PR;4117255;162;101;2014;POINT(-53.3422757 -25.6379798)
PR;4117255;162;46;2014;POINT(-53.3502067 -25.6348693)
PR;4117255;162;48;2014;POINT(-53.3502067 -25.6348693)
PR;4117255;162;60;2014;POINT(-53.3891706 -25.5558131)
PR;4117255;162;61;2014;
PR;4117255;162;62;2014;
PR;4117271;196;70;2014;POINT(-51.948896 -24.436239)
PR;4117271;196;71;2014;POINT(-51.948896 -24.436239)
PR;4117305;167;1;2014;POINT(-50.9251465 -24.208972)
PR;4117305;167;10;2014;POINT(-50.9402664 -24.2104412)
PR;4117305;167;18;2014;POINT(-50.926357 -24.211393)
PR;4117305;167;49;2014;POINT(-50.8798551 -24.3607516)
PR;4117305;167;6;2014;POINT(-50.9261873 -24.205822)
PR;4117305;167;83;2014;POINT(-50.926357 -24.211393)
PR;4117404;102;36;2014;
PR;4117503;154;106;2014;POINT(-52.0512363 -23.4589863)
PR;4117503;154;109;2014;POINT(-52.0512363 -23.4589863)
PR;4117503;154;112;2014;POINT(-52.0512363 -23.4589863)
PR;4117503;154;120;2014;POINT(-52.15137 -23.50049)
PR;4117503;154;127;2014;POINT(-52.0570132 -23.4656948)
PR;4117503;154;153;2014;POINT(-52.0430238 -23.4574588)
PR;4117503;154;207;2014;POINT(-52.0570132 -23.4656948)
PR;4117503;154;229;2014;POINT(-52.0506375 -23.4606236)
PR;4117503;154;97;2014;POINT(-52.0506375 -23.4606236)
PR;4117503;154;98;2014;POINT(-52.0506375 -23.4606236)
PR;4117602;32;20;2014;POINT(-51.9907228 -26.4836824)
PR;4117602;32;31;2014;POINT(-51.9886272 -26.4847285)
PR;4117602;32;35;2014;POINT(-51.9900906 -26.487646)
PR;4117602;32;72;2014;POINT(-51.9961549 -26.4922528)
PR;4117602;32;82;2014;POINT(-52.0085383 -26.4702093)
PR;4117602;32;84;2014;POINT(-51.9856225 -26.495465)
PR;4117602;32;9;2014;POINT(-51.9895336 -26.4815268)
PR;4117701;13;11;2014;POINT(-50.0091978 -25.4327501)
PR;4117701;13;16;2014;POINT(-50.0091978 -25.4327501)
PR;4117701;13;33;2014;
PR;4117701;13;34;2014;
PR;4117701;13;37;2014;
PR;4117701;13;40;2014;POINT(-49.98689895 -25.48826626)
PR;4117701;13;52;2014;
PR;4117701;13;73;2014;
PR;4117701;13;82;2014;
PR;4117701;13;9;2014;
PR;4117800;134;105;2014;
PR;4117800;134;36;2014;POINT(-52.2120239 -24.8857633)
PR;4117909;124;15;2014;POINT(-53.8415078 -24.2792714)
PR;4117909;124;25;2014;POINT(-53.8418302 -24.2799839)
PR;4117909;124;32;2014;
PR;4117909;124;33;2014;
PR;4117909;124;62;2014;POINT(-53.8356651 -24.2801199)
PR;4117909;124;74;2014;POINT(-53.8356651 -24.2801199)
PR;4117909;124;83;2014;POINT(-53.8537005 -24.2832596)
PR;4118006;100;35;2014;POINT(-52.598693 -23.281803)
PR;4118105;91;23;2014;POINT(-52.1516262 -22.9332844)
PR;4118105;91;26;2014;POINT(-52.1516262 -22.9332844)
PR;4118204;158;122;2014;
PR;4118204;158;130;2014;
PR;4118204;158;134;2014;
PR;4118204;158;137;2014;
PR;4118204;158;142;2014;
PR;4118204;158;145;2014;
PR;4118204;158;168;2014;POINT(-48.54717 -25.54258)
PR;4118204;158;178;2014;
PR;4118204;158;180;2014;
PR;4118204;158;185;2014;
PR;4118204;158;211;2014;
PR;4118204;158;212;2014;POINT(-48.5507117 -25.5278736)
PR;4118204;158;213;2014;
PR;4118204;158;222;2014;
PR;4118204;158;239;2014;
PR;4118204;158;240;2014;
PR;4118204;158;252;2014;POINT(-48.5354686 -25.515261)
PR;4118204;158;44;2014;POINT(-48.5354686 -25.515261)
PR;4118204;158;54;2014;
PR;4118204;158;73;2014;
PR;4118204;158;84;2014;
PR;4118204;5;116;2014;POINT(-48.50315 -25.52772)
PR;4118204;5;119;2014;
PR;4118204;5;136;2014;POINT(-48.50315 -25.52772)
PR;4118204;5;142;2014;
PR;4118204;5;149;2014;POINT(-48.52045 -25.53138)
PR;4118204;5;161;2014;POINT(-48.52045 -25.53138)
PR;4118204;5;163;2014;POINT(-48.52045 -25.53138)
PR;4118204;5;184;2014;
PR;4118204;5;188;2014;
PR;4118204;5;194;2014;
PR;4118204;5;2;2014;POINT(-48.5044508 -25.5172605)
PR;4118204;5;206;2014;
PR;4118204;5;207;2014;
PR;4118204;5;24;2014;POINT(-48.5044508 -25.5172605)
PR;4118204;5;39;2014;POINT(-48.50464 -25.51351)
PR;4118204;5;50;2014;
PR;4118204;5;71;2014;
PR;4118204;5;83;2014;
PR;4118204;5;9;2014;POINT(-48.5044508 -25.5172605)
PR;4118303;91;38;2014;POINT(-52.0822927 -22.6541746)
PR;4118303;91;40;2014;POINT(-52.0822927 -22.6541746)
PR;4118402;138;103;2014;
PR;4118402;138;30;2014;POINT(-52.4513401 -23.080493)
PR;4118402;138;35;2014;POINT(-52.4456779 -23.0779524)
PR;4118402;138;39;2014;POINT(-52.4456779 -23.0779524)
PR;4118402;138;50;2014;POINT(-52.408586 -23.0742797)
PR;4118402;138;54;2014;POINT(-52.408586 -23.0742797)
PR;4118402;138;55;2014;POINT(-52.408586 -23.0742797)
PR;4118402;72;104;2014;POINT(-52.4630156 -23.087055)
PR;4118402;72;111;2014;
PR;4118402;72;2;2014;POINT(-52.4539561 -23.084552)
PR;4118402;72;20;2014;POINT(-52.4787417 -23.0959718)
PR;4118402;72;26;2014;POINT(-52.4630156 -23.087055)
PR;4118402;72;46;2014;POINT(-52.4491197 -23.092073)
PR;4118402;72;61;2014;POINT(-52.4688444 -23.079443)
PR;4118402;72;79;2014;POINT(-52.4688444 -23.079443)
PR;4118451;121;112;2014;POINT(-54.2238758 -24.6272605)
PR;4118501;73;132;2014;POINT(-52.6691 -26.22803)
PR;4118501;73;141;2014;POINT(-52.6691 -26.22803)
PR;4118501;73;144;2014;
PR;4118501;73;156;2014;POINT(-52.6835151 -26.2314026)
PR;4118501;73;18;2014;
PR;4118501;73;183;2014;
PR;4118501;73;190;2014;POINT(-52.6900785 -26.262459)
PR;4118501;73;20;2014;POINT(-52.66992 -26.24115)
PR;4118501;73;201;2014;POINT(-52.6835151 -26.2314026)
PR;4118501;73;207;2014;POINT(-52.6897598 -26.25108)
PR;4118501;73;36;2014;POINT(-52.6802 -26.23226)
PR;4118501;73;43;2014;
PR;4118501;73;5;2014;POINT(-52.67661 -26.21601)
PR;4118501;73;56;2014;
PR;4118501;73;59;2014;POINT(-52.666286 -26.225298)
PR;4118501;73;6;2014;POINT(-52.67661 -26.21601)
PR;4118501;73;92;2014;
PR;4118600;33;10;2014;POINT(-50.90488167 -26.16661167)
PR;4118600;33;5;2014;POINT(-50.79049 -26.09835667)
PR;4118600;33;9;2014;POINT(-50.90488167 -26.16661167)
PR;4118709;37;26;2014;
PR;4118709;37;44;2014;
PR;4118709;37;47;2014;POINT(-50.6739732 -26.1070717)
PR;4118808;74;39;2014;POINT(-52.34196 -23.91879)
PR;4118808;74;92;2014;POINT(-52.3547954 -23.9128843)
PR;4118857;142;109;2014;POINT(-53.4090166 -23.8963224)
PR;4118857;142;110;2014;POINT(-53.4090166 -23.8963224)
PR;4118857;142;111;2014;POINT(-53.4090166 -23.8963224)
PR;4118857;142;118;2014;POINT(-53.4090166 -23.8963224)
PR;4118907;135;1;2014;POINT(-53.68893 -23.80473)
PR;4119004;107;68;2014;
PR;4119103;11;14;2014;POINT(-49.42581 -26.10182833)
PR;4119103;11;154;2014;POINT(-49.38284667 -26.12390667)
PR;4119103;11;18;2014;POINT(-49.38284667 -26.12390667)
PR;4119152;187;108;2014;POINT(-49.1550702 -25.4294647)
PR;4119152;187;124;2014;POINT(-49.16465 -25.44171)
PR;4119152;187;126;2014;POINT(-49.16681 -25.43913)
PR;4119152;187;139;2014;POINT(-49.176004 -25.4312001)
PR;4119152;187;146;2014;POINT(-49.177044 -25.4273616)
PR;4119152;187;155;2014;POINT(-49.1813306 -25.3998649)
PR;4119152;187;164;2014;POINT(-49.1550702 -25.4294647)
PR;4119152;187;165;2014;POINT(-49.1550702 -25.4294647)
PR;4119152;187;205;2014;POINT(-49.180996 -25.4176655)
PR;4119152;187;206;2014;POINT(-49.177044 -25.4273616)
PR;4119152;187;209;2014;POINT(-49.152 -25.41929)
PR;4119152;187;77;2014;POINT(-49.17353 -25.44142)
PR;4119152;187;80;2014;POINT(-49.17353 -25.44142)
PR;4119152;187;86;2014;POINT(-49.1735918 -25.4446796)
PR;4119152;188;219;2014;POINT(-49.1835056 -25.4007516)
PR;4119152;188;223;2014;POINT(-49.1835056 -25.4007516)
PR;4119152;188;240;2014;POINT(-49.1854084 -25.4540872)
PR;4119152;188;268;2014;POINT(-49.1831012 -25.4567388)
PR;4119152;188;308;2014;POINT(-49.1821221 -25.4183338)
PR;4119152;188;328;2014;
PR;4119152;188;334;2014;POINT(-49.1982496 -25.4371518)
PR;4119202;19;14;2014;POINT(-50.0585441 -23.7933358)
PR;4119251;83;44;2014;
PR;4119301;160;124;2014;POINT(-51.64798 -25.6978)
PR;4119301;160;2;2014;
PR;4119301;160;20;2014;
PR;4119301;160;21;2014;
PR;4119301;160;31;2014;POINT(-51.663895 -25.7010285)
PR;4119301;160;56;2014;POINT(-51.64798 -25.6978)
PR;4119301;160;69;2014;
PR;4119301;160;70;2014;POINT(-51.64798 -25.6978)
PR;4119301;160;76;2014;POINT(-51.7758845 -25.85079554)
PR;4119301;160;88;2014;
PR;4119400;27;10;2014;POINT(-49.93811021 -24.5355232)
PR;4119400;27;11;2014;POINT(-49.93811021 -24.5355232)
PR;4119400;27;34;2014;
PR;4119400;27;36;2014;
PR;4119400;27;46;2014;POINT(-49.9316981 -24.5317179)
PR;4119400;27;6;2014;POINT(-49.9316981 -24.5317179)
PR;4119400;27;9;2014;POINT(-49.93811021 -24.5355232)
PR;4119509;155;140;2014;POINT(-49.10297 -25.45436)
PR;4119509;155;185;2014;POINT(-49.16444 -25.45611)
PR;4119509;155;227;2014;POINT(-49.06548 -25.44589)
PR;4119509;155;233;2014;POINT(-49.06107 -25.44308)
PR;4119509;155;241;2014;POINT(-49.10297 -25.45436)
PR;4119509;155;248;2014;POINT(-49.0928981 -25.4372454)
PR;4119509;155;290;2014;
PR;4119509;155;294;2014;POINT(-49.0928981 -25.4372454)
PR;4119509;155;32;2014;POINT(-49.06084 -25.44277)
PR;4119509;155;33;2014;POINT(-49.06084 -25.44277)
PR;4119509;155;374;2014;POINT(-49.0928981 -25.4372454)
PR;4119509;155;377;2014;POINT(-49.10297 -25.45436)
PR;4119509;155;399;2014;POINT(-49.12973 -25.45945)
PR;4119509;155;411;2014;POINT(-49.14741 -25.4599)
PR;4119509;155;415;2014;
PR;4119509;155;417;2014;POINT(-49.0494555 -25.4240119)
PR;4119509;155;424;2014;
PR;4119509;155;432;2014;POINT(-49.06333 -25.45944)
PR;4119509;155;46;2014;POINT(-49.06548 -25.44589)
PR;4119608;38;106;2014;
PR;4119608;38;204;2014;
PR;4119608;38;270;2014;POINT(-52.0413 -24.71531)
PR;4119608;38;280;2014;
PR;4119608;38;286;2014;POINT(-51.7645351 -24.7593111)
PR;4119608;38;42;2014;POINT(-51.7623142 -24.7572628)
PR;4119608;38;45;2014;POINT(-51.7623142 -24.7572628)
PR;4119608;38;56;2014;POINT(-51.7717242 -24.7563093)
PR;4119608;38;58;2014;POINT(-51.7717242 -24.7563093)
PR;4119608;38;60;2014;POINT(-51.7619812 -24.7613069)
PR;4119608;38;66;2014;
PR;4119608;38;95;2014;
PR;4119707;94;2;2014;POINT(-52.9213273 -23.0239813)
PR;4119806;107;113;2014;POINT(-53.7635007 -25.722501)
PR;4119806;107;117;2014;
PR;4119806;107;119;2014;
PR;4119806;107;138;2014;POINT(-53.76643 -25.71621)
PR;4119806;107;98;2014;POINT(-53.76643 -25.71621)
PR;4119905;139;101;2014;POINT(-50.1733195 -25.0683419)
PR;4119905;139;180;2014;POINT(-50.1968191 -25.0869644)
PR;4119905;139;197;2014;
PR;4119905;139;206;2014;POINT(-50.2233669 -25.0552833)
PR;4119905;139;215;2014;POINT(-50.2364647 -25.0816063)
PR;4119905;139;227;2014;POINT(-50.20583 -25.06778)
PR;4119905;139;253;2014;
PR;4119905;139;274;2014;
PR;4119905;139;35;2014;
PR;4119905;139;5;2014;POINT(-50.1858013 -25.065029)
PR;4119905;139;57;2014;
PR;4119905;139;61;2014;POINT(-50.183473 -25.0735376)
PR;4119905;139;90;2014;POINT(-50.1733195 -25.0683419)
PR;4119905;14;114;2014;POINT(-50.148717 -25.117147)
PR;4119905;14;119;2014;POINT(-50.1366796 -25.0917591)
PR;4119905;14;121;2014;POINT(-50.1366796 -25.0917591)
PR;4119905;14;152;2014;
PR;4119905;14;170;2014;POINT(-50.1434337 -25.090717)
PR;4119905;14;173;2014;
PR;4119905;14;27;2014;POINT(-50.15968 -25.093)
PR;4119905;14;35;2014;POINT(-50.15968 -25.093)
PR;4119905;14;39;2014;
PR;4119905;14;53;2014;POINT(-50.1609252 -25.0866233)
PR;4119905;15;10;2014;POINT(-50.1770553 -25.0849773)
PR;4119905;15;101;2014;POINT(-50.1619096 -25.0928555)
PR;4119905;15;11;2014;POINT(-50.1736622 -25.0973985)
PR;4119905;15;115;2014;
PR;4119905;15;129;2014;POINT(-50.1594835 -25.1359825)
PR;4119905;15;142;2014;
PR;4119905;15;147;2014;POINT(-50.1594835 -25.1359825)
PR;4119905;15;152;2014;POINT(-50.1736622 -25.0973985)
PR;4119905;15;164;2014;
PR;4119905;15;2;2014;POINT(-50.1770553 -25.0849773)
PR;4119905;15;26;2014;POINT(-50.1702611 -25.0866205)
PR;4119905;15;30;2014;POINT(-50.1589281 -25.112907)
PR;4119905;15;35;2014;POINT(-50.1609131 -25.1045446)
PR;4119905;15;60;2014;POINT(-50.160262 -25.0913802)
PR;4119905;15;69;2014;POINT(-50.1687211 -25.0840157)
PR;4119905;15;71;2014;POINT(-50.160262 -25.0913802)
PR;4119905;15;77;2014;POINT(-50.15973 -25.09747)
PR;4119905;15;94;2014;POINT(-50.1695143 -25.0933858)
PR;4119905;197;10;2014;POINT(-50.1376451 -25.0650747)
PR;4119905;197;102;2014;POINT(-50.1545586 -25.0859666)
PR;4119905;197;107;2014;POINT(-50.1468858 -25.0666654)
PR;4119905;197;108;2014;
PR;4119905;197;113;2014;POINT(-50.1376451 -25.0650747)
PR;4119905;197;18;2014;POINT(-50.1545586 -25.0859666)
PR;4119905;197;28;2014;POINT(-50.15769 -25.07616)
PR;4119905;197;33;2014;POINT(-50.1468858 -25.0666654)
PR;4119905;197;37;2014;POINT(-50.1320915 -25.0747833)
PR;4119905;197;44;2014;POINT(-50.1320915 -25.0747833)
PR;4119905;197;46;2014;POINT(-50.1320915 -25.0747833)
PR;4119905;197;49;2014;POINT(-50.1284741 -25.0779244)
PR;4119905;197;55;2014;POINT(-50.179016 -25.078878)
PR;4119905;197;58;2014;POINT(-50.179016 -25.078878)
PR;4119905;197;67;2014;POINT(-50.1680293 -25.0774691)
PR;4119905;197;75;2014;POINT(-50.1636348 -25.0697098)
PR;4119905;197;79;2014;POINT(-50.15473 -25.06555)
PR;4119905;197;85;2014;POINT(-50.15473 -25.06555)
PR;4119905;197;86;2014;POINT(-50.1284741 -25.0779244)
PR;4119905;197;88;2014;
PR;4119905;197;90;2014;POINT(-50.1636348 -25.0697098)
PR;4119905;197;96;2014;POINT(-50.1468858 -25.0666654)
PR;4119905;197;99;2014;POINT(-50.15769 -25.07616)
PR;4119905;198;10;2014;POINT(-50.1162656 -25.0705902)
PR;4119905;198;101;2014;POINT(-50.102252 -25.083017)
PR;4119905;198;128;2014;
PR;4119905;198;136;2014;POINT(-50.1184404 -25.0970166)
PR;4119905;198;17;2014;POINT(-50.0456594 -25.220424)
PR;4119905;198;56;2014;
PR;4119905;198;59;2014;
PR;4119905;198;61;2014;
PR;4119905;198;77;2014;POINT(-50.1093644 -25.0956383)
PR;4119905;198;91;2014;POINT(-50.1162656 -25.0705902)
PR;4119905;198;97;2014;
PR;4119954;194;171;2014;POINT(-48.4643609 -25.6703045)
PR;4119954;194;202;2014;
PR;4119954;194;47;2014;POINT(-48.4212905 -25.6238291)
PR;4119954;194;50;2014;
PR;4119954;194;51;2014;
PR;4119954;194;80;2014;
PR;4119954;194;89;2014;
PR;4119954;194;91;2014;
PR;4119954;194;94;2014;
PR;4120002;65;35;2014;POINT(-51.3802588 -22.7591582)
PR;4120002;65;38;2014;POINT(-51.3802588 -22.7591582)
PR;4120002;65;41;2014;POINT(-51.3794947 -22.7563516)
PR;4120002;65;62;2014;POINT(-51.3850691 -22.7595768)
PR;4120002;65;63;2014;POINT(-51.3850691 -22.7595768)
PR;4120002;65;92;2014;POINT(-51.3743687 -22.7578369)
PR;4120150;45;214;2014;POINT(-51.9651269 -25.4618975)
PR;4120150;45;77;2014;
PR;4120309;153;132;2014;
PR;4120309;153;89;2014;POINT(-51.2272234 -26.1597441)
PR;4120309;153;93;2014;POINT(-51.1688717 -26.1925024)
PR;4120333;65;84;2014;POINT(-51.44078 -23.0430348)
PR;4120408;71;78;2014;
PR;4120507;104;16;2014;
PR;4120507;104;2;2014;POINT(-51.022942 -22.848737)
PR;4120606;30;10;2014;POINT(-50.9790997 -25.2109005)
PR;4120606;30;109;2014;
PR;4120606;30;11;2014;POINT(-50.979 -25.20916)
PR;4120606;30;119;2014;
PR;4120606;30;133;2014;
PR;4120606;30;134;2014;
PR;4120606;30;138;2014;POINT(-51.02262667 -25.344805)
PR;4120606;30;145;2014;
PR;4120606;30;148;2014;POINT(-50.93482 -25.398)
PR;4120606;30;149;2014;
PR;4120606;30;153;2014;
PR;4120606;30;21;2014;POINT(-50.9781189 -25.2104119)
PR;4120606;30;33;2014;
PR;4120606;30;35;2014;POINT(-51.297545 -24.84114167)
PR;4120606;30;52;2014;
PR;4120606;30;58;2014;POINT(-50.82946167 -25.242745)
PR;4120606;30;6;2014;POINT(-50.9790997 -25.2109005)
PR;4120606;30;63;2014;
PR;4120606;30;64;2014;POINT(-51.22537333 -24.88401167)
PR;4120606;30;69;2014;
PR;4120606;30;79;2014;POINT(-51.20407833 -25.06906167)
PR;4120606;30;90;2014;
PR;4120606;30;91;2014;POINT(-50.93482 -25.398)
PR;4120606;30;98;2014;
PR;4120655;92;61;2014;POINT(-53.07565 -24.28028)
PR;4120655;92;62;2014;POINT(-53.07565 -24.28028)
PR;4120655;92;71;2014;POINT(-53.21267 -24.30564)
PR;4120804;195;137;2014;POINT(-49.1088042 -25.3748503)
PR;4120804;195;48;2014;POINT(-49.0750865 -25.3680273)
PR;4120804;195;61;2014;POINT(-49.040688 -25.393106)
PR;4120804;195;64;2014;POINT(-49.098209 -25.3705329)
PR;4120804;195;79;2014;POINT(-49.0750865 -25.3680273)
PR;4120804;195;85;2014;
PR;4120853;121;51;2014;POINT(-53.9751 -24.5708797)
PR;4120853;121;52;2014;POINT(-53.9751 -24.5708797)
PR;4120853;121;57;2014;
PR;4120903;163;107;2014;POINT(-52.90350167 -25.45799167)
PR;4120903;163;20;2014;
PR;4120903;163;39;2014;POINT(-53.0017 -25.37252)
PR;4120903;163;42;2014;
PR;4120903;163;8;2014;POINT(-52.94340333 -25.46939333)
PR;4120903;163;9;2014;POINT(-52.94340333 -25.46939333)
PR;4120903;163;92;2014;
PR;4120903;163;98;2014;
PR;4121000;85;106;2014;POINT(-53.4840405 -23.088821)
PR;4121109;116;53;2014;
PR;4121109;116;78;2014;
PR;4121208;11;155;2014;POINT(-49.4979046 -25.8728197)
PR;4121208;11;31;2014;POINT(-49.4979046 -25.8728197)
PR;4121208;11;42;2014;
PR;4121208;11;44;2014;
PR;4121208;11;51;2014;
PR;4121257;118;127;2014;
PR;4121257;118;25;2014;
PR;4121307;84;27;2014;POINT(-50.9162295 -23.0689305)
PR;4121406;130;138;2014;POINT(-53.534539 -25.774678)
PR;4121406;130;140;2014;POINT(-53.5396308 -25.76484)
PR;4121406;130;164;2014;
PR;4121406;130;42;2014;POINT(-53.5337497 -25.7724203)
PR;4121406;130;47;2014;POINT(-53.5337497 -25.7724203)
PR;4121406;130;60;2014;
PR;4121406;130;61;2014;
PR;4121505;62;12;2014;POINT(-50.55706645 -25.68151979)
PR;4121505;62;2;2014;POINT(-50.69425536 -25.61962424)
PR;4121505;62;59;2014;POINT(-50.6927736 -25.62230904)
PR;4121505;62;7;2014;POINT(-50.6927736 -25.62230904)
PR;4121604;140;74;2014;POINT(-52.9701293 -26.1595717)
PR;4121703;39;21;2014;POINT(-50.85397 -24.519455)
PR;4121703;39;42;2014;
PR;4121703;39;43;2014;
PR;4121703;39;48;2014;POINT(-50.8455732 -24.655526)
PR;4121703;39;52;2014;
PR;4121703;39;59;2014;
PR;4121703;39;69;2014;POINT(-50.8455732 -24.655526)
PR;4121752;160;101;2014;
PR;4121752;160;46;2014;
PR;4121802;23;13;2014;
PR;4121802;23;24;2014;POINT(-49.755738 -23.2007373)
PR;4121802;23;9;2014;
PR;4121901;82;31;2014;POINT(-50.3551 -23.40659)
PR;4121901;82;35;2014;POINT(-50.354024 -23.405755)
PR;4121901;82;51;2014;
PR;4122008;62;34;2014;
PR;4122008;62;40;2014;POINT(-50.64551309 -25.80586999)
PR;4122008;62;41;2014;POINT(-50.64551309 -25.80586999)
PR;4122008;62;44;2014;POINT(-50.86039468 -25.68622962)
PR;4122008;62;46;2014;POINT(-50.91653698 -25.60082603)
PR;4122008;62;49;2014;POINT(-50.83857773 -25.66750611)
PR;4122008;62;52;2014;POINT(-50.68317367 -25.7747089)
PR;4122008;62;84;2014;
PR;4122008;62;90;2014;POINT(-50.68317367 -25.7747089)
PR;4122107;76;67;2014;POINT(-51.4151964 -23.7643956)
PR;4122156;45;200;2014;
PR;4122156;45;87;2014;POINT(-52.49453 -25.470795)
PR;4122156;45;89;2014;POINT(-52.5291138 -25.4923222)
PR;4122206;156;104;2014;POINT(-49.3137171 -25.1907552)
PR;4122206;156;109;2014;POINT(-49.3132907 -25.190413)
PR;4122206;156;160;2014;
PR;4122206;156;171;2014;
PR;4122206;156;182;2014;POINT(-49.3156276 -25.1802616)
PR;4122206;156;209;2014;POINT(-49.3149305 -25.1930399)
PR;4122206;156;210;2014;
PR;4122206;156;220;2014;POINT(-49.3028 -25.1908)
PR;4122206;156;98;2014;POINT(-49.3149305 -25.1930399)
PR;4122305;11;100;2014;
PR;4122305;11;152;2014;POINT(-49.780981 -26.1054498)
PR;4122305;11;175;2014;POINT(-49.72442656 -26.04492361)
PR;4122305;11;179;2014;POINT(-49.8015099 -26.0925616)
PR;4122305;11;69;2014;POINT(-49.7994378 -26.1033859)
PR;4122305;11;73;2014;POINT(-49.7933726 -26.1001432)
PR;4122305;11;74;2014;POINT(-49.7933726 -26.1001432)
PR;4122305;11;86;2014;POINT(-49.7786255 -26.0886312)
PR;4122404;59;10;2014;POINT(-51.3661204 -23.3163114)
PR;4122404;59;107;2014;POINT(-51.3760492 -23.3196794)
PR;4122404;59;12;2014;POINT(-51.3661204 -23.3163114)
PR;4122404;59;26;2014;POINT(-51.3645602 -23.3147069)
PR;4122404;59;40;2014;POINT(-51.3881482 -23.3174243)
PR;4122404;59;51;2014;POINT(-51.358568 -23.3090891)
PR;4122404;59;52;2014;POINT(-51.358568 -23.3090891)
PR;4122404;59;59;2014;POINT(-51.44211 -23.192445)
PR;4122404;59;65;2014;POINT(-51.3661204 -23.3163114)
PR;4122404;59;70;2014;POINT(-51.3663934 -23.3046755)
PR;4122404;59;79;2014;POINT(-51.3889658 -23.3200148)
PR;4122404;59;81;2014;POINT(-51.3656451 -23.3118796)
PR;4122503;141;122;2014;
PR;4122503;141;126;2014;POINT(-52.27566 -24.60174)
PR;4122503;141;181;2014;POINT(-52.27566 -24.60174)
PR;4122602;127;38;2014;POINT(-52.77481 -23.41888)
PR;4122651;136;25;2014;POINT(-51.2464001 -24.2571803)
PR;4122651;136;31;2014;POINT(-51.2513578 -24.2558708)
PR;4122651;136;32;2014;POINT(-51.2513578 -24.2558708)
PR;4122651;136;56;2014;POINT(-51.1778135 -24.4012818)
PR;4122701;180;65;2014;POINT(-51.55051122 -23.31696218)
PR;4122800;131;122;2014;
PR;4122909;21;3;2014;POINT(-49.6707205 -23.6354854)
PR;4122909;21;4;2014;POINT(-49.6707205 -23.6354854)
PR;4122909;21;6;2014;POINT(-49.6276 -23.60271)
PR;4123006;162;103;2014;POINT(-53.3145967 -25.7761626)
PR;4123006;162;17;2014;
PR;4123006;162;3;2014;POINT(-53.3118198 -25.7845941)
PR;4123006;162;4;2014;POINT(-53.3118198 -25.7845941)
PR;4123105;58;60;2014;POINT(-50.42585 -23.26659)
PR;4123105;58;68;2014;POINT(-50.43186 -23.26794)
PR;4123204;63;1;2014;
PR;4123402;150;119;2014;POINT(-51.8098928 -23.0427802)
PR;4123402;150;126;2014;POINT(-51.80490116 -23.04000576)
PR;4123402;150;128;2014;POINT(-51.80490116 -23.04000576)
PR;4123402;150;130;2014;POINT(-51.80490116 -23.04000576)
PR;4123402;150;133;2014;POINT(-51.80490116 -23.04000576)
PR;4123501;129;112;2014;POINT(-54.3359907 -24.8692682)
PR;4123501;129;15;2014;
PR;4123501;129;31;2014;
PR;4123501;129;35;2014;
PR;4123501;129;43;2014;
PR;4123501;129;54;2014;
PR;4123501;129;76;2014;POINT(-54.3310947 -24.85995)
PR;4123501;129;79;2014;
PR;4123501;129;83;2014;POINT(-54.3303101 -24.8591729)
PR;4123600;95;68;2014;POINT(-51.9008495 -22.6396342)
PR;4123709;94;10;2014;POINT(-53.1990926 -23.0005142)
PR;4123709;94;13;2014;POINT(-53.1990926 -23.0005142)
PR;4123709;94;14;2014;POINT(-53.1990926 -23.0005142)
PR;4123709;94;16;2014;POINT(-53.191109 -23.0057315)
PR;4123709;94;17;2014;POINT(-53.191109 -23.0057315)
PR;4123808;130;112;2014;
PR;4123808;130;91;2014;POINT(-53.487573 -25.813051)
PR;4123824;165;29;2014;POINT(-53.56964 -25.40766)
PR;4123857;38;243;2014;
PR;4123857;38;252;2014;POINT(-51.8714534 -24.9391255)
PR;4123857;38;255;2014;POINT(-51.8714534 -24.9391255)
PR;4123857;38;284;2014;POINT(-51.8714534 -24.9391255)
PR;4123907;109;26;2014;POINT(-50.59050946 -22.95500205)
PR;4123907;109;34;2014;POINT(-50.51297315 -23.14802397)
PR;4123907;109;4;2014;POINT(-50.51297315 -23.14802397)
PR;4123956;94;32;2014;POINT(-53.1115153 -23.1089278)
PR;4124004;20;111;2014;
PR;4124020;68;303;2014;POINT(-53.619019 -25.0556993)
PR;4124020;68;309;2014;POINT(-53.619827 -25.054865)
PR;4124020;68;414;2014;POINT(-53.61924 -25.055446)
PR;4124053;205;145;2014;POINT(-54.3974876 -25.4387205)
PR;4124053;205;47;2014;POINT(-54.40072 -25.44147)
PR;4124053;205;50;2014;POINT(-54.40072 -25.44147)
PR;4124053;205;53;2014;POINT(-54.40072 -25.44147)
PR;4124053;205;61;2014;POINT(-54.3974876 -25.4387205)
PR;4124053;205;66;2014;POINT(-54.403686 -25.44117)
PR;4124053;205;81;2014;POINT(-54.415629 -25.444448)
PR;4124103;22;102;2014;
PR;4124103;22;33;2014;POINT(-50.07805 -23.29061)
PR;4124103;22;60;2014;POINT(-50.141484 -23.230417)
PR;4124103;22;68;2014;
PR;4124103;22;80;2014;POINT(-50.07805 -23.29061)
PR;4124103;22;90;2014;
PR;4124103;22;95;2014;POINT(-50.0716271 -23.2763319)
PR;4124400;83;11;2014;
PR;4124400;83;110;2014;POINT(-53.72183 -26.0554)
PR;4124400;83;35;2014;
PR;4124400;83;75;2014;POINT(-53.73025 -26.06974)
PR;4124400;83;8;2014;
PR;4124509;95;83;2014;POINT(-51.79036 -22.69448)
PR;4124608;100;33;2014;POINT(-52.4710326 -23.3154516)
PR;4124608;100;46;2014;POINT(-52.4710326 -23.3154516)
PR;4124707;63;24;2014;POINT(-50.740144 -23.724765)
PR;4124707;63;33;2014;POINT(-50.8142673 -23.7848982)
PR;4124707;63;46;2014;POINT(-50.740144 -23.724765)
PR;4124806;151;103;2014;POINT(-52.72433 -25.82385)
PR;4124806;151;107;2014;POINT(-52.72433 -25.82385)
PR;4124806;151;112;2014;POINT(-52.730111 -25.8270186)
PR;4124806;151;118;2014;
PR;4124806;151;133;2014;POINT(-52.72433 -25.82385)
PR;4124806;151;134;2014;POINT(-52.72433 -25.82385)
PR;4124905;87;40;2014;POINT(-52.3411566 -22.8562177)
PR;4124905;87;42;2014;POINT(-52.3411566 -22.8562177)
PR;4124905;87;60;2014;POINT(-52.3411566 -22.8562177)
PR;4125001;132;12;2014;POINT(-51.8221131 -23.9934663)
PR;4125001;132;14;2014;POINT(-51.8152777 -23.9996288)
PR;4125001;132;16;2014;POINT(-51.8152777 -23.9996288)
PR;4125001;132;29;2014;POINT(-51.8173097 -23.9878026)
PR;4125001;132;34;2014;
PR;4125001;132;9;2014;POINT(-51.8221131 -23.9934663)
PR;4125100;52;1;2014;
PR;4125100;52;17;2014;
PR;4125100;52;25;2014;POINT(-50.45867622 -25.7016197)
PR;4125209;151;147;2014;POINT(-52.9214484 -25.7035965)
PR;4125209;151;148;2014;
PR;4125209;151;150;2014;
PR;4125209;151;151;2014;
PR;4125209;151;168;2014;
PR;4125308;102;48;2014;POINT(-52.2932074 -23.4288993)
PR;4125357;123;68;2014;POINT(-53.883118 -23.7595423)
PR;4125357;123;74;2014;POINT(-53.8819929 -23.7629637)
PR;4125357;123;76;2014;
PR;4125506;199;12;2014;POINT(-49.08940526 -25.5329508)
PR;4125506;199;122;2014;POINT(-49.1722632 -25.5015523)
PR;4125506;199;140;2014;POINT(-49.13486193 -25.50635481)
PR;4125506;199;155;2014;POINT(-49.1487216 -25.473076)
PR;4125506;199;165;2014;POINT(-49.1894416 -25.5087507)
PR;4125506;199;166;2014;POINT(-49.168356 -25.4806961)
PR;4125506;199;17;2014;POINT(-49.08940526 -25.5329508)
PR;4125506;199;174;2014;POINT(-49.168356 -25.4806961)
PR;4125506;199;175;2014;POINT(-49.08834077 -25.53228811)
PR;4125506;199;186;2014;
PR;4125506;199;203;2014;POINT(-49.1274395 -25.5161675)
PR;4125506;199;31;2014;POINT(-49.1739365 -25.4936726)
PR;4125506;199;34;2014;POINT(-49.18775418 -25.52443088)
PR;4125506;199;39;2014;POINT(-49.1899198 -25.5217996)
PR;4125506;199;6;2014;POINT(-49.18759957 -25.51249047)
PR;4125506;199;70;2014;POINT(-49.1832734 -25.5126372)
PR;4125506;199;72;2014;POINT(-49.1487216 -25.473076)
PR;4125506;199;84;2014;POINT(-49.13486193 -25.50635481)
PR;4125506;199;86;2014;POINT(-49.1830174 -25.5017961)
PR;4125506;200;101;2014;POINT(-49.1551982 -25.54769323)
PR;4125506;200;107;2014;POINT(-49.1006432 -25.6632766)
PR;4125506;200;113;2014;
PR;4125506;200;134;2014;POINT(-49.1695314 -25.5204566)
PR;4125506;200;138;2014;POINT(-49.1878272 -25.5421242)
PR;4125506;200;143;2014;POINT(-49.16051062 -25.56379887)
PR;4125506;200;145;2014;POINT(-49.16815345 -25.54405421)
PR;4125506;200;149;2014;POINT(-49.1765149 -25.6143971)
PR;4125506;200;159;2014;POINT(-49.1878272 -25.5421242)
PR;4125506;200;175;2014;
PR;4125506;200;183;2014;
PR;4125506;200;24;2014;POINT(-49.15452961 -25.54053155)
PR;4125506;200;35;2014;POINT(-49.1835 -25.5543)
PR;4125506;200;36;2014;POINT(-49.1835 -25.5543)
PR;4125506;200;43;2014;POINT(-49.1765149 -25.6143971)
PR;4125506;200;7;2014;POINT(-49.1695314 -25.5204566)
PR;4125506;200;71;2014;POINT(-49.20960554 -25.6119866)
PR;4125506;200;77;2014;POINT(-49.22991231 -25.69270836)
PR;4125506;200;89;2014;POINT(-49.1551982 -25.54769323)
PR;4125506;200;92;2014;POINT(-49.1793988 -25.5460053)
PR;4125506;200;99;2014;POINT(-49.16051062 -25.56379887)
PR;4125506;8;105;2014;POINT(-49.19616586 -25.54959734)
PR;4125506;8;106;2014;POINT(-49.19616586 -25.54959734)
PR;4125506;8;108;2014;POINT(-49.19616586 -25.54959734)
PR;4125506;8;120;2014;POINT(-49.20848418 -25.53940396)
PR;4125506;8;126;2014;POINT(-49.2040988 -25.5209878)
PR;4125506;8;129;2014;POINT(-49.1991981 -25.5267063)
PR;4125506;8;133;2014;POINT(-49.1991981 -25.5267063)
PR;4125506;8;240;2014;POINT(-49.20848418 -25.53940396)
PR;4125506;8;251;2014;POINT(-49.1934156 -25.5439374)
PR;4125506;8;252;2014;POINT(-49.19628493 -25.56471125)
PR;4125506;8;255;2014;POINT(-49.2040988 -25.5209878)
PR;4125506;8;266;2014;POINT(-49.20848418 -25.53940396)
PR;4125506;8;267;2014;POINT(-49.19628493 -25.56471125)
PR;4125506;8;280;2014;POINT(-49.20853213 -25.55544956)
PR;4125506;8;38;2014;POINT(-49.2012561 -25.5225284)
PR;4125506;8;40;2014;POINT(-49.2012561 -25.5225284)
PR;4125506;8;80;2014;POINT(-49.20690348 -25.53506263)
PR;4125506;8;87;2014;POINT(-49.2029299 -25.5411981)
PR;4125555;149;60;2014;POINT(-52.644938 -23.396975)
PR;4125605;12;123;2014;POINT(-50.3940983 -25.8766581)
PR;4125605;12;133;2014;POINT(-50.384432 -25.870594)
PR;4125605;12;137;2014;POINT(-50.3737656 -25.8954915)
PR;4125605;12;144;2014;
PR;4125605;12;2;2014;POINT(-50.3815434 -25.8717401)
PR;4125605;12;24;2014;POINT(-50.3863413 -25.8715357)
PR;4125605;12;25;2014;POINT(-50.383695 -25.8743699)
PR;4125605;12;58;2014;
PR;4125605;12;68;2014;POINT(-50.3815434 -25.8717401)
PR;4125605;12;72;2014;POINT(-50.3815434 -25.8717401)
PR;4125605;12;89;2014;
PR;4125605;12;90;2014;
PR;4125704;122;10;2014;POINT(-54.24290726 -25.34652845)
PR;4125704;122;87;2014;POINT(-54.2433674 -25.342246)
PR;4125704;122;9;2014;POINT(-54.24290726 -25.34652845)
PR;4125753;148;17;2014;
PR;4125803;70;88;2014;POINT(-51.85947 -23.86908)
PR;4125803;70;91;2014;POINT(-51.85947 -23.86908)
PR;4125902;85;84;2014;POINT(-53.2235362 -22.8228204)
PR;4125902;85;88;2014;
PR;4126009;35;59;2014;POINT(-50.758852 -23.462834)
PR;4126009;35;65;2014;POINT(-50.7633049 -23.466135)
PR;4126108;149;43;2014;POINT(-52.5928086 -23.5354301)
PR;4126108;149;49;2014;POINT(-52.5869102 -23.5353855)
PR;4126207;119;38;2014;POINT(-50.5757959 -23.907634)
PR;4126256;206;100;2014;POINT(-51.8716125 -23.4338201)
PR;4126256;206;102;2014;
PR;4126256;206;103;2014;POINT(-51.8638296 -23.4511333)
PR;4126256;206;104;2014;POINT(-51.8672689 -23.4393366)
PR;4126256;206;105;2014;POINT(-51.8788339 -23.4288621)
PR;4126256;206;11;2014;POINT(-51.87431 -23.44315)
PR;4126256;206;154;2014;POINT(-51.87887 -23.42835)
PR;4126256;206;163;2014;POINT(-51.8796297 -23.4482716)
PR;4126256;206;18;2014;POINT(-51.8716125 -23.4338201)
PR;4126256;206;24;2014;POINT(-51.8716125 -23.4338201)
PR;4126256;206;31;2014;POINT(-51.86988 -23.44737)
PR;4126256;206;42;2014;POINT(-51.8704513 -23.4385224)
PR;4126256;206;43;2014;POINT(-51.8704513 -23.4385224)
PR;4126256;206;50;2014;POINT(-51.87887 -23.42835)
PR;4126256;206;52;2014;POINT(-51.87887 -23.42835)
PR;4126256;206;7;2014;POINT(-51.87431 -23.44315)
PR;4126256;206;76;2014;POINT(-51.8767053 -23.439473)
PR;4126256;206;8;2014;POINT(-51.87431 -23.44315)
PR;4126256;206;86;2014;POINT(-51.8716125 -23.4338201)
PR;4126256;206;87;2014;POINT(-51.8749598 -23.4202479)
PR;4126256;206;90;2014;POINT(-51.8806949 -23.4241656)
PR;4126272;151;201;2014;
PR;4126306;54;14;2014;POINT(-49.472138 -24.1152749)
PR;4126306;54;2;2014;POINT(-49.472138 -24.1152749)
PR;4126306;54;31;2014;
PR;4126306;54;35;2014;POINT(-49.4681968 -24.104615)
PR;4126306;54;42;2014;POINT(-49.4681968 -24.104615)
PR;4126355;114;135;2014;POINT(-54.041412 -25.410193)
PR;4126355;114;67;2014;POINT(-54.0538221 -25.3814737)
PR;4126355;114;68;2014;POINT(-54.0538221 -25.3814737)
PR;4126504;40;1;2014;POINT(-51.0428733 -23.0574254)
PR;4126504;40;10;2014;POINT(-51.0428733 -23.0574254)
PR;4126504;40;6;2014;POINT(-51.0428733 -23.0574254)
PR;4126603;21;36;2014;POINT(-49.83337 -23.69141)
PR;4126603;21;44;2014;POINT(-49.83337 -23.69141)
PR;4126603;21;46;2014;POINT(-49.83337 -23.69141)
PR;4126603;21;56;2014;POINT(-49.8292597 -23.690215)
PR;4126652;151;174;2014;
PR;4126678;146;108;2014;POINT(-51.0985097 -23.7242485)
PR;4126678;146;117;2014;
PR;4126678;146;172;2014;POINT(-51.0985097 -23.7242485)
PR;4126702;138;73;2014;
PR;4126801;86;150;2014;POINT(-52.8594796 -23.7289184)
PR;4126801;86;151;2014;POINT(-52.8594796 -23.7289184)
PR;4126801;86;163;2014;POINT(-52.8671715 -23.7363774)
PR;4126801;86;169;2014;POINT(-52.8671715 -23.7363774)
PR;4126801;86;172;2014;POINT(-52.8699132 -23.7361966)
PR;4126801;86;175;2014;POINT(-52.8699132 -23.7361966)
PR;4126801;86;176;2014;POINT(-52.8699132 -23.7361966)
PR;4126900;127;62;2014;POINT(-53.06561 -23.3231)
PR;4127007;53;21;2014;
PR;4127106;111;109;2014;POINT(-50.6381437 -24.3222299)
PR;4127106;111;112;2014;POINT(-50.6381437 -24.3222299)
PR;4127106;111;114;2014;POINT(-50.6381437 -24.3222299)
PR;4127106;111;131;2014;
PR;4127106;111;133;2014;POINT(-50.6325975 -24.331744)
PR;4127106;111;159;2014;
PR;4127106;111;163;2014;POINT(-50.6218323 -24.3312805)
PR;4127106;111;178;2014;POINT(-50.613901 -24.330464)
PR;4127106;111;200;2014;POINT(-50.620094 -24.32782)
PR;4127106;111;211;2014;
PR;4127106;111;228;2014;POINT(-50.6385803 -24.330699)
PR;4127106;111;235;2014;
PR;4127106;111;242;2014;POINT(-50.6385803 -24.330699)
PR;4127106;111;253;2014;POINT(-50.6385803 -24.330699)
PR;4127106;111;84;2014;POINT(-50.61733 -24.3293)
PR;4127205;173;13;2014;POINT(-52.4451455 -23.769839)
PR;4127205;173;38;2014;POINT(-52.4436676 -23.7634349)
PR;4127304;105;14;2014;POINT(-52.6246823 -22.7314467)
PR;4127304;105;17;2014;POINT(-52.6246823 -22.7314467)
PR;4127304;105;2;2014;POINT(-52.6229552 -22.7235407)
PR;4127304;105;22;2014;POINT(-52.6246823 -22.7314467)
PR;4127304;105;26;2014;
PR;4127304;105;31;2014;POINT(-52.6164692 -22.7215048)
PR;4127304;105;32;2014;POINT(-52.6164692 -22.7215048)
PR;4127304;105;5;2014;POINT(-52.6229552 -22.7235407)
PR;4127304;105;50;2014;POINT(-52.6164692 -22.7215048)
PR;4127304;105;51;2014;POINT(-52.6158175 -22.7235401)
PR;4127304;105;52;2014;POINT(-52.6158175 -22.7235401)
PR;4127304;105;8;2014;POINT(-52.6164692 -22.7215048)
PR;4127403;125;13;2014;POINT(-54.09413258 -24.16725323)
PR;4127403;125;14;2014;POINT(-54.0999948 -24.1675517)
PR;4127403;125;33;2014;POINT(-54.0999948 -24.1675517)
PR;4127403;125;41;2014;POINT(-54.09413258 -24.16725323)
PR;4127403;125;73;2014;POINT(-54.0999948 -24.1675517)
PR;4127403;125;84;2014;POINT(-54.09612707 -24.17141317)
PR;4127502;17;2;2014;
PR;4127502;17;25;2014;POINT(-50.4120117 -24.5116872)
PR;4127502;17;31;2014;POINT(-50.4157484 -24.5118122)
PR;4127502;17;34;2014;POINT(-50.4157484 -24.5118122)
PR;4127502;17;43;2014;POINT(-50.4120117 -24.5116872)
PR;4127502;17;46;2014;
PR;4127601;199;102;2014;POINT(-49.05978 -25.99261)
PR;4127601;199;129;2014;
PR;4127601;199;93;2014;POINT(-49.178965 -25.926879)
PR;4127700;148;100;2014;POINT(-53.7331039 -24.759962)
PR;4127700;148;118;2014;POINT(-53.748211 -24.764182)
PR;4127700;148;120;2014;POINT(-53.766596 -24.717198)
PR;4127700;148;121;2014;POINT(-53.7676104 -24.7112369)
PR;4127700;148;127;2014;POINT(-53.748211 -24.764182)
PR;4127700;148;128;2014;POINT(-53.7676104 -24.7112369)
PR;4127700;148;19;2014;
PR;4127700;148;51;2014;POINT(-53.7349478 -24.7163649)
PR;4127700;148;52;2014;
PR;4127700;148;92;2014;POINT(-53.7676104 -24.7112369)
PR;4127700;201;10;2014;POINT(-53.723943 -24.743477)
PR;4127700;201;109;2014;POINT(-53.704529 -24.7394326)
PR;4127700;201;110;2014;POINT(-53.7186713 -24.7495577)
PR;4127700;201;116;2014;POINT(-53.7186713 -24.7495577)
PR;4127700;201;122;2014;POINT(-53.70697 -24.736321)
PR;4127700;201;28;2014;POINT(-53.9053315 -24.5628173)
PR;4127700;201;29;2014;POINT(-53.72540006 -24.73482096)
PR;4127700;201;4;2014;POINT(-53.723943 -24.743477)
PR;4127700;201;5;2014;POINT(-53.723943 -24.743477)
PR;4127700;201;50;2014;POINT(-53.70697 -24.736321)
PR;4127700;201;56;2014;POINT(-53.7262776 -24.7448953)
PR;4127700;201;60;2014;POINT(-53.7262776 -24.7448953)
PR;4127700;201;71;2014;POINT(-53.717391 -24.742358)
PR;4127700;201;81;2014;POINT(-53.7186713 -24.7495577)
PR;4127700;201;84;2014;POINT(-53.742903 -24.751545)
PR;4127700;201;87;2014;POINT(-53.7262776 -24.7448953)
PR;4127700;201;99;2014;POINT(-53.7262776 -24.7448953)
PR;4127700;75;164;2014;POINT(-53.7573621 -24.7410655)
PR;4127700;75;17;2014;POINT(-53.7370276 -24.7322696)
PR;4127700;75;191;2014;POINT(-53.723061 -24.7134461)
PR;4127700;75;29;2014;POINT(-53.7412373 -24.736052)
PR;4127700;75;30;2014;POINT(-53.7412373 -24.736052)
PR;4127700;75;4;2014;POINT(-53.7449562 -24.7296643)
PR;4127700;75;62;2014;POINT(-53.723061 -24.7134461)
PR;4127700;75;76;2014;POINT(-53.7527931 -24.7244836)
PR;4127700;75;8;2014;POINT(-53.7449562 -24.7296643)
PR;4127809;19;26;2014;POINT(-49.951336 -23.777329)
PR;4127809;19;32;2014;POINT(-49.95825 -23.77893)
PR;4127809;19;35;2014;POINT(-49.95825 -23.77893)
PR;4127858;166;46;2014;
PR;4127858;166;56;2014;POINT(-53.1813167 -25.4215127)
PR;4127858;166;74;2014;
PR;4127908;86;192;2014;POINT(-52.8800028 -23.8719894)
PR;4127957;113;85;2014;POINT(-53.5092299 -24.5866179)
PR;4127957;113;87;2014;
PR;4127957;113;91;2014;POINT(-53.51796 -24.58611)
PR;4127957;113;93;2014;POINT(-53.51796 -24.58611)
PR;4127957;113;96;2014;POINT(-53.51796 -24.58611)
PR;4127965;44;140;2014;POINT(-51.6433589 -25.0274947)
PR;4127965;44;147;2014;
PR;4127965;44;206;2014;POINT(-51.5387736 -25.038649)
PR;4127965;44;234;2014;POINT(-51.5387736 -25.038649)
PR;4128005;98;106;2014;POINT(-53.077201 -24.452982)
PR;4128005;98;109;2014;
PR;4128005;98;110;2014;
PR;4128005;98;111;2014;
PR;4128005;98;133;2014;POINT(-53.077201 -24.452982)
PR;4128005;98;69;2014;POINT(-52.9881873 -24.5452149)
PR;4128005;98;75;2014;POINT(-52.9881873 -24.5452149)
PR;4128005;98;89;2014;
PR;4128005;98;90;2014;
PR;4128104;202;10;2014;POINT(-53.3009 -23.75754)
PR;4128104;202;112;2014;POINT(-53.3099866 -23.7289648)
PR;4128104;202;17;2014;POINT(-53.3022579 -23.7649963)
PR;4128104;202;24;2014;POINT(-53.30018 -23.76726)
PR;4128104;202;27;2014;POINT(-53.30018 -23.76726)
PR;4128104;202;3;2014;POINT(-53.30185 -23.75196)
PR;4128104;202;44;2014;
PR;4128104;202;47;2014;
PR;4128104;202;59;2014;POINT(-53.301389 -23.756703)
PR;4128104;202;68;2014;POINT(-53.465746 -23.529341)
PR;4128104;202;70;2014;POINT(-53.465746 -23.529341)
PR;4128104;202;83;2014;POINT(-53.3099866 -23.7289648)
PR;4128104;202;89;2014;
PR;4128104;202;9;2014;POINT(-53.3009 -23.75754)
PR;4128104;202;93;2014;
PR;4128104;89;101;2014;
PR;4128104;89;195;2014;
PR;4128104;89;196;2014;POINT(-53.3136544 -23.759333)
PR;4128104;89;214;2014;POINT(-53.32489 -23.77776)
PR;4128104;89;215;2014;
PR;4128104;89;230;2014;
PR;4128104;89;77;2014;
PR;4128104;89;80;2014;
PR;4128104;89;81;2014;
PR;4128104;89;89;2014;POINT(-53.3166652 -23.7496627)
PR;4128203;33;120;2014;POINT(-51.05448 -26.233322)
PR;4128203;33;143;2014;POINT(-51.09961 -26.25822833)
PR;4128203;33;148;2014;POINT(-51.09961 -26.25822833)
PR;4128203;33;151;2014;POINT(-51.093814 -26.231751)
PR;4128203;33;155;2014;POINT(-51.09961 -26.25822833)
PR;4128203;33;50;2014;POINT(-51.08906167 -26.20676833)
PR;4128203;33;52;2014;POINT(-51.08143167 -26.19925333)
PR;4128203;33;74;2014;POINT(-51.06914167 -26.23211167)
PR;4128203;33;75;2014;POINT(-51.06914167 -26.23211167)
PR;4128203;33;76;2014;POINT(-51.06914167 -26.23211167)
PR;4128203;33;77;2014;POINT(-51.06914167 -26.23211167)
PR;4128203;33;81;2014;POINT(-51.06914167 -26.23211167)
PR;4128203;33;89;2014;POINT(-51.03719333 -26.22803167)
PR;4128302;71;86;2014;POINT(-52.155649 -23.0828181)
PR;4128401;84;37;2014;POINT(-50.7937049 -23.1953988)
PR;4128401;84;50;2014;POINT(-50.7944136 -23.2026241)
PR;4128401;84;61;2014;
PR;4128500;20;103;2014;POINT(-49.8031601 -23.8781154)
PR;4128500;20;104;2014;POINT(-49.8031601 -23.8781154)
PR;4128500;20;41;2014;
PR;4128500;20;44;2014;
PR;4128500;20;52;2014;POINT(-49.8031601 -23.8781154)
PR;4128500;20;70;2014;POINT(-49.8572406 -23.8560503)
PR;4128500;20;86;2014;
PR;4128500;20;89;2014;POINT(-49.81001 -23.8799)
PR;4128534;17;37;2014;POINT(-50.2442 -24.24814)
PR;4128534;17;55;2014;POINT(-50.3023518 -24.1676221)
PR;4128534;17;68;2014;
PR;4128559;118;104;2014;POINT(-53.8764963 -25.0593289)
PR;4128559;118;80;2014;POINT(-53.8764963 -25.0593289)
PR;4128559;118;81;2014;POINT(-53.8764963 -25.0593289)
PR;4128559;118;89;2014;POINT(-53.8764963 -25.0593289)
PR;4128609;115;183;2014;POINT(-52.90777806 -25.87602139)
PR;4128625;117;29;2014;POINT(-53.73101975 -23.50895304)
PR;4128625;117;31;2014;POINT(-53.73101975 -23.50895304)
PR;4128625;117;35;2014;POINT(-53.73101975 -23.50895304)
PR;4128633;7;14;2014;
PR;4128633;7;36;2014;
PR;4128633;7;40;2014;POINT(-49.42278 -24.56996)
PR;4128633;7;41;2014;
PR;4128633;7;85;2014;
PR;4128658;203;127;2014;POINT(-52.2048981 -25.3790076)
PR;4128708;73;223;2014;POINT(-52.783699 -26.268122)
PR;4128708;73;224;2014;POINT(-52.783699 -26.268122)
PR;4128708;73;228;2014;POINT(-52.783699 -26.268122)
PR;4128708;73;232;2014;POINT(-52.77627 -26.26272)
PR;4128807;117;11;2014;POINT(-53.48826089 -23.73408354)
PR;4128807;117;13;2014;POINT(-53.598102 -23.720043)
PR;4128807;117;25;2014;POINT(-53.48826089 -23.73408354)
PR;4128807;117;9;2014;POINT(-53.48826089 -23.73408354)
PR;4100103;82;12;2012;
PR;4100103;82;14;2012;POINT(-50.3137657 -23.3033626)
PR;4100103;82;15;2012;POINT(-50.3137657 -23.3033626)
PR;4100202;48;11;2012;POINT(-48.80923 -24.67845)
PR;4100202;48;14;2012;POINT(-48.80923 -24.67845)
PR;4100202;48;17;2012;
PR;4100202;48;43;2012;
PR;4100202;48;5;2012;
PR;4100301;144;2;2012;POINT(-49.33295097 -25.98858206)
PR;4100400;171;117;2012;
PR;4100400;171;127;2012;
PR;4100400;171;158;2012;
PR;4100400;171;162;2012;
PR;4100400;171;169;2012;
PR;4100400;171;17;2012;POINT(-49.30879 -25.31601)
PR;4100400;171;183;2012;
PR;4100400;171;202;2012;POINT(-49.27352 -25.32614)
PR;4100400;171;213;2012;
PR;4100400;171;217;2012;
PR;4100400;171;29;2012;
PR;4100400;171;39;2012;
PR;4100400;171;47;2012;
PR;4100400;171;8;2012;
PR;4100459;169;83;2012;POINT(-52.715952 -24.798984)
PR;4100509;123;12;2012;
PR;4100509;123;24;2012;POINT(-53.893732 -23.871891)
PR;4100509;123;26;2012;POINT(-53.893732 -23.871891)
PR;4100509;123;53;2012;
PR;4100509;123;56;2012;
PR;4100509;123;8;2012;
PR;4100608;87;22;2012;
PR;4100608;87;45;2012;POINT(-52.3230737 -23.1304308)
PR;4100608;87;9;2012;POINT(-52.3172433 -23.1326688)
PR;4100707;128;39;2012;
PR;4100707;128;6;2012;
PR;4100707;128;7;2012;
PR;4100806;77;8;2012;POINT(-51.22767 -22.7804)
PR;4100905;138;4;2012;POINT(-52.7871935 -23.0924088)
PR;4100905;138;77;2012;POINT(-52.7846865 -23.0975348)
PR;4100905;138;9;2012;POINT(-52.7846865 -23.0975348)
PR;4101002;130;12;2012;POINT(-53.47255 -25.91554)
PR;4101002;130;137;2012;POINT(-53.47255 -25.91554)
PR;4101002;130;144;2012;
PR;4101002;130;152;2012;POINT(-53.47282 -25.9208154)
PR;4101101;57;1;2012;POINT(-50.2257885 -23.0508747)
PR;4101101;57;79;2012;POINT(-50.2242006 -23.040196)
PR;4101101;57;81;2012;POINT(-50.2242006 -23.040196)
PR;4101200;6;11;2012;
PR;4101200;6;20;2012;POINT(-48.71645 -25.43045)
PR;4101200;6;26;2012;POINT(-48.70768 -25.43813)
PR;4101200;6;27;2012;POINT(-48.70768 -25.43813)
PR;4101200;6;50;2012;
PR;4101200;6;63;2012;
PR;4101200;6;68;2012;POINT(-48.71645 -25.43045)
PR;4101309;12;101;2012;
PR;4101309;12;120;2012;
PR;4101408;150;11;2012;
PR;4101408;150;12;2012;
PR;4101408;150;22;2012;
PR;4101408;150;23;2012;
PR;4101408;179;100;2012;POINT(-51.4384919 -23.551369)
PR;4101408;179;110;2012;POINT(-51.4384919 -23.551369)
PR;4101408;179;113;2012;
PR;4101408;179;115;2012;
PR;4101408;179;122;2012;
PR;4101408;179;130;2012;
PR;4101408;179;134;2012;POINT(-51.435447 -23.529855)
PR;4101408;179;145;2012;
PR;4101408;179;152;2012;POINT(-51.435447 -23.529855)
PR;4101408;179;32;2012;POINT(-51.45021 -23.554811)
PR;4101408;179;33;2012;POINT(-51.45021 -23.554811)
PR;4101408;179;48;2012;POINT(-51.44889 -23.5525)
PR;4101408;179;63;2012;POINT(-51.45335 -23.53779)
PR;4101408;179;7;2012;
PR;4101408;179;76;2012;
PR;4101408;179;84;2012;
PR;4101408;28;101;2012;POINT(-51.46074 -23.55837)
PR;4101408;28;102;2012;POINT(-51.46074 -23.55837)
PR;4101408;28;109;2012;POINT(-51.46074 -23.55837)
PR;4101408;28;114;2012;POINT(-51.46074 -23.55837)
PR;4101408;28;115;2012;POINT(-51.46074 -23.55837)
PR;4101408;28;13;2012;
PR;4101408;28;42;2012;POINT(-51.4679999 -23.5539422)
PR;4101408;28;6;2012;
PR;4101507;180;103;2012;POINT(-51.4502694 -23.3920905)
PR;4101507;180;108;2012;
PR;4101507;180;110;2012;POINT(-51.426567 -23.426694)
PR;4101507;180;116;2012;POINT(-51.426567 -23.426694)
PR;4101507;180;34;2012;POINT(-51.4449132 -23.4099334)
PR;4101507;180;50;2012;POINT(-51.4319022 -23.4195908)
PR;4101507;180;54;2012;
PR;4101507;180;7;2012;POINT(-51.42969984 -23.4202779)
PR;4101507;180;76;2012;POINT(-51.426567 -23.426694)
PR;4101507;180;88;2012;POINT(-51.4449132 -23.4099334)
PR;4101507;180;91;2012;POINT(-51.426567 -23.426694)
PR;4101507;180;92;2012;POINT(-51.4508411 -23.4059844)
PR;4101507;180;96;2012;POINT(-51.426567 -23.426694)
PR;4101507;61;112;2012;POINT(-51.42411799 -23.40458413)
PR;4101507;61;130;2012;POINT(-51.4334774 -23.4102942)
PR;4101507;61;133;2012;POINT(-51.4334774 -23.4102942)
PR;4101507;61;137;2012;POINT(-51.4295637 -23.3988738)
PR;4101507;61;139;2012;POINT(-51.4295637 -23.3988738)
PR;4101507;61;147;2012;POINT(-51.4365801 -23.4049604)
PR;4101507;61;153;2012;POINT(-51.427014 -23.412366)
PR;4101507;61;154;2012;POINT(-51.445694 -23.4022995)
PR;4101507;61;160;2012;POINT(-51.4295637 -23.3988738)
PR;4101507;61;171;2012;POINT(-51.4295637 -23.3988738)
PR;4101507;61;173;2012;POINT(-51.42411799 -23.40458413)
PR;4101507;61;174;2012;POINT(-51.419226 -23.396344)
PR;4101507;61;182;2012;POINT(-51.4192279 -23.3940309)
PR;4101507;61;52;2012;POINT(-51.4365801 -23.4049604)
PR;4101507;61;60;2012;POINT(-51.4403566 -23.4031157)
PR;4101507;61;66;2012;POINT(-51.4469108 -23.3906324)
PR;4101507;61;70;2012;POINT(-51.430453 -23.3969164)
PR;4101507;61;74;2012;POINT(-51.445694 -23.4022995)
PR;4101507;61;76;2012;POINT(-51.419226 -23.396344)
PR;4101606;164;1;2012;POINT(-49.82630658 -24.14696696)
PR;4101606;164;18;2012;POINT(-49.82549009 -24.14731952)
PR;4101606;164;31;2012;
PR;4101606;164;35;2012;POINT(-49.81804313 -24.13792885)
PR;4101606;164;37;2012;POINT(-49.81804313 -24.13792885)
PR;4101606;164;43;2012;POINT(-49.82630658 -24.14696696)
PR;4101606;164;46;2012;POINT(-49.818468 -24.143593)
PR;4101606;164;50;2012;POINT(-49.82549009 -24.14731952)
PR;4101655;93;112;2012;
PR;4101705;74;13;2012;POINT(-52.4914815 -23.9286497)
PR;4101705;74;99;2012;POINT(-52.4914815 -23.9286497)
PR;4101804;50;10;2012;POINT(-49.402885 -25.595519)
PR;4101804;50;104;2012;POINT(-49.3847811 -25.5544961)
PR;4101804;50;116;2012;
PR;4101804;50;118;2012;POINT(-49.36526 -25.54927)
PR;4101804;50;129;2012;POINT(-49.3811631 -25.5414685)
PR;4101804;50;137;2012;
PR;4101804;50;141;2012;POINT(-49.354949 -25.5480866)
PR;4101804;50;143;2012;POINT(-49.3867079 -25.6102258)
PR;4101804;50;161;2012;POINT(-49.3717374 -25.6034202)
PR;4101804;50;177;2012;POINT(-49.354949 -25.5480866)
PR;4101804;50;178;2012;POINT(-49.3717374 -25.6034202)
PR;4101804;50;199;2012;POINT(-49.3847811 -25.5544961)
PR;4101804;50;207;2012;POINT(-49.3656197 -25.6188427)
PR;4101804;50;208;2012;POINT(-49.3717056 -25.5993805)
PR;4101804;50;212;2012;POINT(-49.401025 -25.555127)
PR;4101804;50;226;2012;POINT(-49.3768621 -25.5961129)
PR;4101804;50;236;2012;POINT(-49.3929605 -25.5476473)
PR;4101804;50;243;2012;POINT(-49.421094 -25.5744)
PR;4101804;50;246;2012;POINT(-49.406626 -25.576786)
PR;4101804;50;26;2012;POINT(-49.390116 -25.595828)
PR;4101804;50;260;2012;POINT(-49.3717056 -25.5993805)
PR;4101804;50;261;2012;POINT(-49.3749143 -25.6213197)
PR;4101804;50;271;2012;POINT(-49.390116 -25.595828)
PR;4101804;50;3;2012;
PR;4101804;50;35;2012;
PR;4101804;50;37;2012;POINT(-49.406626 -25.576786)
PR;4101804;50;38;2012;POINT(-49.406626 -25.576786)
PR;4101804;50;39;2012;POINT(-49.406626 -25.576786)
PR;4101804;50;60;2012;POINT(-49.354949 -25.5480866)
PR;4101804;50;62;2012;POINT(-49.354949 -25.5480866)
PR;4101804;50;73;2012;
PR;4101804;50;80;2012;
PR;4101903;35;31;2012;POINT(-50.8430904 -23.3711843)
PR;4101903;35;43;2012;
PR;4102000;113;10;2012;
PR;4102000;113;119;2012;POINT(-53.5164096 -24.3959574)
PR;4102000;113;120;2012;POINT(-53.5120383 -24.4029249)
PR;4102000;113;20;2012;
PR;4102000;113;22;2012;
PR;4102000;113;29;2012;POINT(-53.51102 -24.40391)
PR;4102000;113;30;2012;POINT(-53.51102 -24.40391)
PR;4102000;113;31;2012;POINT(-53.5221977 -24.4080078)
PR;4102000;113;37;2012;POINT(-53.5221977 -24.4080078)
PR;4102000;113;44;2012;POINT(-53.5146785 -24.3861964)
PR;4102000;113;59;2012;
PR;4102000;113;78;2012;
PR;4102109;67;12;2012;POINT(-51.6654634 -23.2370395)
PR;4102109;67;129;2012;
PR;4102109;67;21;2012;
PR;4102109;67;25;2012;POINT(-51.6599544 -23.2387115)
PR;4102109;67;7;2012;POINT(-51.6692179 -23.2390535)
PR;4102109;67;95;2012;POINT(-51.6742729 -23.2379145)
PR;4102208;71;6;2012;POINT(-52.0851258 -23.1157079)
PR;4102307;182;10;2012;
PR;4102307;182;114;2012;POINT(-49.6216682 -25.4970186)
PR;4102307;182;20;2012;POINT(-49.5838 -25.45841)
PR;4102307;182;21;2012;POINT(-49.5838 -25.45841)
PR;4102406;58;100;2012;
PR;4102406;58;102;2012;POINT(-50.3726509 -23.1227553)
PR;4102406;58;39;2012;
PR;4102406;58;4;2012;POINT(-50.3700816 -23.1059023)
PR;4102406;58;88;2012;
PR;4102406;58;94;2012;POINT(-50.3726509 -23.1227553)
PR;4102406;58;95;2012;POINT(-50.3824181 -23.1180817)
PR;4102406;58;99;2012;POINT(-50.3824181 -23.1180817)
PR;4102505;133;1;2012;POINT(-52.011932 -24.02401)
PR;4102505;133;11;2012;POINT(-52.0056503 -24.0291864)
PR;4102505;133;16;2012;POINT(-52.01283 -24.03147)
PR;4102505;133;2;2012;POINT(-52.011932 -24.02401)
PR;4102505;133;44;2012;POINT(-51.9996015 -24.0321803)
PR;4102505;133;6;2012;POINT(-52.011932 -24.02401)
PR;4102604;131;119;2012;
PR;4102604;131;74;2012;
PR;4102752;107;143;2012;
PR;4102752;107;145;2012;
PR;4102752;107;146;2012;
PR;4102752;107;70;2012;POINT(-53.66581 -25.88195)
PR;4102752;107;72;2012;POINT(-53.66581 -25.88195)
PR;4102802;77;22;2012;POINT(-51.1901531 -22.9992144)
PR;4102802;77;26;2012;POINT(-51.1901531 -22.9992144)
PR;4102802;77;48;2012;POINT(-51.2100076 -22.9704174)
PR;4102901;153;11;2012;
PR;4102901;153;12;2012;
PR;4102901;153;153;2012;
PR;4102901;153;154;2012;POINT(-51.55303 -26.1651162)
PR;4102901;153;22;2012;
PR;4102901;153;3;2012;POINT(-51.55303 -26.1651162)
PR;4103008;170;13;2012;POINT(-52.78738 -24.24521)
PR;4103008;170;19;2012;
PR;4103008;170;2;2012;POINT(-52.78738 -24.24521)
PR;4103008;170;3;2012;POINT(-52.78738 -24.24521)
PR;4103057;165;47;2012;
PR;4103057;165;51;2012;POINT(-53.406518 -25.440779)
PR;4103057;165;59;2012;
PR;4103057;165;62;2012;POINT(-53.41016 -25.3793)
PR;4103057;165;70;2012;
PR;4103057;165;71;2012;
PR;4103107;48;34;2012;
PR;4103107;48;37;2012;
PR;4103156;131;35;2012;
PR;4103206;70;1;2012;POINT(-51.76796 -23.71312)
PR;4103206;70;107;2012;
PR;4103206;70;11;2012;
PR;4103206;70;4;2012;POINT(-51.76796 -23.71312)
PR;4103206;70;5;2012;POINT(-51.76796 -23.71312)
PR;4103222;73;171;2012;POINT(-52.8343 -26.07336)
PR;4103305;110;1;2012;POINT(-51.59021 -23.93837)
PR;4103305;110;28;2012;
PR;4103305;110;6;2012;POINT(-51.59269 -23.93788)
PR;4103354;126;49;2012;POINT(-53.1161309 -24.8175068)
PR;4103354;126;51;2012;POINT(-53.1161309 -24.8175068)
PR;4103354;126;52;2012;POINT(-53.1161309 -24.8175068)
PR;4103354;126;54;2012;POINT(-53.1161309 -24.8175068)
PR;4103354;126;55;2012;POINT(-53.1161309 -24.8175068)
PR;4103354;126;66;2012;
PR;4103370;128;25;2012;POINT(-53.5261969 -24.2007967)
PR;4103370;128;27;2012;POINT(-53.5261969 -24.2007967)
PR;4103404;159;1;2012;POINT(-51.7136564 -22.7894567)
PR;4103404;159;45;2012;POINT(-51.7136564 -22.7894567)
PR;4103404;159;5;2012;POINT(-51.7136564 -22.7894567)
PR;4103453;126;100;2012;POINT(-53.3245 -24.61799)
PR;4103453;126;70;2012;POINT(-53.3245 -24.61799)
PR;4103453;126;71;2012;POINT(-53.3245 -24.61799)
PR;4103453;126;98;2012;POINT(-53.326 -24.61918)
PR;4103479;97;37;2012;
PR;4103479;97;38;2012;
PR;4103503;76;51;2012;POINT(-51.35505 -23.66818)
PR;4103503;76;63;2012;POINT(-51.3575781 -23.6661029)
PR;4103602;25;12;2012;POINT(-50.0755524 -23.04307)
PR;4103602;25;32;2012;POINT(-50.07753309 -23.03695201)
PR;4103602;25;41;2012;POINT(-50.0751258 -23.0430428)
PR;4103602;25;42;2012;POINT(-50.0751258 -23.0430428)
PR;4103602;25;5;2012;POINT(-50.0755524 -23.04307)
PR;4103602;25;55;2012;POINT(-50.0718836 -23.0326984)
PR;4103602;25;6;2012;POINT(-50.0755524 -23.04307)
PR;4103701;181;103;2012;POINT(-51.25753 -23.26882)
PR;4103701;181;105;2012;
PR;4103701;181;109;2012;POINT(-51.2232789 -23.3119286)
PR;4103701;181;110;2012;
PR;4103701;181;24;2012;POINT(-51.21881 -23.31163)
PR;4103701;181;41;2012;POINT(-51.24368 -23.29029)
PR;4103701;181;52;2012;POINT(-51.25407 -23.27339)
PR;4103701;181;77;2012;POINT(-51.2232789 -23.3119286)
PR;4103701;181;80;2012;POINT(-51.23685 -23.28995)
PR;4103701;181;99;2012;POINT(-51.23685 -23.28995)
PR;4103701;78;1;2012;POINT(-51.27831949 -23.27740568)
PR;4103701;78;108;2012;POINT(-51.27831949 -23.27740568)
PR;4103701;78;110;2012;POINT(-51.27831949 -23.27740568)
PR;4103701;78;113;2012;POINT(-51.27831949 -23.27740568)
PR;4103701;78;131;2012;POINT(-51.26763 -23.28274)
PR;4103701;78;138;2012;POINT(-51.2616322 -23.27814751)
PR;4103701;78;140;2012;POINT(-51.26763 -23.28274)
PR;4103701;78;20;2012;POINT(-51.2845818 -23.2749217)
PR;4103701;78;31;2012;
PR;4103701;78;35;2012;
PR;4103701;78;41;2012;POINT(-51.26763 -23.28274)
PR;4103701;78;42;2012;POINT(-51.26763 -23.28274)
PR;4103701;78;45;2012;POINT(-51.26763 -23.28274)
PR;4103701;78;5;2012;POINT(-51.27831949 -23.27740568)
PR;4103701;78;50;2012;POINT(-51.2796454 -23.2896948)
PR;4103701;78;61;2012;POINT(-51.2616322 -23.27814751)
PR;4103800;150;31;2012;POINT(-51.57697 -23.59832)
PR;4103800;150;33;2012;POINT(-51.5804 -23.60205)
PR;4103800;150;39;2012;POINT(-51.57697 -23.59832)
PR;4103800;150;57;2012;POINT(-51.5804 -23.60205)
PR;4103909;169;27;2012;POINT(-52.8063221 -24.5915864)
PR;4103909;169;29;2012;POINT(-52.8063221 -24.5915864)
PR;4103909;169;33;2012;POINT(-52.8063221 -24.5915864)
PR;4103909;169;95;2012;
PR;4103909;169;97;2012;POINT(-52.8063221 -24.5915864)
PR;4103958;44;172;2012;
PR;4103958;44;332;2012;
PR;4104006;195;121;2012;POINT(-49.05418 -25.30411)
PR;4104006;195;125;2012;POINT(-49.0995363 -25.362218)
PR;4104006;195;129;2012;POINT(-49.1091248 -25.35668)
PR;4104006;195;31;2012;
PR;4104006;195;7;2012;POINT(-49.0530493 -25.3061008)
PR;4104006;195;78;2012;POINT(-49.0822537 -25.3510362)
PR;4104006;195;89;2012;POINT(-49.1091248 -25.35668)
PR;4104006;195;9;2012;POINT(-49.0530493 -25.3061008)
PR;4104006;195;96;2012;POINT(-49.1091248 -25.35668)
PR;4104105;11;3;2012;
PR;4104204;182;108;2012;
PR;4104204;182;117;2012;
PR;4104204;182;134;2012;POINT(-49.3864619 -25.4569888)
PR;4104204;182;135;2012;POINT(-49.3930679 -25.4626737)
PR;4104204;182;31;2012;
PR;4104204;182;37;2012;
PR;4104204;182;42;2012;POINT(-49.3890007 -25.4550974)
PR;4104204;182;54;2012;POINT(-49.50763 -25.35639)
PR;4104204;182;56;2012;POINT(-49.50763 -25.35639)
PR;4104204;182;67;2012;
PR;4104204;182;82;2012;
PR;4104204;9;163;2012;POINT(-49.5313605 -25.4679132)
PR;4104204;9;179;2012;
PR;4104204;9;189;2012;POINT(-49.5763109 -25.482194)
PR;4104204;9;196;2012;POINT(-49.5763109 -25.482194)
PR;4104204;9;217;2012;POINT(-49.5655134 -25.4545031)
PR;4104204;9;222;2012;
PR;4104204;9;227;2012;
PR;4104204;9;43;2012;POINT(-49.527086 -25.454418)
PR;4104204;9;50;2012;POINT(-49.531512 -25.467133)
PR;4104204;9;57;2012;POINT(-49.5253245 -25.4608864)
PR;4104204;9;69;2012;POINT(-49.554422 -25.4538658)
PR;4104204;9;73;2012;POINT(-49.5266526 -25.4630303)
PR;4104204;9;74;2012;POINT(-49.5266526 -25.4630303)
PR;4104204;9;94;2012;POINT(-49.5624751 -25.4690617)
PR;4104253;171;155;2012;POINT(-49.36676145 -25.38000611)
PR;4104253;171;196;2012;POINT(-49.35973432 -25.37677889)
PR;4104253;171;197;2012;POINT(-49.385073 -25.372819)
PR;4104253;171;220;2012;POINT(-49.3599471 -25.37648005)
PR;4104253;171;234;2012;POINT(-49.3599471 -25.37648005)
PR;4104253;171;57;2012;POINT(-49.42604363 -25.3701275)
PR;4104253;171;74;2012;POINT(-49.38940715 -25.3923305)
PR;4104303;183;10;2012;POINT(-52.41931 -24.05539)
PR;4104303;183;122;2012;POINT(-52.3631258 -23.9977209)
PR;4104303;183;123;2012;POINT(-52.3771317 -24.0177851)
PR;4104303;183;125;2012;POINT(-52.3511833 -24.0073446)
PR;4104303;183;140;2012;POINT(-52.403388 -24.049387)
PR;4104303;183;143;2012;POINT(-52.3771317 -24.0177851)
PR;4104303;183;15;2012;POINT(-52.41931 -24.05539)
PR;4104303;183;21;2012;POINT(-52.3702914 -24.0236521)
PR;4104303;183;40;2012;POINT(-52.403388 -24.049387)
PR;4104303;183;46;2012;POINT(-52.41001 -24.05584)
PR;4104303;183;51;2012;POINT(-52.3511833 -24.0073446)
PR;4104303;183;57;2012;
PR;4104303;183;66;2012;
PR;4104303;183;79;2012;POINT(-52.354285 -24.019304)
PR;4104303;183;83;2012;POINT(-52.3771317 -24.0177851)
PR;4104303;183;85;2012;POINT(-52.403388 -24.049387)
PR;4104303;31;16;2012;
PR;4104303;31;164;2012;
PR;4104303;31;17;2012;
PR;4104303;31;182;2012;POINT(-52.3703839 -24.0327293)
PR;4104303;31;19;2012;
PR;4104303;31;194;2012;POINT(-52.380832 -24.040509)
PR;4104303;31;22;2012;
PR;4104303;31;56;2012;
PR;4104303;31;59;2012;
PR;4104303;31;60;2012;POINT(-52.3677416 -24.042491)
PR;4104303;31;68;2012;
PR;4104402;106;19;2012;
PR;4104402;106;32;2012;
PR;4104402;106;40;2012;
PR;4104402;106;51;2012;
PR;4104402;106;63;2012;
PR;4104428;44;161;2012;
PR;4104428;44;184;2012;
PR;4104428;44;236;2012;
PR;4104428;44;310;2012;
PR;4104428;44;317;2012;
PR;4104428;44;320;2012;
PR;4104428;44;328;2012;
PR;4104451;203;154;2012;POINT(-52.12536 -25.37364)
PR;4104451;203;158;2012;POINT(-52.12536 -25.37364)
PR;4104451;203;172;2012;
PR;4104451;203;178;2012;POINT(-52.1199154 -25.3770612)
PR;4104451;203;180;2012;POINT(-52.1199154 -25.3770612)
PR;4104451;203;193;2012;
PR;4104501;107;1;2012;POINT(-53.81149 -25.67163)
PR;4104501;107;30;2012;
PR;4104501;107;37;2012;
PR;4104501;107;54;2012;POINT(-53.764843 -25.6477755)
PR;4104501;107;55;2012;
PR;4104501;107;8;2012;
PR;4104600;165;10;2012;
PR;4104600;165;16;2012;
PR;4104600;165;2;2012;POINT(-53.61079 -25.48065)
PR;4104600;165;3;2012;POINT(-53.61079 -25.48065)
PR;4104600;165;35;2012;
PR;4104600;165;40;2012;
PR;4104600;165;74;2012;
PR;4104600;165;8;2012;
PR;4104659;16;123;2012;POINT(-50.12799 -24.9449)
PR;4104659;16;132;2012;POINT(-50.1115643 -24.952676)
PR;4104659;16;171;2012;POINT(-50.12799 -24.9449)
PR;4104659;16;172;2012;POINT(-50.1115643 -24.952676)
PR;4104659;16;5;2012;POINT(-50.12799 -24.9449)
PR;4104709;56;2;2012;POINT(-49.7221086 -23.4264435)
PR;4104709;56;20;2012;POINT(-49.7153363 -23.420887)
PR;4104709;56;28;2012;POINT(-49.7153363 -23.420887)
PR;4104808;143;119;2012;
PR;4104808;143;156;2012;
PR;4104808;143;157;2012;
PR;4104808;143;182;2012;POINT(-53.4731329 -24.9574103)
PR;4104808;143;183;2012;POINT(-53.4731329 -24.9574103)
PR;4104808;143;288;2012;
PR;4104808;143;289;2012;
PR;4104808;143;305;2012;
PR;4104808;143;310;2012;POINT(-53.4636832 -24.9601027)
PR;4104808;143;315;2012;
PR;4104808;143;51;2012;
PR;4104808;143;95;2012;
PR;4104808;184;1;2012;POINT(-53.4036813 -24.936828)
PR;4104808;184;101;2012;
PR;4104808;184;106;2012;POINT(-53.4502454 -24.9703243)
PR;4104808;184;111;2012;POINT(-53.4137242 -24.9697976)
PR;4104808;184;116;2012;POINT(-53.4212693 -24.9701623)
PR;4104808;184;117;2012;POINT(-53.4366162 -24.9536458)
PR;4104808;184;121;2012;POINT(-53.40823 -24.9532029)
PR;4104808;184;139;2012;POINT(-53.4557318 -24.9891952)
PR;4104808;184;142;2012;POINT(-53.43934 -24.92884)
PR;4104808;184;146;2012;
PR;4104808;184;149;2012;POINT(-53.43934 -24.92884)
PR;4104808;184;15;2012;POINT(-53.5134551 -24.9850176)
PR;4104808;184;151;2012;POINT(-53.4557318 -24.9891952)
PR;4104808;184;156;2012;POINT(-53.4137242 -24.9697976)
PR;4104808;184;3;2012;POINT(-53.4036813 -24.936828)
PR;4104808;184;5;2012;POINT(-53.4036813 -24.936828)
PR;4104808;184;62;2012;POINT(-53.4502454 -24.9703243)
PR;4104808;184;66;2012;
PR;4104808;184;67;2012;
PR;4104808;184;71;2012;POINT(-53.4366162 -24.9536458)
PR;4104808;184;91;2012;POINT(-53.443 -24.99078)
PR;4104808;185;100;2012;
PR;4104808;185;104;2012;
PR;4104808;185;116;2012;POINT(-53.4195322 -24.9118318)
PR;4104808;185;123;2012;POINT(-53.4136073 -24.9456211)
PR;4104808;185;124;2012;POINT(-53.4368276 -24.936727)
PR;4104808;185;129;2012;
PR;4104808;185;17;2012;POINT(-53.4232739 -24.9152811)
PR;4104808;185;26;2012;POINT(-53.4136073 -24.9456211)
PR;4104808;185;30;2012;POINT(-53.4380516 -24.9164811)
PR;4104808;185;34;2012;POINT(-53.4380516 -24.9164811)
PR;4104808;185;35;2012;POINT(-53.4251645 -24.9387608)
PR;4104808;185;37;2012;
PR;4104808;185;41;2012;
PR;4104808;185;42;2012;POINT(-53.4368276 -24.936727)
PR;4104808;185;45;2012;POINT(-53.4368276 -24.936727)
PR;4104808;185;48;2012;POINT(-53.44632 -24.94684)
PR;4104808;185;55;2012;
PR;4104808;185;64;2012;POINT(-53.4339887 -24.9405883)
PR;4104808;185;66;2012;POINT(-53.4339887 -24.9405883)
PR;4104808;185;74;2012;POINT(-53.42493 -24.93028)
PR;4104808;185;77;2012;POINT(-53.42493 -24.93028)
PR;4104808;185;86;2012;POINT(-53.4380516 -24.9164811)
PR;4104808;185;91;2012;POINT(-53.4195322 -24.9118318)
PR;4104808;68;116;2012;POINT(-53.4556167 -24.9541314)
PR;4104808;68;152;2012;
PR;4104808;68;174;2012;
PR;4104808;68;330;2012;POINT(-53.42156 -24.92422)
PR;4104808;68;333;2012;
PR;4104808;68;361;2012;
PR;4104808;68;365;2012;POINT(-53.42156 -24.92422)
PR;4104808;68;367;2012;POINT(-53.4351204 -24.9200835)
PR;4104808;68;378;2012;
PR;4104808;68;388;2012;POINT(-53.4822298 -24.9634848)
PR;4104808;68;396;2012;
PR;4104808;68;46;2012;POINT(-53.4723701 -24.9534259)
PR;4104808;68;55;2012;POINT(-53.4884072 -24.9398411)
PR;4104808;68;65;2012;POINT(-53.4954219 -24.9590101)
PR;4104907;16;103;2012;POINT(-49.9896336 -24.8027216)
PR;4104907;16;11;2012;POINT(-50.0129727 -24.7933827)
PR;4104907;16;112;2012;
PR;4104907;16;115;2012;POINT(-49.9912654 -24.8047038)
PR;4104907;16;121;2012;
PR;4104907;16;13;2012;POINT(-50.0129727 -24.7933827)
PR;4104907;16;133;2012;POINT(-50.0111061 -24.7882258)
PR;4104907;16;134;2012;POINT(-49.9912654 -24.8047038)
PR;4104907;16;14;2012;POINT(-50.0129727 -24.7933827)
PR;4104907;16;160;2012;POINT(-49.9984108 -24.8100701)
PR;4104907;16;199;2012;
PR;4104907;16;2;2012;
PR;4104907;16;200;2012;
PR;4104907;16;27;2012;POINT(-49.9896201 -24.7872537)
PR;4104907;16;30;2012;POINT(-49.9896201 -24.7872537)
PR;4104907;16;39;2012;
PR;4104907;16;48;2012;
PR;4104907;16;78;2012;
PR;4104907;16;79;2012;
PR;4104907;16;89;2012;POINT(-49.64158915 -24.70089543)
PR;4105003;166;22;2012;
PR;4105003;166;92;2012;POINT(-53.11659 -25.09722)
PR;4105102;159;13;2012;POINT(-51.5936115 -22.8200962)
PR;4105102;159;22;2012;POINT(-51.5965533 -22.8214991)
PR;4105102;159;26;2012;POINT(-51.5947237 -22.8240807)
PR;4105102;159;6;2012;POINT(-51.5936115 -22.8200962)
PR;4105201;7;19;2012;
PR;4105201;7;49;2012;POINT(-49.26251 -24.82509)
PR;4105201;7;50;2012;
PR;4105201;7;6;2012;POINT(-49.263905 -24.8255277)
PR;4105201;7;62;2012;
PR;4105201;7;8;2012;POINT(-49.263905 -24.8255277)
PR;4105300;118;113;2012;
PR;4105300;118;125;2012;POINT(-53.8512823 -25.156684)
PR;4105300;118;136;2012;
PR;4105300;118;57;2012;POINT(-53.8491594 -25.1472486)
PR;4105409;103;10;2012;
PR;4105409;103;177;2012;POINT(-52.5274335 -25.8547448)
PR;4105409;103;183;2012;
PR;4105409;103;184;2012;
PR;4105409;103;185;2012;
PR;4105409;103;199;2012;
PR;4105409;103;51;2012;
PR;4105409;103;69;2012;
PR;4105508;88;101;2012;POINT(-52.6114567 -23.6693739)
PR;4105508;88;107;2012;POINT(-52.6296306 -23.6683363)
PR;4105508;88;114;2012;POINT(-52.6296306 -23.6683363)
PR;4105508;88;132;2012;POINT(-52.6114774 -23.6514856)
PR;4105508;88;144;2012;POINT(-52.6174 -23.66309)
PR;4105508;88;16;2012;POINT(-52.6105897 -23.6468529)
PR;4105508;88;2;2012;
PR;4105508;88;21;2012;POINT(-52.5946582 -23.6698116)
PR;4105508;88;3;2012;
PR;4105508;88;55;2012;POINT(-52.5914699 -23.6691439)
PR;4105508;88;62;2012;POINT(-52.6114774 -23.6514856)
PR;4105508;88;69;2012;POINT(-52.6114774 -23.6514856)
PR;4105508;88;77;2012;POINT(-52.609584 -23.8718749)
PR;4105508;88;81;2012;
PR;4105607;127;16;2012;POINT(-52.9428463 -23.3876571)
PR;4105607;127;4;2012;POINT(-52.9456041 -23.3792457)
PR;4105706;47;10;2012;
PR;4105706;47;2;2012;POINT(-52.358003 -26.4082947)
PR;4105706;47;25;2012;POINT(-52.34721 -26.40218)
PR;4105706;47;56;2012;POINT(-52.3552512 -26.4021288)
PR;4105805;186;10;2012;POINT(-49.1933354 -25.3681867)
PR;4105805;186;112;2012;POINT(-49.175947 -25.3473531)
PR;4105805;186;121;2012;
PR;4105805;186;126;2012;POINT(-49.175947 -25.3473531)
PR;4105805;186;127;2012;POINT(-49.179636 -25.3661472)
PR;4105805;186;134;2012;POINT(-49.1480849 -25.3271998)
PR;4105805;186;176;2012;
PR;4105805;186;177;2012;POINT(-49.160797 -25.3752851)
PR;4105805;186;179;2012;POINT(-49.1679843 -25.3399124)
PR;4105805;186;18;2012;POINT(-49.16530218 -25.35334976)
PR;4105805;186;184;2012;POINT(-49.1578571 -25.3853996)
PR;4105805;186;186;2012;POINT(-49.1680455 -25.3823709)
PR;4105805;186;191;2012;POINT(-49.12269 -25.37477)
PR;4105805;186;192;2012;POINT(-49.20153 -25.3738355)
PR;4105805;186;202;2012;POINT(-49.1901168 -25.3834929)
PR;4105805;186;210;2012;POINT(-49.1578571 -25.3853996)
PR;4105805;186;221;2012;POINT(-49.1894512 -25.3684046)
PR;4105805;186;227;2012;POINT(-49.1894512 -25.3684046)
PR;4105805;186;30;2012;POINT(-49.175947 -25.3473531)
PR;4105805;186;42;2012;POINT(-49.1894512 -25.3684046)
PR;4105805;186;49;2012;POINT(-49.1894512 -25.3684046)
PR;4105805;186;51;2012;POINT(-49.1894512 -25.3684046)
PR;4105805;186;58;2012;POINT(-49.1861928 -25.3613441)
PR;4105805;186;72;2012;POINT(-49.12269 -25.37477)
PR;4105805;186;77;2012;POINT(-49.1894195 -25.3835052)
PR;4105805;186;8;2012;POINT(-49.19208 -25.35631)
PR;4105805;186;82;2012;POINT(-49.1901168 -25.3834929)
PR;4105805;49;135;2012;POINT(-49.2317264 -25.2931613)
PR;4105805;49;162;2012;POINT(-49.2223068 -25.3465998)
PR;4105805;49;166;2012;POINT(-49.19707 -25.34336)
PR;4105805;49;174;2012;POINT(-49.1955709 -25.3427858)
PR;4105805;49;178;2012;POINT(-49.19707 -25.34336)
PR;4105805;49;183;2012;POINT(-49.2273985 -25.291643)
PR;4105805;49;191;2012;POINT(-49.2223068 -25.3465998)
PR;4105805;49;193;2012;
PR;4105805;49;195;2012;POINT(-49.2085815 -25.3561567)
PR;4105805;49;208;2012;POINT(-49.2223068 -25.3465998)
PR;4105805;49;217;2012;POINT(-49.23556 -25.32639)
PR;4105805;49;225;2012;POINT(-49.1882819 -25.3482124)
PR;4105805;49;228;2012;POINT(-49.2222662 -25.2906191)
PR;4105805;49;229;2012;POINT(-49.2085546 -25.3459153)
PR;4105805;49;29;2012;POINT(-49.2223951 -25.3459755)
PR;4105805;49;3;2012;POINT(-49.2222662 -25.2906191)
PR;4105805;49;56;2012;POINT(-49.2311177 -25.318711)
PR;4105805;49;81;2012;POINT(-49.2273985 -25.291643)
PR;4105805;49;82;2012;POINT(-49.2273985 -25.291643)
PR;4105805;49;88;2012;
PR;4105805;49;91;2012;
PR;4105904;95;13;2012;POINT(-51.96905 -22.83528)
PR;4105904;95;21;2012;POINT(-51.9691786 -22.8351273)
PR;4105904;95;24;2012;POINT(-51.9691786 -22.8351273)
PR;4105904;95;30;2012;POINT(-51.9691786 -22.8351273)
PR;4105904;95;82;2012;POINT(-51.88861 -22.89875)
PR;4106001;99;2;2012;
PR;4106100;79;6;2012;POINT(-50.171631 -23.6244109)
PR;4106100;79;91;2012;POINT(-50.1732289 -23.6232364)
PR;4106209;10;253;2012;POINT(-49.52764 -25.6785)
PR;4106209;10;26;2012;
PR;4106308;126;107;2012;
PR;4106308;126;13;2012;POINT(-53.2897831 -24.7982016)
PR;4106308;126;22;2012;POINT(-53.295651 -24.7988027)
PR;4106308;126;47;2012;
PR;4106407;26;12;2012;
PR;4106407;26;125;2012;
PR;4106407;26;131;2012;POINT(-50.66046 -23.1828)
PR;4106407;26;134;2012;
PR;4106407;26;136;2012;POINT(-50.6514 -23.18928)
PR;4106407;26;21;2012;POINT(-50.6442205 -23.1767087)
PR;4106407;26;29;2012;POINT(-50.66046 -23.1828)
PR;4106407;26;34;2012;
PR;4106407;26;40;2012;POINT(-50.66046 -23.1828)
PR;4106407;26;47;2012;POINT(-50.66185 -23.1831)
PR;4106407;26;57;2012;POINT(-50.6514 -23.18928)
PR;4106407;26;59;2012;POINT(-50.6514 -23.18928)
PR;4106407;26;61;2012;POINT(-50.6514 -23.18928)
PR;4106407;26;63;2012;POINT(-50.6514 -23.18928)
PR;4106407;26;66;2012;POINT(-50.6456638 -23.1866818)
PR;4106407;26;72;2012;
PR;4106407;26;75;2012;
PR;4106407;26;85;2012;POINT(-50.66046 -23.1828)
PR;4106456;32;76;2012;
PR;4106456;32;90;2012;
PR;4106456;32;91;2012;
PR;4106506;101;102;2012;
PR;4106506;101;107;2012;
PR;4106506;101;117;2012;
PR;4106506;101;50;2012;POINT(-52.5680478 -25.9842772)
PR;4106506;101;53;2012;POINT(-52.5680478 -25.9842772)
PR;4106506;101;62;2012;POINT(-52.5680478 -25.9842772)
PR;4106506;101;83;2012;
PR;4106506;101;86;2012;
PR;4106555;133;26;2012;POINT(-52.11516 -24.1)
PR;4106555;133;31;2012;POINT(-52.11516 -24.1)
PR;4106555;133;33;2012;POINT(-52.11516 -24.1)
PR;4106555;133;37;2012;POINT(-52.11516 -24.1)
PR;4106571;115;34;2012;POINT(-53.10585667 -25.56104167)
PR;4106571;115;37;2012;POINT(-53.10585667 -25.56104167)
PR;4106571;115;53;2012;
PR;4106571;115;98;2012;
PR;4106605;86;128;2012;POINT(-53.0922866 -23.7839115)
PR;4106605;86;133;2012;POINT(-53.07638 -23.77816)
PR;4106605;86;140;2012;
PR;4106605;86;143;2012;
PR;4106605;86;17;2012;
PR;4106605;86;32;2012;POINT(-53.0693306 -23.7791664)
PR;4106704;91;2;2012;POINT(-52.16488282 -22.95892009)
PR;4106704;91;3;2012;POINT(-52.16488282 -22.95892009)
PR;4106704;91;42;2012;POINT(-52.16488282 -22.95892009)
PR;4106803;153;108;2012;
PR;4106803;153;155;2012;POINT(-51.3497856 -26.0192465)
PR;4106803;153;174;2012;POINT(-51.3497856 -26.0192465)
PR;4106803;153;29;2012;POINT(-51.3497856 -26.0192465)
PR;4106803;153;35;2012;POINT(-51.3497856 -26.0192465)
PR;4106803;153;36;2012;
PR;4106803;153;39;2012;
PR;4106902;1;115;2012;POINT(-49.29423 -25.41178)
PR;4106902;1;125;2012;POINT(-49.2799325 -25.4194307)
PR;4106902;1;126;2012;POINT(-49.2799325 -25.4194307)
PR;4106902;1;151;2012;
PR;4106902;1;187;2012;POINT(-49.29 -25.39682)
PR;4106902;1;198;2012;POINT(-49.2843755 -25.3886582)
PR;4106902;1;203;2012;POINT(-49.2843755 -25.3886582)
PR;4106902;1;330;2012;POINT(-49.295205 -25.379914)
PR;4106902;1;377;2012;
PR;4106902;1;383;2012;
PR;4106902;1;385;2012;POINT(-49.2625269 -25.4246984)
PR;4106902;1;389;2012;POINT(-49.2625269 -25.4246984)
PR;4106902;1;399;2012;POINT(-49.2638309 -25.4182409)
PR;4106902;1;408;2012;POINT(-49.26447 -25.3668)
PR;4106902;1;418;2012;POINT(-49.257854 -25.376371)
PR;4106902;1;431;2012;POINT(-49.26006 -25.36691)
PR;4106902;1;435;2012;POINT(-49.26006 -25.36691)
PR;4106902;1;439;2012;POINT(-49.26999 -25.51644)
PR;4106902;1;441;2012;POINT(-49.26999 -25.51644)
PR;4106902;1;442;2012;POINT(-49.26999 -25.51644)
PR;4106902;1;455;2012;POINT(-49.2475183 -25.3920358)
PR;4106902;1;473;2012;
PR;4106902;1;480;2012;POINT(-49.2622446 -25.3864775)
PR;4106902;1;507;2012;POINT(-49.26825 -25.37229)
PR;4106902;1;517;2012;POINT(-49.2373071 -25.3842702)
PR;4106902;1;528;2012;POINT(-49.29478 -25.38875)
PR;4106902;1;537;2012;POINT(-49.27831 -25.37481)
PR;4106902;1;55;2012;POINT(-49.2749684 -25.4252319)
PR;4106902;1;554;2012;POINT(-49.26447 -25.3668)
PR;4106902;1;555;2012;POINT(-49.300712 -25.3926956)
PR;4106902;1;57;2012;POINT(-49.2749684 -25.4252319)
PR;4106902;1;573;2012;POINT(-49.274054 -25.4499445)
PR;4106902;1;576;2012;POINT(-49.2683156 -25.3898801)
PR;4106902;1;580;2012;POINT(-49.2596922 -25.3883615)
PR;4106902;1;607;2012;
PR;4106902;1;614;2012;POINT(-49.2596922 -25.3883615)
PR;4106902;1;618;2012;
PR;4106902;1;621;2012;POINT(-49.2904608 -25.4000803)
PR;4106902;1;628;2012;POINT(-49.2683156 -25.3898801)
PR;4106902;1;630;2012;POINT(-49.2843755 -25.3886582)
PR;4106902;1;637;2012;POINT(-49.2683156 -25.3898801)
PR;4106902;145;298;2012;POINT(-49.268077 -25.5264044)
PR;4106902;145;300;2012;POINT(-49.268077 -25.5264044)
PR;4106902;145;301;2012;POINT(-49.268077 -25.5264044)
PR;4106902;145;302;2012;POINT(-49.268077 -25.5264044)
PR;4106902;145;303;2012;POINT(-49.268077 -25.5264044)
PR;4106902;145;343;2012;POINT(-49.29161 -25.53232833)
PR;4106902;145;375;2012;POINT(-49.28355086 -25.54451019)
PR;4106902;145;380;2012;POINT(-49.28355086 -25.54451019)
PR;4106902;145;405;2012;POINT(-49.2658 -25.50003)
PR;4106902;145;407;2012;POINT(-49.2658 -25.50003)
PR;4106902;145;412;2012;POINT(-49.2658 -25.50003)
PR;4106902;145;420;2012;POINT(-49.26999 -25.51644)
PR;4106902;145;436;2012;POINT(-49.27687 -25.51508)
PR;4106902;145;441;2012;POINT(-49.27687 -25.51508)
PR;4106902;145;447;2012;POINT(-49.2631859 -25.5117184)
PR;4106902;145;453;2012;
PR;4106902;145;483;2012;
PR;4106902;145;507;2012;
PR;4106902;145;508;2012;POINT(-49.268077 -25.5264044)
PR;4106902;145;511;2012;POINT(-49.2631859 -25.5117184)
PR;4106902;145;515;2012;POINT(-49.2612093 -25.5426579)
PR;4106902;145;519;2012;POINT(-49.26999 -25.51644)
PR;4106902;145;546;2012;POINT(-49.2775085 -25.53769096)
PR;4106902;145;575;2012;POINT(-49.2881236 -25.5319088)
PR;4106902;145;587;2012;POINT(-49.27293577 -25.54247471)
PR;4106902;145;597;2012;POINT(-49.27293577 -25.54247471)
PR;4106902;145;613;2012;POINT(-49.2541311 -25.5368991)
PR;4106902;145;614;2012;POINT(-49.2749559 -25.5276174)
PR;4106902;145;619;2012;POINT(-49.267798 -25.546852)
PR;4106902;145;624;2012;POINT(-49.268077 -25.5264044)
PR;4106902;145;635;2012;POINT(-49.27293577 -25.54247471)
PR;4106902;145;645;2012;POINT(-49.2770538 -25.5176358)
PR;4106902;145;666;2012;POINT(-49.2522683 -25.5439566)
PR;4106902;145;681;2012;POINT(-49.2522683 -25.5439566)
PR;4106902;145;685;2012;POINT(-49.295719 -25.5344734)
PR;4106902;145;687;2012;POINT(-49.257019 -25.544061)
PR;4106902;145;688;2012;POINT(-49.2740937 -25.5067359)
PR;4106902;145;691;2012;POINT(-49.2541311 -25.5368991)
PR;4106902;145;714;2012;POINT(-49.2711969 -25.5453222)
PR;4106902;145;729;2012;POINT(-49.2530798 -25.5347718)
PR;4106902;145;760;2012;POINT(-49.2749559 -25.5276174)
PR;4106902;145;762;2012;POINT(-49.280369 -25.5588668)
PR;4106902;145;767;2012;POINT(-49.2740937 -25.5067359)
PR;4106902;145;769;2012;POINT(-49.269696 -25.503799)
PR;4106902;145;773;2012;POINT(-49.274446 -25.5364367)
PR;4106902;145;774;2012;POINT(-49.2684788 -25.534911)
PR;4106902;145;786;2012;POINT(-49.2686792 -25.5504032)
PR;4106902;145;804;2012;POINT(-49.2724665 -25.5447913)
PR;4106902;145;809;2012;POINT(-49.2724665 -25.5447913)
PR;4106902;174;111;2012;POINT(-49.24114 -25.52971)
PR;4106902;174;12;2012;POINT(-49.22847 -25.51021)
PR;4106902;174;120;2012;POINT(-49.2524904 -25.5080968)
PR;4106902;174;136;2012;POINT(-49.23816 -25.52102)
PR;4106902;174;141;2012;POINT(-49.2441424 -25.5025933)
PR;4106902;174;151;2012;POINT(-49.2424251 -25.4982057)
PR;4106902;174;153;2012;POINT(-49.2491992 -25.5169744)
PR;4106902;174;161;2012;POINT(-49.261717 -25.491654)
PR;4106902;174;174;2012;POINT(-49.25393 -25.48025)
PR;4106902;174;18;2012;POINT(-49.2247213 -25.5153987)
PR;4106902;174;180;2012;POINT(-49.25393 -25.48025)
PR;4106902;174;183;2012;POINT(-49.25367 -25.48193)
PR;4106902;174;184;2012;POINT(-49.25367 -25.48193)
PR;4106902;174;187;2012;POINT(-49.23869 -25.49353)
PR;4106902;174;192;2012;POINT(-49.2524904 -25.5080968)
PR;4106902;174;203;2012;POINT(-49.2453555 -25.4886471)
PR;4106902;174;204;2012;POINT(-49.238481 -25.536838)
PR;4106902;174;206;2012;POINT(-49.2441424 -25.5025933)
PR;4106902;174;211;2012;POINT(-49.2247213 -25.5153987)
PR;4106902;174;22;2012;POINT(-49.2214002 -25.5070192)
PR;4106902;174;23;2012;POINT(-49.2214002 -25.5070192)
PR;4106902;174;230;2012;POINT(-49.2491992 -25.5169744)
PR;4106902;174;231;2012;POINT(-49.2427686 -25.495382)
PR;4106902;174;255;2012;POINT(-49.238481 -25.536838)
PR;4106902;174;260;2012;POINT(-49.2441424 -25.5025933)
PR;4106902;174;261;2012;POINT(-49.2491992 -25.5169744)
PR;4106902;174;293;2012;POINT(-49.2491992 -25.5169744)
PR;4106902;174;302;2012;POINT(-49.25339 -25.50324)
PR;4106902;174;305;2012;POINT(-49.2491992 -25.5169744)
PR;4106902;174;307;2012;POINT(-49.25339 -25.50324)
PR;4106902;174;329;2012;POINT(-49.2462154 -25.514719)
PR;4106902;174;33;2012;POINT(-49.2357525 -25.4995741)
PR;4106902;174;333;2012;POINT(-49.2490291 -25.5232951)
PR;4106902;174;338;2012;POINT(-49.2490291 -25.5232951)
PR;4106902;174;339;2012;POINT(-49.2340225 -25.5148791)
PR;4106902;174;366;2012;POINT(-49.2453555 -25.4886471)
PR;4106902;174;368;2012;POINT(-49.2340225 -25.5148791)
PR;4106902;174;41;2012;POINT(-49.2357525 -25.4995741)
PR;4106902;174;51;2012;
PR;4106902;174;61;2012;POINT(-49.237771 -25.4634239)
PR;4106902;174;68;2012;POINT(-49.24658 -25.4798)
PR;4106902;174;73;2012;POINT(-49.24814 -25.47571)
PR;4106902;174;77;2012;POINT(-49.25489 -25.5319)
PR;4106902;174;84;2012;POINT(-49.25489 -25.5319)
PR;4106902;174;87;2012;POINT(-49.2464187 -25.5299817)
PR;4106902;175;10;2012;POINT(-49.33553 -25.49496)
PR;4106902;175;102;2012;
PR;4106902;175;122;2012;POINT(-49.3156701 -25.5594339)
PR;4106902;175;138;2012;POINT(-49.325341 -25.5079879)
PR;4106902;175;15;2012;POINT(-49.32368 -25.50394)
PR;4106902;175;151;2012;POINT(-49.2809825 -25.4963996)
PR;4106902;175;158;2012;
PR;4106902;175;160;2012;POINT(-49.33553 -25.49496)
PR;4106902;175;170;2012;POINT(-49.3261812 -25.515406)
PR;4106902;175;180;2012;POINT(-49.2928794 -25.5510796)
PR;4106902;175;190;2012;POINT(-49.3352617 -25.5096168)
PR;4106902;175;202;2012;
PR;4106902;175;218;2012;POINT(-49.3131995 -25.5603739)
PR;4106902;175;223;2012;POINT(-49.32368 -25.50394)
PR;4106902;175;230;2012;POINT(-49.33854 -25.49549)
PR;4106902;175;237;2012;POINT(-49.3017403 -25.5078801)
PR;4106902;175;253;2012;POINT(-49.339091 -25.560104)
PR;4106902;175;257;2012;POINT(-49.33431 -25.52744)
PR;4106902;175;272;2012;POINT(-49.33679 -25.57298)
PR;4106902;175;274;2012;POINT(-49.3367948 -25.5728677)
PR;4106902;175;275;2012;POINT(-49.33431 -25.52744)
PR;4106902;175;291;2012;POINT(-49.33854 -25.49549)
PR;4106902;175;306;2012;POINT(-49.3322618 -25.5583048)
PR;4106902;175;325;2012;POINT(-49.3396897 -25.5452272)
PR;4106902;175;337;2012;POINT(-49.3349751 -25.5735619)
PR;4106902;175;343;2012;POINT(-49.3322618 -25.5583048)
PR;4106902;175;363;2012;POINT(-49.34962 -25.49396)
PR;4106902;175;389;2012;
PR;4106902;175;394;2012;POINT(-49.3349751 -25.5735619)
PR;4106902;175;396;2012;POINT(-49.323365 -25.584929)
PR;4106902;175;408;2012;POINT(-49.34962 -25.49396)
PR;4106902;175;412;2012;POINT(-49.335757 -25.590256)
PR;4106902;175;413;2012;POINT(-49.3410687 -25.5914037)
PR;4106902;175;418;2012;POINT(-49.33431 -25.52744)
PR;4106902;175;42;2012;POINT(-49.31665 -25.49636)
PR;4106902;175;421;2012;POINT(-49.3352617 -25.5096168)
PR;4106902;175;43;2012;POINT(-49.31665 -25.49636)
PR;4106902;175;62;2012;POINT(-49.2809825 -25.4963996)
PR;4106902;175;63;2012;POINT(-49.2809825 -25.4963996)
PR;4106902;175;74;2012;POINT(-49.28963 -25.50226)
PR;4106902;175;87;2012;POINT(-49.3014253 -25.5012632)
PR;4106902;175;88;2012;POINT(-49.3014253 -25.5012632)
PR;4106902;175;89;2012;POINT(-49.3014253 -25.5012632)
PR;4106902;176;102;2012;POINT(-49.2768784 -25.4816169)
PR;4106902;176;104;2012;POINT(-49.2768784 -25.4816169)
PR;4106902;176;109;2012;
PR;4106902;176;114;2012;
PR;4106902;176;117;2012;
PR;4106902;176;118;2012;
PR;4106902;176;122;2012;POINT(-49.2928176 -25.4886586)
PR;4106902;176;133;2012;POINT(-49.2928176 -25.4886586)
PR;4106902;176;145;2012;POINT(-49.3033164 -25.4954757)
PR;4106902;176;174;2012;
PR;4106902;176;207;2012;POINT(-49.27992 -25.4734)
PR;4106902;176;208;2012;POINT(-49.3241493 -25.4883321)
PR;4106902;176;209;2012;POINT(-49.287804 -25.487723)
PR;4106902;176;233;2012;POINT(-49.3309377 -25.483418)
PR;4106902;176;248;2012;POINT(-49.28635 -25.474853)
PR;4106902;176;264;2012;POINT(-49.29276 -25.4943803)
PR;4106902;176;276;2012;POINT(-49.2730758 -25.4837511)
PR;4106902;176;295;2012;POINT(-49.302271 -25.485103)
PR;4106902;176;31;2012;POINT(-49.2798048 -25.461793)
PR;4106902;176;33;2012;POINT(-49.2798048 -25.461793)
PR;4106902;176;36;2012;POINT(-49.2798048 -25.461793)
PR;4106902;176;37;2012;POINT(-49.2798048 -25.461793)
PR;4106902;176;40;2012;POINT(-49.27992 -25.4734)
PR;4106902;176;5;2012;POINT(-49.249537 -25.4493088)
PR;4106902;176;61;2012;POINT(-49.3241493 -25.4883321)
PR;4106902;176;67;2012;POINT(-49.3260419 -25.4868624)
PR;4106902;176;70;2012;POINT(-49.3260419 -25.4868624)
PR;4106902;176;72;2012;POINT(-49.3260419 -25.4868624)
PR;4106902;176;75;2012;POINT(-49.3313362 -25.4801901)
PR;4106902;176;76;2012;POINT(-49.3313362 -25.4801901)
PR;4106902;176;82;2012;POINT(-49.3313362 -25.4801901)
PR;4106902;176;88;2012;POINT(-49.26665 -25.48007)
PR;4106902;176;95;2012;POINT(-49.26665 -25.48007)
PR;4106902;177;109;2012;
PR;4106902;177;112;2012;POINT(-49.26983 -25.45321)
PR;4106902;177;119;2012;POINT(-49.2655397 -25.4496903)
PR;4106902;177;12;2012;POINT(-49.29226 -25.43924)
PR;4106902;177;120;2012;POINT(-49.2655397 -25.4496903)
PR;4106902;177;128;2012;POINT(-49.2830736 -25.4633836)
PR;4106902;177;129;2012;POINT(-49.2830736 -25.4633836)
PR;4106902;177;144;2012;POINT(-49.2906814 -25.4497758)
PR;4106902;177;161;2012;POINT(-49.2762068 -25.4424981)
PR;4106902;177;174;2012;POINT(-49.2817537 -25.4527323)
PR;4106902;177;177;2012;POINT(-49.27721 -25.4443)
PR;4106902;177;183;2012;POINT(-49.274054 -25.4499445)
PR;4106902;177;203;2012;POINT(-49.2860389 -25.4447491)
PR;4106902;177;204;2012;POINT(-49.2860389 -25.4447491)
PR;4106902;177;215;2012;POINT(-49.31449 -25.45057)
PR;4106902;177;220;2012;POINT(-49.2966205 -25.4470337)
PR;4106902;177;231;2012;POINT(-49.2906814 -25.4497758)
PR;4106902;177;270;2012;POINT(-49.2815137 -25.4413524)
PR;4106902;177;319;2012;POINT(-49.3436443 -25.4280576)
PR;4106902;177;321;2012;POINT(-49.29755 -25.44752)
PR;4106902;177;336;2012;
PR;4106902;177;34;2012;POINT(-49.305231 -25.438827)
PR;4106902;177;349;2012;
PR;4106902;177;358;2012;POINT(-49.2815137 -25.4413524)
PR;4106902;177;363;2012;POINT(-49.3468519 -25.4194396)
PR;4106902;177;364;2012;POINT(-49.2830736 -25.4633836)
PR;4106902;177;369;2012;POINT(-49.29755 -25.44752)
PR;4106902;177;374;2012;POINT(-49.2836206 -25.4367648)
PR;4106902;177;375;2012;POINT(-49.3057665 -25.435366)
PR;4106902;177;38;2012;POINT(-49.305231 -25.438827)
PR;4106902;177;385;2012;POINT(-49.2655397 -25.4496903)
PR;4106902;177;386;2012;POINT(-49.3468519 -25.4194396)
PR;4106902;177;389;2012;POINT(-49.29755 -25.44752)
PR;4106902;177;399;2012;POINT(-49.324763 -25.435271)
PR;4106902;177;46;2012;
PR;4106902;177;50;2012;
PR;4106902;177;51;2012;
PR;4106902;177;55;2012;POINT(-49.3436443 -25.4280576)
PR;4106902;177;61;2012;
PR;4106902;177;63;2012;
PR;4106902;177;70;2012;POINT(-49.3434352 -25.4171433)
PR;4106902;177;73;2012;POINT(-49.3434352 -25.4171433)
PR;4106902;177;79;2012;
PR;4106902;178;10;2012;POINT(-49.273819 -25.4331939)
PR;4106902;178;108;2012;POINT(-49.33089 -25.40207)
PR;4106902;178;11;2012;POINT(-49.273819 -25.4331939)
PR;4106902;178;124;2012;POINT(-49.33935 -25.40598)
PR;4106902;178;126;2012;POINT(-49.3341387 -25.3809703)
PR;4106902;178;143;2012;POINT(-49.3475269 -25.3950552)
PR;4106902;178;150;2012;POINT(-49.3479506 -25.3918793)
PR;4106902;178;160;2012;POINT(-49.2671314 -25.4231326)
PR;4106902;178;164;2012;POINT(-49.2694 -25.42525)
PR;4106902;178;168;2012;POINT(-49.2694 -25.42525)
PR;4106902;178;187;2012;POINT(-49.2657136 -25.4336738)
PR;4106902;178;191;2012;POINT(-49.2657136 -25.4336738)
PR;4106902;178;196;2012;POINT(-49.2666063 -25.432256)
PR;4106902;178;210;2012;POINT(-49.26028 -25.4288019)
PR;4106902;178;211;2012;POINT(-49.26028 -25.4288019)
PR;4106902;178;227;2012;POINT(-49.2752321 -25.4351531)
PR;4106902;178;233;2012;POINT(-49.273819 -25.4331939)
PR;4106902;178;258;2012;POINT(-49.2897279 -25.4151416)
PR;4106902;178;287;2012;POINT(-49.31855 -25.39747)
PR;4106902;178;292;2012;POINT(-49.2752321 -25.4351531)
PR;4106902;178;295;2012;POINT(-49.26028 -25.4288019)
PR;4106902;178;296;2012;POINT(-49.3341387 -25.3809703)
PR;4106902;178;298;2012;POINT(-49.31855 -25.39747)
PR;4106902;178;299;2012;POINT(-49.33089 -25.40207)
PR;4106902;178;312;2012;POINT(-49.33089 -25.40207)
PR;4106902;178;327;2012;POINT(-49.2657136 -25.4336738)
PR;4106902;178;337;2012;POINT(-49.3309076 -25.3982184)
PR;4106902;178;338;2012;POINT(-49.3217489 -25.398024)
PR;4106902;178;38;2012;POINT(-49.2785587 -25.4358815)
PR;4106902;178;42;2012;POINT(-49.2805389 -25.4276737)
PR;4106902;178;44;2012;POINT(-49.2790404 -25.435741)
PR;4106902;178;54;2012;POINT(-49.3006144 -25.4250497)
PR;4106902;178;60;2012;POINT(-49.2897279 -25.4151416)
PR;4106902;178;75;2012;POINT(-49.2941563 -25.4284846)
PR;4106902;2;123;2012;POINT(-49.19664 -25.39744)
PR;4106902;2;125;2012;POINT(-49.19664 -25.39744)
PR;4106902;2;201;2012;POINT(-49.23888 -25.47663)
PR;4106902;2;207;2012;
PR;4106902;2;255;2012;POINT(-49.2318129 -25.4127713)
PR;4106902;2;264;2012;POINT(-49.2491016 -25.4106033)
PR;4106902;2;270;2012;POINT(-49.2595286 -25.4243117)
PR;4106902;2;274;2012;POINT(-49.2595286 -25.4243117)
PR;4106902;2;282;2012;POINT(-49.23046 -25.41948)
PR;4106902;2;287;2012;POINT(-49.2523913 -25.4140843)
PR;4106902;2;293;2012;POINT(-49.2491016 -25.4106033)
PR;4106902;2;295;2012;POINT(-49.2491016 -25.4106033)
PR;4106902;2;297;2012;POINT(-49.2323836 -25.3640325)
PR;4106902;2;302;2012;POINT(-49.241678 -25.373525)
PR;4106902;2;303;2012;POINT(-49.241678 -25.373525)
PR;4106902;2;307;2012;POINT(-49.2242298 -25.3742506)
PR;4106902;2;313;2012;POINT(-49.2242298 -25.3742506)
PR;4106902;2;340;2012;POINT(-49.2037 -25.42486)
PR;4106902;2;343;2012;POINT(-49.2037 -25.42486)
PR;4106902;2;350;2012;POINT(-49.2200878 -25.3921445)
PR;4106902;2;360;2012;POINT(-49.22957 -25.38386)
PR;4106902;2;378;2012;POINT(-49.2243177 -25.3904192)
PR;4106902;2;395;2012;POINT(-49.2578107 -25.4285549)
PR;4106902;2;402;2012;POINT(-49.261329 -25.41245)
PR;4106902;2;408;2012;POINT(-49.24451 -25.40109)
PR;4106902;2;420;2012;POINT(-49.2037 -25.42486)
PR;4106902;2;427;2012;
PR;4106902;2;435;2012;POINT(-49.2318129 -25.4127713)
PR;4106902;2;442;2012;POINT(-49.2011 -25.38443)
PR;4106902;2;477;2012;POINT(-49.2222692 -25.3743)
PR;4106902;2;478;2012;POINT(-49.2491016 -25.4106033)
PR;4106902;2;495;2012;
PR;4106902;2;508;2012;POINT(-49.21045 -25.36702)
PR;4106902;2;509;2012;POINT(-49.207209 -25.403648)
PR;4106902;2;513;2012;POINT(-49.207209 -25.403648)
PR;4106902;2;534;2012;POINT(-49.20368 -25.394645)
PR;4106902;2;536;2012;POINT(-49.2222692 -25.3743)
PR;4106902;2;538;2012;POINT(-49.2308586 -25.3766974)
PR;4106902;2;547;2012;POINT(-49.2308586 -25.3766974)
PR;4106902;2;56;2012;POINT(-49.2011 -25.38443)
PR;4106902;2;560;2012;POINT(-49.2011 -25.38443)
PR;4106902;2;565;2012;POINT(-49.2308586 -25.3766974)
PR;4106902;2;567;2012;POINT(-49.21045 -25.36702)
PR;4106902;2;61;2012;POINT(-49.24451 -25.40109)
PR;4106902;2;65;2012;POINT(-49.24451 -25.40109)
PR;4106902;2;66;2012;POINT(-49.24451 -25.40109)
PR;4106902;2;67;2012;POINT(-49.24451 -25.40109)
PR;4106902;2;79;2012;POINT(-49.2243177 -25.3904192)
PR;4106902;2;82;2012;POINT(-49.21726 -25.39661)
PR;4106902;2;94;2012;POINT(-49.2379722 -25.3967237)
PR;4106902;3;101;2012;POINT(-49.218163 -25.450697)
PR;4106902;3;109;2012;POINT(-49.2048528 -25.4648614)
PR;4106902;3;121;2012;POINT(-49.24934 -25.44072)
PR;4106902;3;124;2012;POINT(-49.24934 -25.44072)
PR;4106902;3;126;2012;POINT(-49.24934 -25.44072)
PR;4106902;3;148;2012;POINT(-49.20471 -25.4416355)
PR;4106902;3;151;2012;POINT(-49.20471 -25.4416355)
PR;4106902;3;159;2012;
PR;4106902;3;168;2012;
PR;4106902;3;169;2012;
PR;4106902;3;170;2012;
PR;4106902;3;208;2012;POINT(-49.24546 -25.4313226)
PR;4106902;3;263;2012;POINT(-49.2287596 -25.4563821)
PR;4106902;3;293;2012;
PR;4106902;3;294;2012;
PR;4106902;3;317;2012;POINT(-49.239771 -25.4781578)
PR;4106902;3;318;2012;POINT(-49.239771 -25.4781578)
PR;4106902;3;333;2012;POINT(-49.22975 -25.47573)
PR;4106902;3;335;2012;POINT(-49.22975 -25.47573)
PR;4106902;3;344;2012;POINT(-49.2271 -25.48205)
PR;4106902;3;348;2012;POINT(-49.2271 -25.48205)
PR;4106902;3;353;2012;POINT(-49.218163 -25.450697)
PR;4106902;3;374;2012;POINT(-49.218163 -25.450697)
PR;4106902;3;387;2012;POINT(-49.2389964 -25.4445704)
PR;4106902;3;412;2012;POINT(-49.2389964 -25.4445704)
PR;4106902;3;429;2012;POINT(-49.19483 -25.47621)
PR;4106902;3;442;2012;POINT(-49.2271 -25.48205)
PR;4106902;3;444;2012;POINT(-49.20406 -25.48565)
PR;4106902;3;446;2012;
PR;4106902;3;450;2012;POINT(-49.1920514 -25.4709788)
PR;4106902;3;456;2012;POINT(-49.2299948 -25.4496345)
PR;4106902;3;468;2012;POINT(-49.2230619 -25.4744174)
PR;4106902;3;502;2012;POINT(-49.24934 -25.44072)
PR;4106902;3;507;2012;POINT(-49.214703 -25.462207)
PR;4106902;3;518;2012;POINT(-49.2039442 -25.4709507)
PR;4106902;3;519;2012;POINT(-49.21006 -25.49402)
PR;4106902;3;52;2012;POINT(-49.208267 -25.4525898)
PR;4106902;3;524;2012;POINT(-49.22937 -25.44037)
PR;4106902;3;528;2012;POINT(-49.2360544 -25.4568269)
PR;4106902;3;531;2012;POINT(-49.2024886 -25.4699211)
PR;4106902;3;537;2012;POINT(-49.22937 -25.44037)
PR;4106902;3;549;2012;POINT(-49.19483 -25.47621)
PR;4106902;3;557;2012;
PR;4106902;3;586;2012;POINT(-49.22937 -25.44037)
PR;4106902;3;598;2012;
PR;4106902;3;60;2012;POINT(-49.22008 -25.45518)
PR;4106902;3;629;2012;
PR;4106902;3;630;2012;POINT(-49.208267 -25.4525898)
PR;4106902;3;636;2012;POINT(-49.2187363 -25.4972071)
PR;4106902;3;643;2012;POINT(-49.2077934 -25.49268)
PR;4106902;3;650;2012;POINT(-49.20471 -25.4416355)
PR;4106902;3;652;2012;POINT(-49.2039442 -25.4709507)
PR;4106902;3;662;2012;
PR;4106902;3;67;2012;POINT(-49.22008 -25.45518)
PR;4106902;3;69;2012;POINT(-49.2039442 -25.4709507)
PR;4106902;3;72;2012;POINT(-49.2039442 -25.4709507)
PR;4106902;3;94;2012;POINT(-49.218163 -25.450697)
PR;4106902;3;99;2012;POINT(-49.218163 -25.450697)
PR;4106902;4;195;2012;POINT(-49.30754008 -25.45986603)
PR;4106902;4;205;2012;POINT(-49.30883 -25.46318)
PR;4106902;4;210;2012;POINT(-49.30883 -25.46318)
PR;4106902;4;214;2012;POINT(-49.30445 -25.4631)
PR;4106902;4;224;2012;
PR;4106902;4;244;2012;POINT(-49.2992748 -25.4790794)
PR;4106902;4;260;2012;
PR;4106902;4;267;2012;POINT(-49.3111756 -25.4744881)
PR;4106902;4;269;2012;POINT(-49.3111756 -25.4744881)
PR;4106902;4;314;2012;POINT(-49.33656904 -25.47952899)
PR;4106902;4;325;2012;POINT(-49.344883 -25.459897)
PR;4106902;4;326;2012;POINT(-49.344883 -25.459897)
PR;4106902;4;328;2012;POINT(-49.3495289 -25.457169)
PR;4106902;4;352;2012;POINT(-49.30754008 -25.45986603)
PR;4106902;4;353;2012;POINT(-49.37779333 -25.45684833)
PR;4106902;4;369;2012;POINT(-49.29865 -25.46208)
PR;4106902;4;390;2012;POINT(-49.3452188 -25.4445679)
PR;4106902;4;398;2012;POINT(-49.35607 -25.44123)
PR;4106902;4;409;2012;POINT(-49.35478 -25.43403)
PR;4106902;4;421;2012;POINT(-49.34995833 -25.48565667)
PR;4106902;4;439;2012;POINT(-49.344883 -25.459897)
PR;4106902;4;444;2012;POINT(-49.35478 -25.43403)
PR;4106902;4;477;2012;
PR;4106902;4;480;2012;POINT(-49.3495289 -25.457169)
PR;4106902;4;487;2012;POINT(-49.29888 -25.45973)
PR;4106902;4;505;2012;POINT(-49.34995833 -25.48565667)
PR;4106902;4;529;2012;POINT(-49.34910458 -25.45726652)
PR;4106902;4;531;2012;POINT(-49.344883 -25.459897)
PR;4106902;4;535;2012;POINT(-49.34727388 -25.47271511)
PR;4106902;4;539;2012;POINT(-49.34910458 -25.45726652)
PR;4106902;4;548;2012;POINT(-49.338308 -25.484288)
PR;4106902;4;555;2012;POINT(-49.3495289 -25.457169)
PR;4106902;4;582;2012;
PR;4106902;4;612;2012;POINT(-49.34910458 -25.45726652)
PR;4107009;119;17;2012;POINT(-50.6244124 -24.0388893)
PR;4107009;119;20;2012;
PR;4107009;119;4;2012;
PR;4107009;119;63;2012;
PR;4107009;119;64;2012;
PR;4107009;119;67;2012;POINT(-50.45838 -24.03342)
PR;4107009;119;83;2012;
PR;4107009;119;9;2012;POINT(-50.4568786 -24.0376053)
PR;4107108;96;12;2012;POINT(-52.8587133 -22.6572611)
PR;4107108;96;2;2012;POINT(-52.8587133 -22.6572611)
PR;4107108;96;3;2012;POINT(-52.8587133 -22.6572611)
PR;4107108;96;5;2012;POINT(-52.8587133 -22.6572611)
PR;4107108;96;7;2012;POINT(-52.8587133 -22.6572611)
PR;4107124;112;83;2012;
PR;4107157;129;100;2012;POINT(-54.1016101 -24.9423336)
PR;4107207;115;106;2012;POINT(-53.070883 -25.73094)
PR;4107207;115;113;2012;POINT(-53.05722 -25.73917)
PR;4107207;115;20;2012;POINT(-53.057557 -25.7525695)
PR;4107207;115;33;2012;POINT(-53.0659725 -25.751783)
PR;4107207;115;56;2012;
PR;4107207;115;59;2012;
PR;4107207;115;88;2012;
PR;4107207;115;97;2012;
PR;4107256;142;57;2012;POINT(-53.2974838 -23.3814084)
PR;4107256;142;64;2012;
PR;4107306;193;81;2012;
PR;4107306;193;87;2012;POINT(-52.21833 -23.55569)
PR;4107306;193;88;2012;POINT(-52.21833 -23.55569)
PR;4107405;140;32;2012;
PR;4107405;140;6;2012;
PR;4107504;116;12;2012;
PR;4107504;116;15;2012;
PR;4107504;116;21;2012;
PR;4107504;116;22;2012;
PR;4107504;116;62;2012;
PR;4107546;163;64;2012;
PR;4107546;163;67;2012;POINT(-52.7599 -25.38233)
PR;4107553;31;132;2012;POINT(-52.6232362 -24.0929217)
PR;4107553;31;170;2012;POINT(-52.6232362 -24.0929217)
PR;4107553;31;189;2012;
PR;4107603;110;44;2012;
PR;4107603;110;45;2012;POINT(-51.3245321 -24.0023685)
PR;4107603;110;52;2012;POINT(-51.3212447 -24.0005793)
PR;4107603;110;62;2012;
PR;4107603;110;86;2012;POINT(-51.31416 -23.99004)
PR;4107603;110;92;2012;POINT(-51.32869 -23.99826)
PR;4107652;144;106;2012;POINT(-49.31809533 -25.64582083)
PR;4107652;144;113;2012;POINT(-49.33069499 -25.66907934)
PR;4107652;144;130;2012;POINT(-49.3016876 -25.647807)
PR;4107652;144;169;2012;POINT(-49.32850835 -25.6411538)
PR;4107652;144;179;2012;POINT(-49.3016876 -25.647807)
PR;4107652;144;182;2012;POINT(-49.3267906 -25.6594069)
PR;4107652;144;193;2012;POINT(-49.3016876 -25.647807)
PR;4107652;144;195;2012;POINT(-49.316715 -25.6419749)
PR;4107652;144;198;2012;POINT(-49.30632173 -25.6445911)
PR;4107652;144;202;2012;POINT(-49.30632173 -25.6445911)
PR;4107652;144;219;2012;POINT(-49.29123572 -25.66602228)
PR;4107652;144;229;2012;POINT(-49.30632173 -25.6445911)
PR;4107652;144;231;2012;POINT(-49.316715 -25.6419749)
PR;4107652;144;235;2012;POINT(-49.3314483 -25.6491793)
PR;4107652;144;248;2012;POINT(-49.316715 -25.6419749)
PR;4107652;144;250;2012;POINT(-49.30632173 -25.6445911)
PR;4107652;144;264;2012;POINT(-49.32933665 -25.68856349)
PR;4107652;144;299;2012;POINT(-49.32933665 -25.68856349)
PR;4107652;144;300;2012;POINT(-49.316715 -25.6419749)
PR;4107652;144;54;2012;POINT(-49.3016876 -25.647807)
PR;4107652;144;58;2012;POINT(-49.32850835 -25.6411538)
PR;4107652;144;68;2012;POINT(-49.3047199 -25.7028889)
PR;4107702;116;39;2012;
PR;4107702;116;42;2012;
PR;4107702;116;60;2012;
PR;4107736;53;9;2012;
PR;4107751;119;69;2012;POINT(-50.4005904 -23.8504884)
PR;4107801;71;12;2012;POINT(-52.3021773 -23.3217258)
PR;4107801;71;18;2012;POINT(-52.2996176 -23.3218666)
PR;4107850;131;123;2012;
PR;4107900;192;188;2012;POINT(-52.082845 -23.6167003)
PR;4108007;65;14;2012;POINT(-51.39283 -22.86711)
PR;4108007;65;83;2012;POINT(-51.39283 -22.86711)
PR;4108106;67;46;2012;
PR;4108106;67;47;2012;
PR;4108205;120;10;2012;POINT(-53.3199618 -24.2990975)
PR;4108205;120;2;2012;POINT(-53.3153869 -24.2960643)
PR;4108205;120;27;2012;
PR;4108205;120;3;2012;POINT(-53.3153869 -24.2960643)
PR;4108205;120;6;2012;POINT(-53.3153869 -24.2960643)
PR;4108205;120;8;2012;POINT(-53.3153869 -24.2960643)
PR;4108304;147;105;2012;
PR;4108304;147;107;2012;POINT(-54.5719874 -25.4477006)
PR;4108304;147;115;2012;POINT(-54.5719874 -25.4477006)
PR;4108304;147;117;2012;POINT(-54.5719874 -25.4477006)
PR;4108304;147;154;2012;POINT(-54.57502 -25.49901)
PR;4108304;147;173;2012;
PR;4108304;147;192;2012;
PR;4108304;147;196;2012;POINT(-54.5773514 -25.4833903)
PR;4108304;147;201;2012;POINT(-54.58475 -25.50461)
PR;4108304;147;236;2012;POINT(-54.589054 -25.523105)
PR;4108304;147;258;2012;POINT(-54.57502 -25.49901)
PR;4108304;147;264;2012;POINT(-54.57974 -25.47704)
PR;4108304;147;44;2012;POINT(-54.57502 -25.49901)
PR;4108304;147;95;2012;
PR;4108304;147;99;2012;
PR;4108304;204;105;2012;POINT(-54.55089 -25.532768)
PR;4108304;204;107;2012;POINT(-54.5371288 -25.5854003)
PR;4108304;204;110;2012;
PR;4108304;204;12;2012;POINT(-54.55715 -25.53321)
PR;4108304;204;125;2012;
PR;4108304;204;141;2012;POINT(-54.54912 -25.54184)
PR;4108304;204;33;2012;
PR;4108304;204;60;2012;POINT(-54.56224 -25.53321)
PR;4108304;204;67;2012;POINT(-54.54912 -25.54184)
PR;4108304;204;68;2012;POINT(-54.54912 -25.54184)
PR;4108304;204;77;2012;POINT(-54.56224 -25.53321)
PR;4108304;204;8;2012;POINT(-54.55715 -25.53321)
PR;4108304;204;82;2012;POINT(-54.56224 -25.53321)
PR;4108304;204;83;2012;POINT(-54.5409983 -25.5338208)
PR;4108304;205;100;2012;POINT(-54.539899 -25.5066134)
PR;4108304;205;106;2012;POINT(-54.5106357 -25.4875515)
PR;4108304;205;11;2012;POINT(-54.5743242 -25.5253103)
PR;4108304;205;114;2012;POINT(-54.5106357 -25.4875515)
PR;4108304;205;124;2012;POINT(-54.5447 -25.5027)
PR;4108304;205;131;2012;POINT(-54.5106357 -25.4875515)
PR;4108304;205;16;2012;POINT(-54.50579 -25.48503)
PR;4108304;205;164;2012;
PR;4108304;205;166;2012;POINT(-54.5106357 -25.4875515)
PR;4108304;205;168;2012;POINT(-54.5434686 -25.5144857)
PR;4108304;205;2;2012;POINT(-54.5743242 -25.5253103)
PR;4108304;205;36;2012;POINT(-54.51858 -25.48403)
PR;4108304;46;10;2012;POINT(-54.572388 -25.5535102)
PR;4108304;46;112;2012;POINT(-54.58486 -25.54683)
PR;4108304;46;113;2012;POINT(-54.58486 -25.54683)
PR;4108304;46;114;2012;POINT(-54.58486 -25.54683)
PR;4108304;46;133;2012;
PR;4108304;46;170;2012;POINT(-54.5868547 -25.5482788)
PR;4108304;46;229;2012;POINT(-54.57912 -25.57897)
PR;4108304;46;232;2012;POINT(-54.58384 -25.5788)
PR;4108304;46;236;2012;POINT(-54.57912 -25.57897)
PR;4108304;46;3;2012;POINT(-54.58384 -25.5788)
PR;4108304;46;41;2012;
PR;4108304;46;47;2012;
PR;4108304;46;57;2012;
PR;4108304;46;86;2012;
PR;4108304;46;88;2012;
PR;4108304;46;95;2012;
PR;4108304;46;98;2012;POINT(-54.5905919 -25.5411652)
PR;4108320;97;70;2012;POINT(-53.84897 -24.06715)
PR;4108320;97;85;2012;
PR;4108403;69;1;2012;
PR;4108403;69;10;2012;POINT(-53.0531209 -26.0799512)
PR;4108403;69;118;2012;
PR;4108403;69;123;2012;POINT(-53.03937 -26.07366)
PR;4108403;69;125;2012;POINT(-53.03937 -26.07366)
PR;4108403;69;127;2012;POINT(-53.03937 -26.07366)
PR;4108403;69;159;2012;POINT(-53.0518965 -26.0809898)
PR;4108403;69;169;2012;
PR;4108403;69;182;2012;POINT(-53.060256 -26.0696154)
PR;4108403;69;192;2012;POINT(-53.0738559 -26.0696084)
PR;4108403;69;199;2012;
PR;4108403;69;240;2012;
PR;4108403;69;251;2012;
PR;4108403;69;259;2012;POINT(-53.0515269 -26.0342548)
PR;4108403;69;28;2012;POINT(-53.03937 -26.07366)
PR;4108403;69;287;2012;
PR;4108502;153;119;2012;POINT(-51.3164061 -26.4289818)
PR;4108502;153;134;2012;POINT(-51.3164061 -26.4289818)
PR;4108502;153;62;2012;
PR;4108502;153;65;2012;POINT(-51.3164061 -26.4289818)
PR;4108502;153;70;2012;
PR;4108601;92;119;2012;POINT(-53.0196745 -24.1760506)
PR;4108601;92;12;2012;POINT(-53.03784 -24.18276)
PR;4108601;92;13;2012;POINT(-53.03784 -24.18276)
PR;4108601;92;131;2012;
PR;4108601;92;29;2012;
PR;4108601;92;3;2012;POINT(-53.02463 -24.1881)
PR;4108601;92;32;2012;
PR;4108601;92;59;2012;POINT(-53.0196745 -24.1760506)
PR;4108650;203;187;2012;
PR;4108700;136;54;2012;POINT(-51.509105 -24.141888)
PR;4108809;90;19;2012;POINT(-54.2372271 -24.0902313)
PR;4108809;90;23;2012;POINT(-54.248476 -24.0866113)
PR;4108809;90;24;2012;POINT(-54.248476 -24.0866113)
PR;4108809;90;36;2012;POINT(-54.2660187 -24.0875919)
PR;4108809;90;41;2012;
PR;4108809;90;43;2012;POINT(-54.26591776 -24.08752745)
PR;4108809;90;48;2012;POINT(-54.23844148 -24.07810696)
PR;4108809;90;64;2012;
PR;4108809;90;83;2012;POINT(-54.25583163 -24.08472247)
PR;4108809;90;85;2012;POINT(-54.2372271 -24.0902313)
PR;4108809;90;99;2012;POINT(-54.2041784 -24.0878072)
PR;4108908;105;41;2012;POINT(-52.6893104 -22.9410668)
PR;4108908;105;44;2012;POINT(-52.6893104 -22.9410668)
PR;4108957;29;78;2012;
PR;4109005;55;47;2012;POINT(-50.04396 -23.51615)
PR;4109203;64;1;2012;POINT(-51.6503843 -22.9731094)
PR;4109302;112;17;2012;POINT(-52.8554179 -25.1053354)
PR;4109302;112;25;2012;
PR;4109401;43;113;2012;
PR;4109401;43;12;2012;
PR;4109401;43;128;2012;
PR;4109401;43;129;2012;
PR;4109401;43;13;2012;
PR;4109401;43;172;2012;POINT(-51.46376 -25.39634)
PR;4109401;43;176;2012;
PR;4109401;43;194;2012;POINT(-51.4695624 -25.4184171)
PR;4109401;43;207;2012;
PR;4109401;43;21;2012;POINT(-51.45459 -25.40005)
PR;4109401;43;224;2012;POINT(-51.4883 -25.41445)
PR;4109401;43;232;2012;
PR;4109401;43;238;2012;
PR;4109401;43;26;2012;POINT(-51.45459 -25.40005)
PR;4109401;43;262;2012;
PR;4109401;43;297;2012;
PR;4109401;43;309;2012;
PR;4109401;43;31;2012;POINT(-51.46376 -25.39634)
PR;4109401;43;320;2012;POINT(-51.4697663 -25.4061597)
PR;4109401;43;74;2012;POINT(-51.4697663 -25.4061597)
PR;4109401;43;84;2012;POINT(-51.4697663 -25.4061597)
PR;4109401;43;90;2012;POINT(-51.4883 -25.41445)
PR;4109401;44;158;2012;
PR;4109401;44;250;2012;
PR;4109401;44;263;2012;POINT(-51.44862882 -25.39422858)
PR;4109401;44;284;2012;
PR;4109401;44;302;2012;POINT(-51.459437 -25.364554)
PR;4109401;44;319;2012;POINT(-51.462533 -25.3705937)
PR;4109401;44;335;2012;
PR;4109401;44;50;2012;
PR;4109401;44;77;2012;
PR;4109401;44;78;2012;
PR;4109500;6;41;2012;
PR;4109500;6;55;2012;
PR;4109500;6;57;2012;
PR;4109609;161;1;2012;
PR;4109609;161;114;2012;POINT(-48.5796926 -25.9224604)
PR;4109609;161;12;2012;POINT(-48.575234 -25.875981)
PR;4109609;161;18;2012;POINT(-48.575234 -25.875981)
PR;4109609;161;31;2012;POINT(-48.575234 -25.875981)
PR;4109609;161;75;2012;
PR;4109609;161;85;2012;POINT(-48.57097 -25.87445)
PR;4109609;161;92;2012;
PR;4109658;168;26;2012;POINT(-52.3867113 -26.1425229)
PR;4109658;168;38;2012;POINT(-52.40133 -26.23826)
PR;4109708;79;11;2012;POINT(-50.18993009 -23.85047814)
PR;4109708;79;23;2012;POINT(-50.19071372 -23.84957639)
PR;4109708;79;36;2012;
PR;4109708;79;50;2012;POINT(-50.25534936 -23.91288551)
PR;4109708;79;56;2012;POINT(-50.33653376 -23.60549567)
PR;4109708;79;92;2012;
PR;4109757;166;85;2012;POINT(-53.0162426 -25.117611)
PR;4109807;80;105;2012;POINT(-51.0739887 -23.2876967)
PR;4109807;80;114;2012;POINT(-51.05907 -23.26005)
PR;4109807;80;115;2012;POINT(-51.072481 -23.2799965)
PR;4109807;80;116;2012;POINT(-51.0501122 -23.2576688)
PR;4109807;80;23;2012;POINT(-51.0480488 -23.262328)
PR;4109807;80;49;2012;
PR;4109807;80;62;2012;
PR;4109807;80;65;2012;
PR;4109807;80;87;2012;
PR;4109906;172;12;2012;POINT(-53.6154893 -23.3948859)
PR;4109906;172;29;2012;
PR;4110078;111;120;2012;
PR;4110078;111;205;2012;POINT(-50.76786792 -24.49007264)
PR;4110078;111;244;2012;
PR;4110078;111;90;2012;POINT(-50.7575219 -24.4498442)
PR;4110102;29;120;2012;POINT(-50.6105346 -25.2297798)
PR;4110102;29;19;2012;
PR;4110102;29;34;2012;POINT(-50.6030284 -25.2262264)
PR;4110102;29;53;2012;
PR;4110201;34;13;2012;POINT(-51.24408539 -25.47267182)
PR;4110201;34;133;2012;POINT(-51.20063 -25.69602)
PR;4110201;34;14;2012;POINT(-51.28731459 -25.77207058)
PR;4110201;34;143;2012;POINT(-51.25122315 -25.5264288)
PR;4110201;34;16;2012;POINT(-51.3259139 -25.65045345)
PR;4110201;34;182;2012;POINT(-51.28865071 -25.80271848)
PR;4110201;34;2;2012;POINT(-51.0807838 -25.5717099)
PR;4110300;91;44;2012;POINT(-52.20109768 -22.75419904)
PR;4110409;149;68;2012;POINT(-52.7036267 -23.4841632)
PR;4110508;36;10;2012;POINT(-50.58457 -25.02714)
PR;4110508;36;13;2012;
PR;4110508;36;19;2012;
PR;4110508;36;27;2012;
PR;4110508;36;31;2012;
PR;4110508;36;37;2012;
PR;4110508;36;39;2012;
PR;4110508;36;6;2012;POINT(-50.5868177 -25.0230146)
PR;4110607;97;24;2012;
PR;4110607;97;26;2012;
PR;4110607;97;55;2012;
PR;4110607;97;57;2012;
PR;4110607;97;92;2012;
PR;4110706;34;145;2012;POINT(-50.6664965 -25.49383884)
PR;4110706;34;155;2012;POINT(-50.65358958 -25.49953696)
PR;4110706;34;174;2012;POINT(-50.64497121 -25.49545369)
PR;4110706;34;178;2012;POINT(-50.81126842 -25.39308953)
PR;4110706;34;179;2012;POINT(-50.66579807 -25.4703023)
PR;4110706;34;31;2012;POINT(-50.6354592 -25.4646901)
PR;4110706;34;44;2012;POINT(-50.6512833 -25.4685056)
PR;4110706;34;59;2012;POINT(-50.66242735 -25.47899007)
PR;4110706;34;66;2012;POINT(-50.66099428 -25.46706247)
PR;4110706;34;67;2012;POINT(-50.65123951 -25.53172554)
PR;4110706;34;75;2012;POINT(-50.6540419 -25.4807478)
PR;4110706;34;81;2012;POINT(-50.64636822 -25.49771809)
PR;4110706;34;94;2012;
PR;4110706;34;96;2012;
PR;4110805;141;25;2012;POINT(-52.1025382 -24.4217071)
PR;4110805;141;30;2012;POINT(-52.1054211 -24.422542)
PR;4110904;95;41;2012;POINT(-51.9672406 -22.6176534)
PR;4110904;95;42;2012;POINT(-51.9672406 -22.6176534)
PR;4110953;122;30;2012;
PR;4110953;122;35;2012;
PR;4110953;122;43;2012;POINT(-54.33930442 -25.12715097)
PR;4110953;122;68;2012;POINT(-54.30048137 -25.13692854)
PR;4110953;122;76;2012;POINT(-54.30048137 -25.13692854)
PR;4110953;122;97;2012;
PR;4111001;57;46;2012;POINT(-50.4099363 -23.0159647)
PR;4111001;57;72;2012;POINT(-50.4099363 -23.0159647)
PR;4111100;81;11;2012;
PR;4111100;81;2;2012;
PR;4111100;81;8;2012;
PR;4111209;151;14;2012;
PR;4111209;151;5;2012;
PR;4111258;156;140;2012;POINT(-49.3507013 -25.2266597)
PR;4111258;156;143;2012;POINT(-49.3507013 -25.2266597)
PR;4111258;156;146;2012;POINT(-49.35 -25.21838)
PR;4111258;156;149;2012;
PR;4111258;156;186;2012;
PR;4111258;156;195;2012;
PR;4111258;156;196;2012;POINT(-49.55543719 -25.02445085)
PR;4111258;156;201;2012;POINT(-49.35 -25.21838)
PR;4111407;29;67;2012;
PR;4111506;93;13;2012;
PR;4111506;93;131;2012;
PR;4111506;93;15;2012;
PR;4111506;93;23;2012;POINT(-51.6722658 -24.241484)
PR;4111506;93;24;2012;POINT(-51.6722658 -24.241484)
PR;4111506;93;64;2012;
PR;4111506;93;7;2012;
PR;4111506;93;77;2012;
PR;4111555;172;60;2012;POINT(-53.36713 -23.40736)
PR;4111605;154;129;2012;
PR;4111803;24;104;2012;POINT(-49.9413317 -23.1474606)
PR;4111803;24;120;2012;POINT(-49.9885422 -23.1561606)
PR;4111803;24;15;2012;POINT(-49.9804789 -23.1622132)
PR;4111803;24;34;2012;POINT(-49.9738859 -23.1601836)
PR;4111803;24;37;2012;POINT(-49.981337 -23.1630215)
PR;4111803;24;42;2012;POINT(-49.9783983 -23.1691361)
PR;4111803;24;48;2012;
PR;4111803;24;58;2012;
PR;4111803;24;65;2012;POINT(-49.9801958 -23.1641433)
PR;4111803;24;82;2012;POINT(-49.9671701 -23.1499984)
PR;4111803;24;85;2012;POINT(-49.9671701 -23.1499984)
PR;4111803;24;92;2012;
PR;4111803;24;94;2012;POINT(-49.9783983 -23.1691361)
PR;4111902;64;21;2012;POINT(-51.537197 -23.11536)
PR;4111902;64;25;2012;POINT(-51.531098 -23.108315)
PR;4111902;64;40;2012;POINT(-51.531098 -23.108315)
PR;4111902;64;41;2012;POINT(-51.5337817 -23.1092924)
PR;4111902;64;42;2012;POINT(-51.537197 -23.11536)
PR;4112009;18;103;2012;POINT(-49.7290278 -24.2654132)
PR;4112009;18;104;2012;POINT(-49.5935796 -24.4750674)
PR;4112009;18;108;2012;POINT(-49.7339862 -24.2705377)
PR;4112009;18;52;2012;POINT(-49.71088 -24.25125)
PR;4112009;18;55;2012;POINT(-49.7107222 -24.2500638)
PR;4112009;18;56;2012;POINT(-49.7107222 -24.2500638)
PR;4112009;18;57;2012;POINT(-49.7107222 -24.2500638)
PR;4112009;18;60;2012;POINT(-49.7188579 -24.2600727)
PR;4112009;18;61;2012;POINT(-49.7188579 -24.2600727)
PR;4112009;18;76;2012;
PR;4112009;18;78;2012;POINT(-49.7107222 -24.2500638)
PR;4112009;18;84;2012;POINT(-49.7307847 -24.2769785)
PR;4112009;18;87;2012;POINT(-49.7307847 -24.2769785)
PR;4112108;70;113;2012;POINT(-51.6496593 -23.5971341)
PR;4112108;70;16;2012;POINT(-51.644094 -23.601915)
PR;4112108;70;20;2012;POINT(-51.644094 -23.601915)
PR;4112108;70;28;2012;POINT(-51.6496593 -23.5971341)
PR;4112108;70;34;2012;POINT(-51.6496593 -23.5971341)
PR;4112108;70;39;2012;
PR;4112108;70;50;2012;POINT(-51.6549 -23.59864)
PR;4112207;183;103;2012;POINT(-52.7723226 -24.1444123)
PR;4112207;183;109;2012;POINT(-52.7723226 -24.1444123)
PR;4112207;183;111;2012;POINT(-52.7723226 -24.1444123)
PR;4112306;79;78;2012;POINT(-50.1383726 -23.8122613)
PR;4112405;149;13;2012;POINT(-52.5534893 -23.4749149)
PR;4112405;149;15;2012;POINT(-52.5534893 -23.4749149)
PR;4112405;149;22;2012;POINT(-52.5520194 -23.4755282)
PR;4112504;152;17;2012;
PR;4112504;152;20;2012;
PR;4112702;84;1;2012;POINT(-50.9783292 -23.257344)
PR;4112702;84;15;2012;POINT(-50.977051 -23.2563664)
PR;4112702;84;18;2012;POINT(-50.976987 -23.254222)
PR;4112702;84;3;2012;POINT(-50.9783292 -23.257344)
PR;4112702;84;65;2012;POINT(-50.9783292 -23.257344)
PR;4112702;84;73;2012;POINT(-50.976987 -23.254222)
PR;4112702;84;9;2012;POINT(-50.977051 -23.2563664)
PR;4112751;120;112;2012;
PR;4112751;120;119;2012;
PR;4112751;120;94;2012;POINT(-53.3824668 -24.3762931)
PR;4112801;55;10;2012;
PR;4112801;55;23;2012;POINT(-49.9233521 -23.5031411)
PR;4112801;55;25;2012;POINT(-49.9233521 -23.5031411)
PR;4112801;55;26;2012;POINT(-49.9233521 -23.5031411)
PR;4112801;55;28;2012;POINT(-49.9233521 -23.5031411)
PR;4112801;55;48;2012;
PR;4112900;82;17;2012;POINT(-50.2467848 -23.435369)
PR;4112959;98;118;2012;POINT(-52.84072 -24.42247)
PR;4112959;98;121;2012;
PR;4113007;149;75;2012;POINT(-52.47116 -23.6197202)
PR;4113106;70;63;2012;POINT(-51.670645 -23.82749)
PR;4113106;70;69;2012;POINT(-51.73716 -23.8995)
PR;4113205;10;108;2012;
PR;4113205;10;113;2012;
PR;4113205;10;126;2012;
PR;4113205;10;129;2012;
PR;4113205;10;136;2012;
PR;4113205;10;257;2012;
PR;4113205;10;45;2012;POINT(-49.7154565 -25.7709204)
PR;4113205;10;53;2012;POINT(-49.7203653 -25.7700429)
PR;4113205;10;55;2012;POINT(-49.7203653 -25.7700429)
PR;4113205;10;93;2012;
PR;4113304;45;113;2012;
PR;4113304;45;114;2012;POINT(-52.4200176 -25.4025803)
PR;4113304;45;116;2012;
PR;4113304;45;118;2012;
PR;4113304;45;135;2012;POINT(-52.4200176 -25.4025803)
PR;4113304;45;145;2012;
PR;4113304;45;213;2012;POINT(-52.4189338 -25.4185996)
PR;4113304;45;215;2012;
PR;4113304;45;32;2012;
PR;4113403;26;127;2012;POINT(-50.7509 -23.08027)
PR;4113403;26;86;2012;POINT(-50.7552098 -23.0804636)
PR;4113429;152;36;2012;
PR;4113502;85;116;2012;POINT(-53.1345961 -22.925979)
PR;4113502;85;18;2012;
PR;4113502;85;20;2012;
PR;4113502;85;23;2012;POINT(-53.1273393 -22.9323041)
PR;4113502;85;5;2012;POINT(-53.1345961 -22.925979)
PR;4113502;85;9;2012;POINT(-53.1345961 -22.925979)
PR;4113601;95;50;2012;POINT(-51.95049 -23.01055)
PR;4113601;95;55;2012;POINT(-51.95049 -23.01055)
PR;4113700;146;132;2012;POINT(-51.184872 -23.608885)
PR;4113700;146;133;2012;POINT(-51.184872 -23.608885)
PR;4113700;146;138;2012;POINT(-51.082986 -23.526414)
PR;4113700;146;140;2012;POINT(-51.082986 -23.526414)
PR;4113700;146;141;2012;POINT(-51.082986 -23.526414)
PR;4113700;146;142;2012;POINT(-51.125238 -23.503714)
PR;4113700;146;145;2012;POINT(-51.1661702 -23.3003011)
PR;4113700;146;147;2012;POINT(-51.1661702 -23.3003011)
PR;4113700;146;148;2012;POINT(-51.1661702 -23.3003011)
PR;4113700;146;175;2012;POINT(-51.088413 -23.690676)
PR;4113700;146;192;2012;POINT(-51.088413 -23.690676)
PR;4113700;146;84;2012;POINT(-51.1711514 -23.3311681)
PR;4113700;157;103;2012;POINT(-51.1452848 -23.261292)
PR;4113700;157;143;2012;POINT(-51.1482566 -23.2561731)
PR;4113700;157;144;2012;POINT(-51.1482566 -23.2561731)
PR;4113700;157;148;2012;POINT(-51.175633 -23.2676084)
PR;4113700;157;149;2012;POINT(-51.175633 -23.2676084)
PR;4113700;157;155;2012;POINT(-51.1786783 -23.2600993)
PR;4113700;157;161;2012;POINT(-51.1709405 -23.2578496)
PR;4113700;157;214;2012;POINT(-51.1786783 -23.2600993)
PR;4113700;157;221;2012;POINT(-51.1433026 -23.2612422)
PR;4113700;157;249;2012;POINT(-51.1429808 -23.2514414)
PR;4113700;157;257;2012;POINT(-51.1742345 -23.2816825)
PR;4113700;157;268;2012;POINT(-51.1433026 -23.2612422)
PR;4113700;157;276;2012;POINT(-51.1742345 -23.2816825)
PR;4113700;157;74;2012;POINT(-51.1516004 -23.2804459)
PR;4113700;157;76;2012;POINT(-51.1727668 -23.2783992)
PR;4113700;189;107;2012;POINT(-51.1241033 -23.2832072)
PR;4113700;189;110;2012;POINT(-51.2022606 -23.2897475)
PR;4113700;189;111;2012;POINT(-51.2012216 -23.2857301)
PR;4113700;189;114;2012;POINT(-51.1945551 -23.2856976)
PR;4113700;189;116;2012;POINT(-51.1241033 -23.2832072)
PR;4113700;189;22;2012;POINT(-51.19546 -23.29394)
PR;4113700;189;32;2012;POINT(-51.19546 -23.29394)
PR;4113700;189;34;2012;POINT(-51.1981007 -23.2935056)
PR;4113700;189;4;2012;POINT(-51.17876 -23.29718)
PR;4113700;189;54;2012;
PR;4113700;189;68;2012;POINT(-51.1241033 -23.2832072)
PR;4113700;189;72;2012;POINT(-51.1241033 -23.2832072)
PR;4113700;189;92;2012;POINT(-51.17876 -23.29718)
PR;4113700;190;10;2012;POINT(-51.1263022 -23.3255025)
PR;4113700;190;107;2012;POINT(-51.1455442 -23.3535282)
PR;4113700;190;109;2012;POINT(-51.1438974 -23.3364494)
PR;4113700;190;113;2012;POINT(-51.1438974 -23.3364494)
PR;4113700;190;121;2012;POINT(-51.1537429 -23.3184192)
PR;4113700;190;127;2012;POINT(-51.1101048 -23.3284962)
PR;4113700;190;133;2012;
PR;4113700;190;134;2012;
PR;4113700;190;150;2012;POINT(-51.1380175 -23.3513712)
PR;4113700;190;158;2012;
PR;4113700;190;161;2012;POINT(-51.129415 -23.3706316)
PR;4113700;190;165;2012;POINT(-51.1493728 -23.3338866)
PR;4113700;190;170;2012;POINT(-51.1455442 -23.3535282)
PR;4113700;190;172;2012;POINT(-51.1380175 -23.3513712)
PR;4113700;190;20;2012;POINT(-51.1318138 -23.3256317)
PR;4113700;190;21;2012;POINT(-51.1318138 -23.3256317)
PR;4113700;190;51;2012;POINT(-51.1516377 -23.327986)
PR;4113700;190;58;2012;POINT(-51.1516377 -23.327986)
PR;4113700;190;62;2012;POINT(-51.1435745 -23.3321856)
PR;4113700;190;63;2012;POINT(-51.1435745 -23.3321856)
PR;4113700;190;68;2012;POINT(-51.1457777 -23.3405319)
PR;4113700;190;74;2012;
PR;4113700;190;8;2012;POINT(-51.1263022 -23.3255025)
PR;4113700;190;99;2012;POINT(-51.129415 -23.3706316)
PR;4113700;191;101;2012;POINT(-51.152104 -23.3755393)
PR;4113700;191;122;2012;POINT(-51.152104 -23.3755393)
PR;4113700;191;129;2012;POINT(-51.170814 -23.316143)
PR;4113700;191;142;2012;
PR;4113700;191;146;2012;POINT(-51.18383 -23.3040231)
PR;4113700;191;162;2012;POINT(-51.1792477 -23.302361)
PR;4113700;191;22;2012;POINT(-51.206715 -23.3044885)
PR;4113700;191;23;2012;POINT(-51.206715 -23.3044885)
PR;4113700;191;25;2012;POINT(-51.206715 -23.3044885)
PR;4113700;191;30;2012;
PR;4113700;191;31;2012;
PR;4113700;191;37;2012;POINT(-51.1951655 -23.3143552)
PR;4113700;191;43;2012;POINT(-51.1902224 -23.3065012)
PR;4113700;191;5;2012;POINT(-51.2016784 -23.3013924)
PR;4113700;191;68;2012;POINT(-51.1775745 -23.3103514)
PR;4113700;191;79;2012;POINT(-51.18025 -23.31803)
PR;4113700;191;8;2012;POINT(-51.2016784 -23.3013924)
PR;4113700;191;93;2012;POINT(-51.1555886 -23.3693056)
PR;4113700;41;11;2012;POINT(-51.1596939 -23.3052427)
PR;4113700;41;116;2012;POINT(-51.1493751 -23.299962)
PR;4113700;41;118;2012;POINT(-51.1493751 -23.299962)
PR;4113700;41;13;2012;POINT(-51.1596939 -23.3052427)
PR;4113700;41;14;2012;POINT(-51.1596939 -23.3052427)
PR;4113700;41;15;2012;POINT(-51.1596939 -23.3052427)
PR;4113700;41;154;2012;POINT(-51.1650341 -23.3073988)
PR;4113700;41;175;2012;
PR;4113700;41;187;2012;POINT(-51.1463494 -23.3095604)
PR;4113700;41;193;2012;POINT(-51.1596939 -23.3052427)
PR;4113700;41;195;2012;POINT(-51.1363723 -23.3119866)
PR;4113700;41;20;2012;POINT(-51.1650341 -23.3073988)
PR;4113700;41;25;2012;POINT(-51.1650341 -23.3073988)
PR;4113700;41;26;2012;POINT(-51.1650341 -23.3073988)
PR;4113700;41;4;2012;POINT(-51.160889 -23.3106991)
PR;4113700;41;5;2012;POINT(-51.160889 -23.3106991)
PR;4113700;41;6;2012;POINT(-51.160889 -23.3106991)
PR;4113700;41;74;2012;POINT(-51.1363723 -23.3119866)
PR;4113700;41;78;2012;POINT(-51.1363723 -23.3119866)
PR;4113700;42;166;2012;POINT(-51.1543421 -23.3278916)
PR;4113700;42;172;2012;POINT(-51.1543421 -23.3278916)
PR;4113700;42;181;2012;POINT(-51.1656 -23.32075)
PR;4113700;42;195;2012;POINT(-51.1634631 -23.3123023)
PR;4113700;42;22;2012;POINT(-51.1634631 -23.3123023)
PR;4113700;42;58;2012;POINT(-51.1656 -23.32075)
PR;4113700;42;63;2012;POINT(-51.1656 -23.32075)
PR;4113700;42;8;2012;
PR;4113700;42;88;2012;POINT(-51.1543421 -23.3278916)
PR;4113734;31;187;2012;POINT(-52.27478282 -24.28614551)
PR;4113759;132;58;2012;POINT(-51.74251 -24.0761)
PR;4113759;132;64;2012;
PR;4113908;37;12;2012;POINT(-50.8232971 -25.8785242)
PR;4113908;37;14;2012;
PR;4113908;37;15;2012;
PR;4113908;37;22;2012;
PR;4113908;37;5;2012;POINT(-50.8267724 -25.8878646)
PR;4113908;37;7;2012;POINT(-50.8100397 -25.8836799)
PR;4114005;170;24;2012;POINT(-52.528475 -24.3171317)
PR;4114005;170;33;2012;POINT(-52.5281652 -24.3091596)
PR;4114005;170;37;2012;POINT(-52.528475 -24.3171317)
PR;4114005;170;45;2012;POINT(-52.530196 -24.3098298)
PR;4114005;170;58;2012;
PR;4114104;102;17;2012;
PR;4114104;102;27;2012;
PR;4114104;102;28;2012;
PR;4114104;102;66;2012;
PR;4114104;102;67;2012;
PR;4114104;102;78;2012;POINT(-52.09797 -23.34038)
PR;4114203;60;1;2012;
PR;4114203;60;24;2012;POINT(-51.67141 -23.52931)
PR;4114203;60;46;2012;POINT(-51.69755 -23.5111)
PR;4114203;60;47;2012;POINT(-51.69755 -23.5111)
PR;4114302;144;100;2012;
PR;4114302;144;121;2012;POINT(-49.368885 -25.8668279)
PR;4114302;144;230;2012;POINT(-49.3240359 -25.7556743)
PR;4114302;144;232;2012;POINT(-49.3240359 -25.7556743)
PR;4114302;144;254;2012;POINT(-49.3277817 -25.7776053)
PR;4114302;144;272;2012;
PR;4114302;144;37;2012;
PR;4114302;144;42;2012;POINT(-49.3262191 -25.7778746)
PR;4114351;131;57;2012;POINT(-53.40943 -26.04432)
PR;4114351;131;58;2012;
PR;4114351;131;67;2012;
PR;4114401;168;11;2012;
PR;4114401;168;32;2012;
PR;4114401;168;43;2012;
PR;4114401;168;50;2012;
PR;4114401;168;59;2012;
PR;4114401;168;70;2012;
PR;4114401;168;8;2012;
PR;4114500;196;110;2012;POINT(-51.6622495 -24.514473)
PR;4114500;196;114;2012;POINT(-51.6622495 -24.514473)
PR;4114500;196;118;2012;POINT(-51.668372 -24.514456)
PR;4114500;196;130;2012;
PR;4114500;196;131;2012;POINT(-51.66982 -24.52331)
PR;4114500;196;134;2012;
PR;4114500;196;135;2012;POINT(-51.6622495 -24.514473)
PR;4114500;196;143;2012;
PR;4114500;196;151;2012;POINT(-51.6622495 -24.514473)
PR;4114609;121;191;2012;
PR;4114609;121;49;2012;
PR;4114609;121;79;2012;
PR;4114708;142;48;2012;
PR;4114807;81;120;2012;
PR;4114807;81;159;2012;
PR;4114807;81;22;2012;
PR;4114906;76;13;2012;POINT(-51.30632 -23.74521)
PR;4114906;76;15;2012;POINT(-51.3066549 -23.7431548)
PR;4114906;76;4;2012;POINT(-51.3088585 -23.7453508)
PR;4115002;96;59;2012;POINT(-53.0298302 -22.7435002)
PR;4115002;96;62;2012;POINT(-53.0298302 -22.7435002)
PR;4115101;86;67;2012;POINT(-53.1479966 -24.0121994)
PR;4115101;86;69;2012;POINT(-53.1479966 -24.0121994)
PR;4115200;137;113;2012;POINT(-51.919686 -23.404103)
PR;4115200;137;116;2012;POINT(-51.919686 -23.404103)
PR;4115200;137;117;2012;POINT(-51.919686 -23.404103)
PR;4115200;137;138;2012;POINT(-51.9152 -23.39653)
PR;4115200;137;139;2012;POINT(-51.9152 -23.39653)
PR;4115200;137;162;2012;POINT(-51.8881288 -23.4144203)
PR;4115200;137;200;2012;POINT(-51.9127 -23.41481)
PR;4115200;137;203;2012;POINT(-51.8944602 -23.4031507)
PR;4115200;137;208;2012;POINT(-51.9023369 -23.4131638)
PR;4115200;137;221;2012;POINT(-51.8881288 -23.4144203)
PR;4115200;137;226;2012;POINT(-51.8944602 -23.4031507)
PR;4115200;137;245;2012;POINT(-51.9049077 -23.3880957)
PR;4115200;137;248;2012;POINT(-51.9108102 -23.3986828)
PR;4115200;137;250;2012;POINT(-51.9023369 -23.4131638)
PR;4115200;137;254;2012;POINT(-51.8972516 -23.4143403)
PR;4115200;137;257;2012;POINT(-51.9108102 -23.3986828)
PR;4115200;137;261;2012;POINT(-51.8952104 -23.3992187)
PR;4115200;137;265;2012;POINT(-51.8983576 -23.4178242)
PR;4115200;137;267;2012;POINT(-51.8806785 -23.4084316)
PR;4115200;137;269;2012;POINT(-51.8983576 -23.4178242)
PR;4115200;137;270;2012;POINT(-51.9108102 -23.3986828)
PR;4115200;154;161;2012;POINT(-51.896463 -23.4396875)
PR;4115200;154;213;2012;POINT(-51.9713079 -23.4314621)
PR;4115200;154;223;2012;POINT(-51.9124096 -23.4697882)
PR;4115200;154;224;2012;POINT(-51.9779842 -23.4444173)
PR;4115200;154;245;2012;POINT(-51.9227701 -23.4401218)
PR;4115200;154;37;2012;POINT(-51.9146321 -23.4310336)
PR;4115200;154;54;2012;POINT(-51.8967323 -23.4279468)
PR;4115200;154;77;2012;POINT(-51.9713079 -23.4314621)
PR;4115200;192;106;2012;
PR;4115200;192;126;2012;POINT(-51.9399913 -23.404717)
PR;4115200;192;132;2012;
PR;4115200;192;170;2012;POINT(-51.9399913 -23.404717)
PR;4115200;192;180;2012;POINT(-51.9320347 -23.3798585)
PR;4115200;192;189;2012;POINT(-51.9575839 -23.3895774)
PR;4115200;192;30;2012;POINT(-51.9399913 -23.404717)
PR;4115200;192;39;2012;POINT(-51.9399913 -23.404717)
PR;4115200;192;45;2012;POINT(-51.9399913 -23.404717)
PR;4115200;192;53;2012;POINT(-51.9541303 -23.414595)
PR;4115200;192;55;2012;POINT(-51.9541303 -23.414595)
PR;4115200;192;56;2012;POINT(-51.9541303 -23.414595)
PR;4115200;192;68;2012;
PR;4115200;192;73;2012;POINT(-51.9319653 -23.4027688)
PR;4115200;192;75;2012;POINT(-51.9319653 -23.4027688)
PR;4115200;192;79;2012;POINT(-51.94073 -23.38171)
PR;4115200;193;115;2012;POINT(-51.9532894 -23.422096)
PR;4115200;193;116;2012;POINT(-51.9786649 -23.3967141)
PR;4115200;193;122;2012;POINT(-51.9486746 -23.4161349)
PR;4115200;193;124;2012;POINT(-51.9532894 -23.422096)
PR;4115200;193;130;2012;POINT(-51.9786649 -23.3967141)
PR;4115200;193;141;2012;
PR;4115200;193;17;2012;POINT(-51.9588432 -23.433587)
PR;4115200;193;18;2012;POINT(-51.96832 -23.42593)
PR;4115200;193;21;2012;POINT(-51.96832 -23.42593)
PR;4115200;193;23;2012;POINT(-51.9588432 -23.433587)
PR;4115200;193;24;2012;POINT(-51.9588432 -23.433587)
PR;4115200;193;36;2012;POINT(-51.954531 -23.4226729)
PR;4115200;193;46;2012;POINT(-51.9486746 -23.4161349)
PR;4115200;193;49;2012;POINT(-51.9486746 -23.4161349)
PR;4115200;193;55;2012;POINT(-51.95909 -23.40499)
PR;4115200;193;60;2012;POINT(-51.95909 -23.40499)
PR;4115200;193;72;2012;POINT(-52.06462 -23.37141)
PR;4115200;66;113;2012;POINT(-51.9356974 -23.4121941)
PR;4115200;66;114;2012;POINT(-51.9356974 -23.4121941)
PR;4115200;66;136;2012;POINT(-51.9314925 -23.4158064)
PR;4115200;66;146;2012;POINT(-51.94222 -23.4270698)
PR;4115200;66;148;2012;POINT(-51.9263473 -23.4270055)
PR;4115200;66;157;2012;
PR;4115200;66;158;2012;POINT(-51.9317717 -23.4305337)
PR;4115200;66;22;2012;POINT(-51.9393146 -23.4278876)
PR;4115200;66;24;2012;POINT(-51.9393146 -23.4278876)
PR;4115200;66;34;2012;POINT(-51.9317717 -23.4305337)
PR;4115200;66;38;2012;POINT(-51.9317717 -23.4305337)
PR;4115200;66;39;2012;POINT(-51.9395457 -23.4330841)
PR;4115200;66;44;2012;POINT(-51.9263473 -23.4270055)
PR;4115200;66;49;2012;POINT(-51.9197915 -23.422946)
PR;4115200;66;50;2012;POINT(-51.9197915 -23.422946)
PR;4115200;66;58;2012;POINT(-51.9254384 -23.4308251)
PR;4115200;66;59;2012;POINT(-51.9254384 -23.4308251)
PR;4115200;66;61;2012;POINT(-51.9254384 -23.4308251)
PR;4115309;47;41;2012;
PR;4115309;47;45;2012;
PR;4115309;47;48;2012;POINT(-52.552014 -26.355546)
PR;4115309;47;49;2012;POINT(-52.552014 -26.355546)
PR;4115309;47;51;2012;POINT(-52.6692131 -26.3272587)
PR;4115309;47;71;2012;
PR;4115358;124;55;2012;POINT(-53.7920583 -24.4769249)
PR;4115358;124;56;2012;POINT(-53.7920583 -24.4769249)
PR;4115408;140;114;2012;
PR;4115408;140;117;2012;POINT(-53.029935 -26.1504289)
PR;4115408;140;124;2012;POINT(-53.029935 -26.1504289)
PR;4115408;140;51;2012;POINT(-53.1117111 -26.2713042)
PR;4115408;140;63;2012;
PR;4115408;140;97;2012;
PR;4115457;45;168;2012;
PR;4115457;45;170;2012;POINT(-52.37435 -25.10383)
PR;4115507;70;77;2012;
PR;4115507;70;79;2012;POINT(-51.6427926 -23.7073257)
PR;4115507;70;82;2012;POINT(-51.6427926 -23.7073257)
PR;4115606;118;10;2012;POINT(-53.9805041 -25.2442922)
PR;4115606;118;56;2012;
PR;4115705;194;105;2012;POINT(-48.53574 -25.81826)
PR;4115705;194;117;2012;
PR;4115705;194;126;2012;
PR;4115705;194;134;2012;POINT(-48.5385659 -25.8350459)
PR;4115705;194;135;2012;
PR;4115705;194;165;2012;
PR;4115705;194;168;2012;POINT(-48.53608 -25.82066)
PR;4115739;38;220;2012;
PR;4115739;38;226;2012;
PR;4115739;38;227;2012;
PR;4115754;76;17;2012;
PR;4115804;114;10;2012;POINT(-54.0995702 -25.2963022)
PR;4115804;114;119;2012;POINT(-54.1149506 -25.3009412)
PR;4115804;114;124;2012;POINT(-54.0948739 -25.3002304)
PR;4115804;114;132;2012;POINT(-54.0916489 -25.2857569)
PR;4115804;114;146;2012;POINT(-54.1027173 -25.2957947)
PR;4115804;114;162;2012;POINT(-54.0916489 -25.2857569)
PR;4115804;114;23;2012;POINT(-54.0923617 -25.2923559)
PR;4115804;114;24;2012;POINT(-54.0923617 -25.2923559)
PR;4115804;114;25;2012;POINT(-54.0923617 -25.2923559)
PR;4115804;114;28;2012;POINT(-54.1002293 -25.2934815)
PR;4115804;114;30;2012;POINT(-54.1002293 -25.2934815)
PR;4115804;114;35;2012;POINT(-54.0916489 -25.2857569)
PR;4115804;114;38;2012;POINT(-54.0908229 -25.3027872)
PR;4115804;114;40;2012;POINT(-54.0976379 -25.3057972)
PR;4115804;114;5;2012;POINT(-54.0948739 -25.3002304)
PR;4115804;114;52;2012;POINT(-54.079728 -25.2925271)
PR;4115804;114;58;2012;
PR;4115853;121;63;2012;POINT(-54.1633516 -24.4521641)
PR;4116000;65;33;2012;POINT(-51.4832608 -22.9685966)
PR;4116000;65;70;2012;POINT(-51.4832608 -22.9685966)
PR;4116059;114;100;2012;POINT(-54.2618711 -25.0832391)
PR;4116059;114;102;2012;
PR;4116059;114;105;2012;POINT(-54.1824298 -25.1765349)
PR;4116059;114;96;2012;POINT(-54.1455 -25.15142)
PR;4116109;92;102;2012;POINT(-53.0098737 -24.0515474)
PR;4116109;92;94;2012;POINT(-53.0144055 -24.0513494)
PR;4116109;92;98;2012;POINT(-53.0098737 -24.0515474)
PR;4116208;51;44;2012;POINT(-48.8608 -25.38676)
PR;4116307;67;67;2012;
PR;4116307;67;96;2012;
PR;4116406;95;104;2012;
PR;4116406;95;62;2012;
PR;4116703;120;58;2012;POINT(-53.2622106 -24.5274114)
PR;4116703;120;72;2012;
PR;4116802;169;56;2012;POINT(-52.57007 -24.67454)
PR;4116901;71;32;2012;POINT(-52.20122 -23.18488)
PR;4116901;71;50;2012;POINT(-52.2052701 -23.1856551)
PR;4116901;71;62;2012;POINT(-52.197695 -23.1850182)
PR;4116901;71;87;2012;POINT(-52.197695 -23.1850182)
PR;4116901;71;90;2012;POINT(-52.201139 -23.1719053)
PR;4117008;108;15;2012;POINT(-50.56029 -23.43488)
PR;4117008;108;16;2012;
PR;4117008;108;22;2012;
PR;4117057;45;112;2012;
PR;4117057;45;98;2012;
PR;4117107;96;38;2012;POINT(-52.9849035 -22.7614489)
PR;4117206;127;47;2012;
PR;4117214;63;18;2012;POINT(-50.76375 -23.58715)
PR;4117222;121;170;2012;POINT(-53.950071 -24.469082)
PR;4117222;121;201;2012;POINT(-53.9483768 -24.4708775)
PR;4117255;162;66;2012;
PR;4117255;162;74;2012;
PR;4117271;196;68;2012;
PR;4117305;167;14;2012;POINT(-50.9214641 -24.2183587)
PR;4117305;167;19;2012;POINT(-50.926357 -24.211393)
PR;4117305;167;67;2012;
PR;4117305;167;81;2012;POINT(-50.926357 -24.211393)
PR;4117404;102;31;2012;
PR;4117404;102;40;2012;
PR;4117453;148;26;2012;POINT(-53.904729 -24.7723102)
PR;4117453;148;27;2012;POINT(-53.904729 -24.7723102)
PR;4117453;148;32;2012;POINT(-53.904729 -24.7723102)
PR;4117453;148;33;2012;POINT(-53.904729 -24.7723102)
PR;4117453;148;7;2012;POINT(-53.9000939 -24.7761411)
PR;4117503;154;118;2012;
PR;4117503;154;144;2012;
PR;4117503;154;163;2012;POINT(-52.0512363 -23.4589863)
PR;4117503;154;184;2012;POINT(-52.0612149 -23.4569438)
PR;4117503;154;235;2012;POINT(-52.0385115 -23.4575417)
PR;4117503;154;240;2012;POINT(-52.0612149 -23.4569438)
PR;4117503;154;97;2012;POINT(-52.0506375 -23.4606236)
PR;4117503;154;99;2012;POINT(-52.0430238 -23.4574588)
PR;4117602;32;100;2012;
PR;4117602;32;106;2012;POINT(-52.0085383 -26.4702093)
PR;4117602;32;118;2012;POINT(-52.0033496 -26.4705206)
PR;4117602;32;2;2012;POINT(-51.9831732 -26.4772993)
PR;4117602;32;21;2012;POINT(-51.9907228 -26.4836824)
PR;4117602;32;26;2012;POINT(-51.99364 -26.48136)
PR;4117602;32;29;2012;POINT(-51.9908548 -26.4849462)
PR;4117602;32;40;2012;POINT(-52.0033496 -26.4705206)
PR;4117602;32;43;2012;POINT(-52.0039214 -26.4725472)
PR;4117602;32;44;2012;POINT(-52.0039214 -26.4725472)
PR;4117602;32;47;2012;POINT(-51.9856225 -26.495465)
PR;4117602;32;6;2012;POINT(-51.9895336 -26.4815268)
PR;4117602;32;77;2012;POINT(-52.0033496 -26.4705206)
PR;4117701;13;11;2012;POINT(-50.0091978 -25.4327501)
PR;4117701;13;22;2012;POINT(-49.9939897 -25.4181627)
PR;4117701;13;25;2012;POINT(-49.9939897 -25.4181627)
PR;4117701;13;28;2012;
PR;4117701;13;34;2012;
PR;4117701;13;43;2012;
PR;4117701;13;5;2012;POINT(-50.0007976 -25.416158)
PR;4117701;13;6;2012;POINT(-50.0007976 -25.416158)
PR;4117701;13;60;2012;
PR;4117701;13;8;2012;
PR;4117701;13;80;2012;POINT(-49.9939897 -25.4181627)
PR;4117701;13;82;2012;
PR;4117800;134;101;2012;
PR;4117800;134;110;2012;
PR;4117800;134;13;2012;
PR;4117800;134;21;2012;POINT(-52.2097013 -24.8871977)
PR;4117909;124;29;2012;
PR;4117909;124;37;2012;POINT(-53.8331901 -24.2990253)
PR;4117909;124;39;2012;POINT(-53.8537005 -24.2832596)
PR;4117909;124;86;2012;
PR;4118006;100;17;2012;
PR;4118006;100;20;2012;
PR;4118006;100;7;2012;
PR;4118105;91;27;2012;POINT(-52.1516262 -22.9332844)
PR;4118105;91;29;2012;POINT(-52.1516262 -22.9332844)
PR;4118105;91;48;2012;POINT(-52.1516262 -22.9332844)
PR;4118204;158;118;2012;
PR;4118204;158;126;2012;
PR;4118204;158;130;2012;
PR;4118204;158;134;2012;
PR;4118204;158;151;2012;POINT(-48.5331 -25.51556)
PR;4118204;158;168;2012;POINT(-48.54717 -25.54258)
PR;4118204;158;196;2012;
PR;4118204;158;199;2012;POINT(-48.54717 -25.54258)
PR;4118204;158;203;2012;
PR;4118204;158;208;2012;POINT(-48.54717 -25.54258)
PR;4118204;158;224;2012;POINT(-48.5507117 -25.5278736)
PR;4118204;158;228;2012;
PR;4118204;158;234;2012;
PR;4118204;158;240;2012;
PR;4118204;158;32;2012;
PR;4118204;158;39;2012;
PR;4118204;158;47;2012;POINT(-48.5354686 -25.515261)
PR;4118204;158;71;2012;
PR;4118204;5;110;2012;POINT(-48.50315 -25.52772)
PR;4118204;5;117;2012;
PR;4118204;5;118;2012;
PR;4118204;5;136;2012;POINT(-48.50315 -25.52772)
PR;4118204;5;139;2012;
PR;4118204;5;146;2012;
PR;4118204;5;15;2012;
PR;4118204;5;175;2012;
PR;4118204;5;177;2012;
PR;4118204;5;180;2012;
PR;4118204;5;190;2012;
PR;4118204;5;194;2012;
PR;4118204;5;205;2012;
PR;4118204;5;25;2012;
PR;4118204;5;29;2012;
PR;4118204;5;5;2012;
PR;4118204;5;6;2012;
PR;4118204;5;66;2012;
PR;4118204;5;78;2012;
PR;4118303;91;37;2012;POINT(-52.0822927 -22.6541746)
PR;4118402;138;105;2012;
PR;4118402;138;27;2012;POINT(-52.4513401 -23.080493)
PR;4118402;138;49;2012;POINT(-52.408586 -23.0742797)
PR;4118402;138;51;2012;POINT(-52.408586 -23.0742797)
PR;4118402;138;74;2012;POINT(-52.6054147 -23.0842575)
PR;4118402;72;2;2012;POINT(-52.4539561 -23.084552)
PR;4118402;72;47;2012;POINT(-52.4491197 -23.092073)
PR;4118402;72;5;2012;POINT(-52.4539561 -23.084552)
PR;4118402;72;62;2012;POINT(-52.4688444 -23.079443)
PR;4118451;121;107;2012;
PR;4118501;73;101;2012;
PR;4118501;73;118;2012;POINT(-52.69972 -26.06236)
PR;4118501;73;127;2012;POINT(-52.6679561 -26.2387571)
PR;4118501;73;135;2012;POINT(-52.67878 -26.25915)
PR;4118501;73;136;2012;POINT(-52.666286 -26.225298)
PR;4118501;73;139;2012;POINT(-52.6733025 -26.2353098)
PR;4118501;73;14;2012;
PR;4118501;73;142;2012;
PR;4118501;73;148;2012;POINT(-52.6881937 -26.2196)
PR;4118501;73;197;2012;POINT(-52.67878 -26.25915)
PR;4118501;73;20;2012;POINT(-52.66992 -26.24115)
PR;4118501;73;200;2012;
PR;4118501;73;211;2012;POINT(-52.702819 -26.241998)
PR;4118501;73;4;2012;POINT(-52.67661 -26.21601)
PR;4118501;73;55;2012;POINT(-52.67878 -26.25915)
PR;4118501;73;97;2012;POINT(-52.6835151 -26.2314026)
PR;4118600;33;10;2012;POINT(-50.90488167 -26.16661167)
PR;4118600;33;12;2012;POINT(-50.86554 -26.11684)
PR;4118600;33;138;2012;POINT(-50.76786 -26.15152167)
PR;4118709;37;31;2012;
PR;4118808;74;45;2012;
PR;4118808;74;87;2012;POINT(-52.34196 -23.91879)
PR;4118808;74;98;2012;POINT(-52.346831 -23.9100973)
PR;4118857;142;118;2012;POINT(-53.4090166 -23.8963224)
PR;4118907;135;23;2012;
PR;4118907;135;3;2012;POINT(-53.6794183 -23.8008271)
PR;4118907;135;32;2012;POINT(-53.68893 -23.80473)
PR;4119004;107;85;2012;
PR;4119103;11;14;2012;
PR;4119103;11;147;2012;
PR;4119103;11;20;2012;
PR;4119152;187;100;2012;POINT(-49.161846 -25.42892)
PR;4119152;187;103;2012;POINT(-49.161846 -25.42892)
PR;4119152;187;105;2012;POINT(-49.161846 -25.42892)
PR;4119152;187;110;2012;
PR;4119152;187;111;2012;POINT(-49.16357 -25.443019)
PR;4119152;187;116;2012;POINT(-49.16357 -25.443019)
PR;4119152;187;118;2012;POINT(-49.16357 -25.443019)
PR;4119152;187;139;2012;POINT(-49.176004 -25.4312001)
PR;4119152;187;142;2012;POINT(-49.176004 -25.4312001)
PR;4119152;187;159;2012;POINT(-49.1801309 -25.4024596)
PR;4119152;187;180;2012;POINT(-49.152 -25.41929)
PR;4119152;187;182;2012;POINT(-49.179901 -25.399453)
PR;4119152;187;184;2012;POINT(-49.179901 -25.399453)
PR;4119152;187;190;2012;POINT(-49.1801309 -25.4024596)
PR;4119152;187;194;2012;POINT(-49.1813306 -25.3998649)
PR;4119152;187;203;2012;POINT(-49.180996 -25.4176655)
PR;4119152;187;71;2012;POINT(-49.1837463 -25.441967)
PR;4119152;187;73;2012;POINT(-49.1837463 -25.441967)
PR;4119152;187;76;2012;POINT(-49.17353 -25.44142)
PR;4119152;187;80;2012;POINT(-49.17353 -25.44142)
PR;4119152;187;88;2012;POINT(-49.1735918 -25.4446796)
PR;4119152;188;118;2012;POINT(-49.1850692 -25.4502242)
PR;4119152;188;124;2012;
PR;4119152;188;138;2012;
PR;4119152;188;167;2012;POINT(-49.1918081 -25.4386227)
PR;4119152;188;221;2012;POINT(-49.1835056 -25.4007516)
PR;4119152;188;224;2012;POINT(-49.1835056 -25.4007516)
PR;4119152;188;259;2012;
PR;4119152;188;301;2012;POINT(-49.1831012 -25.4567388)
PR;4119152;188;326;2012;POINT(-49.1854875 -25.4571688)
PR;4119152;188;341;2012;
PR;4119152;188;353;2012;POINT(-49.1850692 -25.4502242)
PR;4119152;188;355;2012;POINT(-49.1918081 -25.4386227)
PR;4119301;160;106;2012;POINT(-51.655166 -25.6905323)
PR;4119301;160;118;2012;POINT(-51.65616 -25.690308)
PR;4119301;160;12;2012;POINT(-51.663895 -25.7010285)
PR;4119301;160;22;2012;
PR;4119301;160;4;2012;
PR;4119301;160;58;2012;POINT(-51.64798 -25.6978)
PR;4119301;160;62;2012;
PR;4119301;160;69;2012;
PR;4119301;160;85;2012;POINT(-51.655166 -25.6905323)
PR;4119400;27;22;2012;POINT(-49.9370764 -24.5337428)
PR;4119400;27;36;2012;
PR;4119400;27;48;2012;
PR;4119400;27;50;2012;
PR;4119400;27;8;2012;POINT(-49.93811021 -24.5355232)
PR;4119509;155;105;2012;POINT(-49.16444 -25.45611)
PR;4119509;155;143;2012;POINT(-49.10297 -25.45436)
PR;4119509;155;164;2012;POINT(-49.1569318 -25.4601663)
PR;4119509;155;217;2012;POINT(-49.10297 -25.45436)
PR;4119509;155;233;2012;POINT(-49.06107 -25.44308)
PR;4119509;155;237;2012;POINT(-49.16444 -25.45611)
PR;4119509;155;255;2012;POINT(-49.0848805 -25.467386)
PR;4119509;155;259;2012;POINT(-49.0498384 -25.4521428)
PR;4119509;155;262;2012;POINT(-49.16444 -25.45611)
PR;4119509;155;271;2012;POINT(-49.06548 -25.44589)
PR;4119509;155;31;2012;POINT(-49.06084 -25.44277)
PR;4119509;155;325;2012;POINT(-49.1569318 -25.4601663)
PR;4119509;155;331;2012;POINT(-49.0928981 -25.4372454)
PR;4119509;155;36;2012;POINT(-49.06084 -25.44277)
PR;4119509;155;374;2012;POINT(-49.0928981 -25.4372454)
PR;4119509;155;375;2012;
PR;4119509;155;392;2012;POINT(-49.0928981 -25.4372454)
PR;4119509;155;405;2012;POINT(-49.15028 -25.45389)
PR;4119509;155;407;2012;POINT(-49.10389 -25.44667)
PR;4119509;155;41;2012;POINT(-49.06107 -25.44308)
PR;4119509;155;413;2012;
PR;4119509;155;416;2012;POINT(-49.12973 -25.45945)
PR;4119509;155;423;2012;POINT(-49.15028 -25.45389)
PR;4119608;38;190;2012;
PR;4119608;38;197;2012;
PR;4119608;38;27;2012;
PR;4119608;38;281;2012;
PR;4119608;38;289;2012;
PR;4119608;38;53;2012;POINT(-51.7645351 -24.7593111)
PR;4119608;38;60;2012;POINT(-51.7619812 -24.7613069)
PR;4119608;38;66;2012;
PR;4119608;38;71;2012;
PR;4119608;38;73;2012;POINT(-51.7619812 -24.7613069)
PR;4119608;38;75;2012;
PR;4119657;59;56;2012;POINT(-51.5861652 -23.2345255)
PR;4119657;59;97;2012;POINT(-51.5861652 -23.2345255)
PR;4119707;94;1;2012;POINT(-52.9213273 -23.0239813)
PR;4119707;94;2;2012;POINT(-52.9213273 -23.0239813)
PR;4119806;107;141;2012;
PR;4119905;139;181;2012;
PR;4119905;139;191;2012;
PR;4119905;139;195;2012;POINT(-50.2043224 -25.0947572)
PR;4119905;139;199;2012;
PR;4119905;139;201;2012;
PR;4119905;139;212;2012;
PR;4119905;139;255;2012;POINT(-50.1727783 -25.0487655)
PR;4119905;139;263;2012;
PR;4119905;139;39;2012;
PR;4119905;139;45;2012;
PR;4119905;139;46;2012;
PR;4119905;139;48;2012;
PR;4119905;139;62;2012;POINT(-50.183473 -25.0735376)
PR;4119905;139;63;2012;
PR;4119905;139;94;2012;
PR;4119905;139;97;2012;
PR;4119905;14;100;2012;POINT(-50.15487 -25.10535)
PR;4119905;14;109;2012;POINT(-50.15487 -25.10535)
PR;4119905;14;120;2012;POINT(-50.1366796 -25.0917591)
PR;4119905;14;13;2012;POINT(-50.15968 -25.093)
PR;4119905;14;170;2012;POINT(-50.1434337 -25.090717)
PR;4119905;14;28;2012;POINT(-50.15968 -25.093)
PR;4119905;14;36;2012;
PR;4119905;14;54;2012;POINT(-50.14629 -25.1290691)
PR;4119905;14;63;2012;POINT(-50.1468333 -25.0985923)
PR;4119905;14;71;2012;POINT(-50.1435005 -25.120685)
PR;4119905;15;14;2012;
PR;4119905;15;140;2012;
PR;4119905;15;146;2012;POINT(-50.1832273 -25.0868232)
PR;4119905;15;15;2012;
PR;4119905;15;162;2012;
PR;4119905;15;28;2012;POINT(-50.1702611 -25.0866205)
PR;4119905;15;35;2012;POINT(-50.1660871 -25.1059559)
PR;4119905;15;37;2012;POINT(-50.1660871 -25.1059559)
PR;4119905;15;38;2012;POINT(-50.1660871 -25.1059559)
PR;4119905;15;43;2012;POINT(-50.15973 -25.09747)
PR;4119905;15;44;2012;POINT(-50.15973 -25.09747)
PR;4119905;15;51;2012;
PR;4119905;15;59;2012;POINT(-50.1560742 -25.1145)
PR;4119905;15;76;2012;POINT(-50.1619096 -25.0928555)
PR;4119905;197;105;2012;POINT(-50.15769 -25.07616)
PR;4119905;197;16;2012;POINT(-50.1545586 -25.0859666)
PR;4119905;197;47;2012;POINT(-50.1320915 -25.0747833)
PR;4119905;197;49;2012;POINT(-50.1284741 -25.0779244)
PR;4119905;197;54;2012;POINT(-50.179016 -25.078878)
PR;4119905;197;65;2012;
PR;4119905;197;75;2012;POINT(-50.1636348 -25.0697098)
PR;4119905;197;78;2012;
PR;4119905;197;79;2012;
PR;4119905;197;86;2012;POINT(-50.1284741 -25.0779244)
PR;4119905;197;99;2012;POINT(-50.15769 -25.07616)
PR;4119905;198;10;2012;POINT(-50.1162656 -25.0705902)
PR;4119905;198;118;2012;POINT(-50.1007457 -25.1065718)
PR;4119905;198;12;2012;POINT(-50.1162656 -25.0705902)
PR;4119905;198;126;2012;
PR;4119905;198;129;2012;
PR;4119905;198;130;2012;
PR;4119905;198;20;2012;
PR;4119905;198;39;2012;POINT(-50.1182655 -25.0921731)
PR;4119905;198;56;2012;
PR;4119905;198;58;2012;
PR;4119905;198;65;2012;
PR;4119905;198;8;2012;POINT(-50.102252 -25.083017)
PR;4119905;198;87;2012;
PR;4119905;198;98;2012;
PR;4119954;194;158;2012;
PR;4119954;194;179;2012;POINT(-48.4643609 -25.6703045)
PR;4119954;194;187;2012;POINT(-48.4259977 -25.6220653)
PR;4119954;194;49;2012;POINT(-48.4435071 -25.6582815)
PR;4119954;194;86;2012;POINT(-48.4435071 -25.6582815)
PR;4119954;194;92;2012;POINT(-48.4212905 -25.6238291)
PR;4120002;65;34;2012;POINT(-51.3802588 -22.7591582)
PR;4120002;65;56;2012;POINT(-51.3743687 -22.7578369)
PR;4120002;65;57;2012;POINT(-51.3743687 -22.7578369)
PR;4120002;65;67;2012;
PR;4120101;13;67;2012;
PR;4120150;45;56;2012;POINT(-52.4089862 -25.5490655)
PR;4120150;45;74;2012;
PR;4120200;85;123;2012;POINT(-53.268268 -22.782812)
PR;4120200;85;90;2012;
PR;4120309;153;175;2012;POINT(-51.2272234 -26.1597441)
PR;4120309;153;87;2012;POINT(-51.2272234 -26.1597441)
PR;4120333;65;30;2012;POINT(-51.4412485 -23.0395634)
PR;4120333;65;69;2012;POINT(-51.44078 -23.0430348)
PR;4120358;83;71;2012;POINT(-53.66206 -25.95124)
PR;4120358;83;78;2012;POINT(-53.74676 -26.01249)
PR;4120507;104;16;2012;
PR;4120507;104;17;2012;
PR;4120507;104;7;2012;POINT(-51.022942 -22.848737)
PR;4120606;30;115;2012;
PR;4120606;30;13;2012;
PR;4120606;30;135;2012;
PR;4120606;30;140;2012;
PR;4120606;30;21;2012;
PR;4120606;30;3;2012;
PR;4120606;30;32;2012;
PR;4120606;30;38;2012;
PR;4120606;30;39;2012;
PR;4120606;30;72;2012;
PR;4120655;92;61;2012;POINT(-53.07565 -24.28028)
PR;4120705;55;32;2012;POINT(-49.9167 -23.5693)
PR;4120705;55;35;2012;POINT(-49.9167 -23.5693)
PR;4120705;55;40;2012;
PR;4120903;163;35;2012;
PR;4120903;163;45;2012;
PR;4120903;163;82;2012;
PR;4120903;163;94;2012;
PR;4121000;85;103;2012;POINT(-53.48662 -23.08351)
PR;4121000;85;106;2012;POINT(-53.4840405 -23.088821)
PR;4121000;85;113;2012;POINT(-53.48662 -23.08351)
PR;4121000;85;120;2012;POINT(-53.4840405 -23.088821)
PR;4121000;85;47;2012;POINT(-53.48662 -23.08351)
PR;4121000;85;91;2012;POINT(-53.4840405 -23.088821)
PR;4121109;116;53;2012;
PR;4121109;116;57;2012;
PR;4121208;11;39;2012;
PR;4121208;11;41;2012;
PR;4121208;11;48;2012;
PR;4121208;11;50;2012;
PR;4121208;11;56;2012;
PR;4121307;84;25;2012;POINT(-50.9162295 -23.0689305)
PR;4121307;84;64;2012;POINT(-50.9162295 -23.0689305)
PR;4121356;92;135;2012;POINT(-52.9558258 -24.3064382)
PR;4121356;92;76;2012;POINT(-52.9558258 -24.3064382)
PR;4121356;92;77;2012;POINT(-52.9558258 -24.3064382)
PR;4121356;92;78;2012;POINT(-52.9558258 -24.3064382)
PR;4121406;130;150;2012;POINT(-53.5337497 -25.7724203)
PR;4121406;130;158;2012;POINT(-53.5337497 -25.7724203)
PR;4121406;130;35;2012;POINT(-53.534539 -25.774678)
PR;4121406;130;51;2012;POINT(-53.523376 -25.770575)
PR;4121406;130;60;2012;
PR;4121406;130;71;2012;
PR;4121505;62;1;2012;POINT(-50.69425536 -25.61962424)
PR;4121505;62;2;2012;POINT(-50.69425536 -25.61962424)
PR;4121505;62;23;2012;
PR;4121505;62;25;2012;POINT(-50.65077421 -25.68150619)
PR;4121505;62;29;2012;POINT(-50.67361 -25.62035)
PR;4121505;62;73;2012;
PR;4121604;140;123;2012;
PR;4121604;140;76;2012;POINT(-52.9693701 -26.1537002)
PR;4121604;140;85;2012;
PR;4121703;39;12;2012;POINT(-50.8484175 -24.6552803)
PR;4121703;39;18;2012;
PR;4121703;39;25;2012;POINT(-50.8204078 -24.4927977)
PR;4121703;39;45;2012;POINT(-50.8508917 -24.6502747)
PR;4121703;39;49;2012;
PR;4121703;39;52;2012;
PR;4121703;39;6;2012;POINT(-50.8552602 -24.6545617)
PR;4121703;39;69;2012;POINT(-50.8455732 -24.655526)
PR;4121703;39;70;2012;POINT(-50.8508917 -24.6502747)
PR;4121752;160;101;2012;
PR;4121752;160;104;2012;POINT(-52.0280515 -25.8393552)
PR;4121752;160;45;2012;
PR;4121802;23;3;2012;POINT(-49.7602068 -23.2006823)
PR;4121901;82;31;2012;POINT(-50.3551 -23.40659)
PR;4121901;82;42;2012;POINT(-50.354024 -23.405755)
PR;4121901;82;48;2012;POINT(-50.3545934 -23.4039539)
PR;4121901;82;49;2012;POINT(-50.3545934 -23.4039539)
PR;4122008;62;30;2012;
PR;4122008;62;31;2012;
PR;4122008;62;33;2012;
PR;4122008;62;45;2012;POINT(-50.86039468 -25.68622962)
PR;4122008;62;46;2012;POINT(-50.91653698 -25.60082603)
PR;4122008;62;48;2012;POINT(-50.78142829 -25.77315993)
PR;4122008;62;76;2012;POINT(-50.91653698 -25.60082603)
PR;4122008;62;83;2012;POINT(-50.91063566 -25.64531285)
PR;4122107;76;102;2012;POINT(-51.41018 -23.75974)
PR;4122107;76;69;2012;POINT(-51.4151964 -23.7643956)
PR;4122107;76;70;2012;POINT(-51.41018 -23.75974)
PR;4122107;76;83;2012;POINT(-51.41018 -23.75974)
PR;4122156;45;131;2012;
PR;4122156;45;207;2012;
PR;4122206;156;105;2012;POINT(-49.3137171 -25.1907552)
PR;4122206;156;109;2012;
PR;4122206;156;121;2012;POINT(-49.3116477 -25.1839148)
PR;4122206;156;128;2012;
PR;4122206;156;167;2012;
PR;4122206;156;191;2012;POINT(-49.3116477 -25.1839148)
PR;4122206;156;219;2012;POINT(-49.3156276 -25.1802616)
PR;4122206;156;220;2012;POINT(-49.3028 -25.1908)
PR;4122206;156;234;2012;POINT(-49.3156276 -25.1802616)
PR;4122305;11;110;2012;
PR;4122305;11;129;2012;
PR;4122305;11;162;2012;
PR;4122305;11;170;2012;POINT(-49.7798822 -26.0841896)
PR;4122305;11;70;2012;POINT(-49.7994378 -26.1033859)
PR;4122305;11;78;2012;POINT(-49.7933726 -26.1001432)
PR;4122305;11;94;2012;
PR;4122305;11;96;2012;POINT(-49.8015099 -26.0925616)
PR;4122305;11;97;2012;
PR;4122404;59;100;2012;POINT(-51.3897515 -23.3118667)
PR;4122404;59;112;2012;
PR;4122404;59;113;2012;
PR;4122404;59;114;2012;
PR;4122404;59;118;2012;
PR;4122404;59;119;2012;POINT(-51.3661204 -23.3163114)
PR;4122404;59;121;2012;
PR;4122404;59;122;2012;POINT(-51.3855794 -23.3315574)
PR;4122404;59;127;2012;POINT(-51.3855794 -23.3315574)
PR;4122404;59;135;2012;POINT(-51.392652 -23.332533)
PR;4122404;59;16;2012;POINT(-51.3615211 -23.3107453)
PR;4122404;59;29;2012;POINT(-51.3661204 -23.3163114)
PR;4122404;59;30;2012;POINT(-51.3661204 -23.3163114)
PR;4122404;59;34;2012;
PR;4122404;59;39;2012;
PR;4122404;59;5;2012;POINT(-51.3656451 -23.3118796)
PR;4122404;59;63;2012;
PR;4122404;59;64;2012;POINT(-51.3661204 -23.3163114)
PR;4122404;59;85;2012;POINT(-51.3656451 -23.3118796)
PR;4122404;59;87;2012;POINT(-51.3656451 -23.3118796)
PR;4122404;59;88;2012;POINT(-51.3656451 -23.3118796)
PR;4122503;141;118;2012;
PR;4122503;141;140;2012;
PR;4122503;141;192;2012;
PR;4122602;127;26;2012;POINT(-52.7722587 -23.4183363)
PR;4122602;127;27;2012;POINT(-52.7722587 -23.4183363)
PR;4122602;127;29;2012;POINT(-52.7768061 -23.412879)
PR;4122602;127;33;2012;POINT(-52.7753422 -23.4197896)
PR;4122602;127;36;2012;POINT(-52.7753422 -23.4197896)
PR;4122602;127;38;2012;POINT(-52.77481 -23.41888)
PR;4122602;127;40;2012;POINT(-52.77481 -23.41888)
PR;4122651;136;23;2012;POINT(-51.2464001 -24.2571803)
PR;4122651;136;28;2012;POINT(-51.2464001 -24.2571803)
PR;4122800;131;44;2012;
PR;4122800;131;64;2012;
PR;4122909;21;10;2012;POINT(-49.6276 -23.60271)
PR;4123006;162;102;2012;POINT(-53.3118198 -25.7845941)
PR;4123006;162;22;2012;
PR;4123006;162;28;2012;
PR;4123006;162;3;2012;POINT(-53.3118198 -25.7845941)
PR;4123006;162;7;2012;POINT(-53.3087108 -25.7795804)
PR;4123006;162;90;2012;
PR;4123006;162;95;2012;
PR;4123105;58;60;2012;POINT(-50.42585 -23.26659)
PR;4123204;63;3;2012;
PR;4123204;63;4;2012;
PR;4123204;63;8;2012;
PR;4123303;85;105;2012;POINT(-53.2912647 -22.9630915)
PR;4123303;85;64;2012;POINT(-53.2912647 -22.9630915)
PR;4123303;85;65;2012;POINT(-53.2912647 -22.9630915)
PR;4123303;85;68;2012;
PR;4123303;85;74;2012;
PR;4123303;85;79;2012;
PR;4123402;67;104;2012;POINT(-51.80189 -23.0351)
PR;4123501;129;12;2012;
PR;4123501;129;13;2012;
PR;4123501;129;2;2012;POINT(-54.3303101 -24.8591729)
PR;4123501;129;21;2012;
PR;4123501;129;24;2012;
PR;4123501;129;49;2012;
PR;4123501;129;6;2012;
PR;4123501;129;75;2012;POINT(-54.3303101 -24.8591729)
PR;4123501;129;83;2012;POINT(-54.3303101 -24.8591729)
PR;4123501;129;9;2012;POINT(-54.3359907 -24.8692682)
PR;4123501;129;91;2012;
PR;4123501;129;92;2012;
PR;4123600;95;65;2012;
PR;4123709;94;18;2012;POINT(-53.191109 -23.0057315)
PR;4123709;94;25;2012;POINT(-53.2781839 -23.1326326)
PR;4123709;94;28;2012;POINT(-53.2781839 -23.1326326)
PR;4123709;94;30;2012;POINT(-53.2781839 -23.1326326)
PR;4123808;130;87;2012;
PR;4123808;130;89;2012;
PR;4123824;165;31;2012;POINT(-53.56964 -25.40766)
PR;4123824;165;34;2012;POINT(-53.56964 -25.40766)
PR;4123824;165;37;2012;POINT(-53.56964 -25.40766)
PR;4123857;38;244;2012;
PR;4123857;38;265;2012;
PR;4123907;109;10;2012;
PR;4123907;109;2;2012;POINT(-50.51297315 -23.14802397)
PR;4123907;109;20;2012;
PR;4123907;109;29;2012;
PR;4123907;109;32;2012;
PR;4123956;94;36;2012;POINT(-53.09261 -23.17571)
PR;4124004;20;2;2012;
PR;4124004;20;87;2012;
PR;4124004;20;9;2012;
PR;4124020;68;305;2012;POINT(-53.619019 -25.0556993)
PR;4124020;68;311;2012;
PR;4124020;68;313;2012;
PR;4124020;68;314;2012;
PR;4124053;205;137;2012;POINT(-54.39463 -25.44655)
PR;4124053;205;167;2012;POINT(-54.415629 -25.444448)
PR;4124053;205;46;2012;POINT(-54.40072 -25.44147)
PR;4124053;205;56;2012;POINT(-54.3974876 -25.4387205)
PR;4124053;205;61;2012;POINT(-54.3974876 -25.4387205)
PR;4124053;205;63;2012;POINT(-54.403686 -25.44117)
PR;4124053;205;64;2012;POINT(-54.403686 -25.44117)
PR;4124053;205;69;2012;POINT(-54.39463 -25.44655)
PR;4124053;205;81;2012;POINT(-54.415629 -25.444448)
PR;4124053;205;92;2012;POINT(-54.40072 -25.44147)
PR;4124053;205;98;2012;POINT(-54.415629 -25.444448)
PR;4124103;22;19;2012;POINT(-50.07799 -23.29134)
PR;4124103;22;30;2012;POINT(-50.07799 -23.29134)
PR;4124103;22;34;2012;
PR;4124103;22;39;2012;
PR;4124103;22;54;2012;POINT(-50.080048 -23.2936068)
PR;4124103;22;6;2012;
PR;4124103;22;77;2012;POINT(-50.080048 -23.2936068)
PR;4124103;22;87;2012;
PR;4124103;22;89;2012;
PR;4124103;22;90;2012;
PR;4124103;22;94;2012;
PR;4124202;87;24;2012;POINT(-52.3437002 -22.734813)
PR;4124202;87;26;2012;POINT(-52.3437002 -22.734813)
PR;4124202;87;30;2012;POINT(-52.3437002 -22.734813)
PR;4124400;83;15;2012;POINT(-53.7280951 -26.0561954)
PR;4124509;95;71;2012;POINT(-51.79036 -22.69448)
PR;4124509;95;72;2012;POINT(-51.79036 -22.69448)
PR;4124509;95;73;2012;POINT(-51.79036 -22.69448)
PR;4124608;100;27;2012;POINT(-52.4703666 -23.3167017)
PR;4124707;63;20;2012;POINT(-50.740144 -23.724765)
PR;4124707;63;23;2012;POINT(-50.740144 -23.724765)
PR;4124707;63;24;2012;POINT(-50.740144 -23.724765)
PR;4124707;63;37;2012;
PR;4124806;103;102;2012;
PR;4124806;103;84;2012;POINT(-52.730111 -25.8270186)
PR;4124806;103;95;2012;
PR;4124905;87;58;2012;
PR;4125001;132;1;2012;POINT(-51.8173097 -23.9878026)
PR;4125001;132;14;2012;
PR;4125001;132;19;2012;POINT(-51.8180267 -23.9874384)
PR;4125001;132;29;2012;POINT(-51.8173097 -23.9878026)
PR;4125001;132;74;2012;POINT(-51.8173097 -23.9878026)
PR;4125100;52;19;2012;
PR;4125100;52;22;2012;
PR;4125100;52;29;2012;
PR;4125100;52;4;2012;
PR;4125100;52;5;2012;
PR;4125100;52;6;2012;
PR;4125209;115;128;2012;POINT(-52.918237 -25.7049065)
PR;4125209;115;137;2012;
PR;4125209;115;143;2012;
PR;4125209;115;152;2012;
PR;4125308;102;48;2012;
PR;4125357;123;62;2012;POINT(-53.883118 -23.7595423)
PR;4125357;123;72;2012;POINT(-53.883118 -23.7595423)
PR;4125407;20;21;2012;POINT(-49.65383 -23.91769)
PR;4125407;20;28;2012;
PR;4125456;129;68;2012;
PR;4125506;199;126;2012;
PR;4125506;199;148;2012;
PR;4125506;199;15;2012;
PR;4125506;199;152;2012;POINT(-49.1739365 -25.4936726)
PR;4125506;199;158;2012;POINT(-49.168356 -25.4806961)
PR;4125506;199;163;2012;
PR;4125506;199;169;2012;POINT(-49.148751 -25.484441)
PR;4125506;199;17;2012;
PR;4125506;199;170;2012;
PR;4125506;199;171;2012;POINT(-49.140949 -25.4918477)
PR;4125506;199;173;2012;POINT(-49.16707 -25.50291)
PR;4125506;199;186;2012;
PR;4125506;199;198;2012;
PR;4125506;199;37;2012;POINT(-49.1894416 -25.5087507)
PR;4125506;199;39;2012;
PR;4125506;199;4;2012;
PR;4125506;199;41;2012;
PR;4125506;199;45;2012;
PR;4125506;199;57;2012;POINT(-49.148751 -25.484441)
PR;4125506;199;58;2012;POINT(-49.148751 -25.484441)
PR;4125506;199;6;2012;
PR;4125506;199;72;2012;POINT(-49.1487216 -25.473076)
PR;4125506;200;1;2012;
PR;4125506;200;104;2012;POINT(-49.1680908 -25.6055429)
PR;4125506;200;107;2012;POINT(-49.1006432 -25.6632766)
PR;4125506;200;11;2012;POINT(-49.1772941 -25.5203472)
PR;4125506;200;119;2012;POINT(-49.1695314 -25.5204566)
PR;4125506;200;12;2012;POINT(-49.12639351 -25.59302985)
PR;4125506;200;15;2012;POINT(-49.1904072 -25.5390409)
PR;4125506;200;150;2012;POINT(-49.1878272 -25.5421242)
PR;4125506;200;155;2012;POINT(-49.16051062 -25.56379887)
PR;4125506;200;169;2012;POINT(-49.1680908 -25.6055429)
PR;4125506;200;173;2012;
PR;4125506;200;180;2012;POINT(-49.10199166 -25.69791909)
PR;4125506;200;19;2012;POINT(-49.1904072 -25.5390409)
PR;4125506;200;2;2012;
PR;4125506;200;41;2012;POINT(-49.1680908 -25.6055429)
PR;4125506;200;6;2012;POINT(-49.1695314 -25.5204566)
PR;4125506;200;71;2012;POINT(-49.20960554 -25.6119866)
PR;4125506;200;80;2012;POINT(-49.16815345 -25.54405421)
PR;4125506;200;93;2012;POINT(-49.1680908 -25.6055429)
PR;4125506;8;105;2012;POINT(-49.19616586 -25.54959734)
PR;4125506;8;107;2012;POINT(-49.19616586 -25.54959734)
PR;4125506;8;119;2012;POINT(-49.1943896 -25.515384)
PR;4125506;8;130;2012;POINT(-49.1991981 -25.5267063)
PR;4125506;8;131;2012;POINT(-49.1991981 -25.5267063)
PR;4125506;8;184;2012;
PR;4125506;8;195;2012;POINT(-49.20848418 -25.53940396)
PR;4125506;8;232;2012;
PR;4125506;8;234;2012;POINT(-49.2074632 -25.5338112)
PR;4125506;8;241;2012;POINT(-49.19616586 -25.54959734)
PR;4125506;8;244;2012;POINT(-49.1991981 -25.5267063)
PR;4125506;8;251;2012;POINT(-49.1934156 -25.5439374)
PR;4125506;8;276;2012;POINT(-49.1991981 -25.5267063)
PR;4125506;8;280;2012;POINT(-49.2085 -25.55591)
PR;4125506;8;53;2012;
PR;4125555;149;67;2012;POINT(-52.644938 -23.396975)
PR;4125605;12;1;2012;
PR;4125605;12;127;2012;POINT(-50.3787249 -25.8726313)
PR;4125605;12;129;2012;
PR;4125605;12;38;2012;
PR;4125605;12;4;2012;
PR;4125605;12;48;2012;
PR;4125605;12;55;2012;
PR;4125605;12;56;2012;
PR;4125605;12;65;2012;
PR;4125605;12;72;2012;
PR;4125605;12;8;2012;
PR;4125605;12;80;2012;POINT(-50.3890532 -25.895244)
PR;4125605;12;92;2012;
PR;4125605;12;97;2012;
PR;4125704;122;1;2012;POINT(-54.23832503 -25.34045719)
PR;4125704;122;46;2012;POINT(-54.15930177 -25.37083045)
PR;4125704;122;6;2012;POINT(-54.23832503 -25.34045719)
PR;4125704;122;70;2012;POINT(-54.2371299 -25.348226)
PR;4125704;122;78;2012;POINT(-54.2441133 -25.3454669)
PR;4125704;122;8;2012;POINT(-54.24290726 -25.34652845)
PR;4125704;122;82;2012;POINT(-54.2501912 -25.3564639)
PR;4125753;148;44;2012;POINT(-53.8578159 -24.9323047)
PR;4125753;148;48;2012;POINT(-53.8578159 -24.9323047)
PR;4125753;148;79;2012;
PR;4125803;70;87;2012;POINT(-51.85947 -23.86908)
PR;4125902;85;83;2012;POINT(-53.2235362 -22.8228204)
PR;4126009;35;57;2012;POINT(-50.758852 -23.462834)
PR;4126207;119;35;2012;
PR;4126207;119;78;2012;
PR;4126256;206;107;2012;POINT(-51.86988 -23.44737)
PR;4126256;206;111;2012;POINT(-51.8749598 -23.4202479)
PR;4126256;206;115;2012;POINT(-51.8788339 -23.4288621)
PR;4126256;206;141;2012;POINT(-51.87887 -23.42835)
PR;4126256;206;150;2012;
PR;4126256;206;152;2012;POINT(-51.8638296 -23.4511333)
PR;4126256;206;16;2012;POINT(-51.8716125 -23.4338201)
PR;4126256;206;164;2012;POINT(-51.8603646 -23.4314925)
PR;4126256;206;17;2012;POINT(-51.8716125 -23.4338201)
PR;4126256;206;19;2012;POINT(-51.8716125 -23.4338201)
PR;4126256;206;21;2012;POINT(-51.8716125 -23.4338201)
PR;4126256;206;52;2012;POINT(-51.87887 -23.42835)
PR;4126256;206;68;2012;POINT(-51.8717157 -23.4507648)
PR;4126256;206;75;2012;POINT(-51.8767053 -23.439473)
PR;4126256;206;86;2012;POINT(-51.8716125 -23.4338201)
PR;4126256;206;92;2012;POINT(-51.8788339 -23.4288621)
PR;4126306;54;25;2012;
PR;4126306;54;49;2012;
PR;4126306;54;9;2012;POINT(-49.472138 -24.1152749)
PR;4126355;114;60;2012;POINT(-54.041412 -25.410193)
PR;4126355;114;66;2012;POINT(-54.041412 -25.410193)
PR;4126355;114;72;2012;POINT(-54.041412 -25.410193)
PR;4126405;26;101;2012;
PR;4126405;26;106;2012;
PR;4126405;26;107;2012;POINT(-50.8171798 -23.0414735)
PR;4126405;26;98;2012;POINT(-50.815543 -23.0387107)
PR;4126504;40;29;2012;POINT(-51.0452752 -23.0575385)
PR;4126504;40;37;2012;POINT(-51.0341572 -23.0580651)
PR;4126504;40;4;2012;POINT(-51.0428733 -23.0574254)
PR;4126504;40;7;2012;POINT(-51.0428733 -23.0574254)
PR;4126603;21;15;2012;POINT(-49.8217916 -23.6837174)
PR;4126603;21;23;2012;POINT(-49.8313411 -23.688788)
PR;4126603;21;26;2012;POINT(-49.8313411 -23.688788)
PR;4126603;21;27;2012;POINT(-49.8313411 -23.688788)
PR;4126603;21;38;2012;
PR;4126603;21;41;2012;POINT(-49.6808214 -23.5574431)
PR;4126603;21;44;2012;
PR;4126603;21;47;2012;POINT(-49.8217916 -23.6837174)
PR;4126603;21;51;2012;POINT(-49.8313411 -23.688788)
PR;4126678;146;106;2012;POINT(-51.0985097 -23.7242485)
PR;4126678;146;121;2012;
PR;4126678;146;171;2012;POINT(-51.0985097 -23.7242485)
PR;4126678;146;172;2012;POINT(-51.0985097 -23.7242485)
PR;4126678;146;183;2012;
PR;4126702;138;66;2012;
PR;4126702;138;71;2012;
PR;4126801;86;150;2012;POINT(-52.8594796 -23.7289184)
PR;4126801;86;165;2012;POINT(-52.8671715 -23.7363774)
PR;4126801;86;167;2012;POINT(-52.8671715 -23.7363774)
PR;4126900;127;64;2012;
PR;4126900;127;74;2012;
PR;4126900;127;76;2012;
PR;4127007;53;27;2012;
PR;4127007;53;47;2012;POINT(-50.46259 -25.37651)
PR;4127106;111;111;2012;POINT(-50.6381437 -24.3222299)
PR;4127106;111;133;2012;POINT(-50.6325975 -24.331744)
PR;4127106;111;138;2012;POINT(-50.627693 -24.3305219)
PR;4127106;111;149;2012;
PR;4127106;111;150;2012;
PR;4127106;111;153;2012;
PR;4127106;111;162;2012;POINT(-50.6218323 -24.3312805)
PR;4127106;111;218;2012;
PR;4127106;111;225;2012;POINT(-50.6325975 -24.331744)
PR;4127106;111;236;2012;POINT(-50.6381437 -24.3222299)
PR;4127106;111;238;2012;
PR;4127106;111;243;2012;POINT(-50.6376553 -24.3225348)
PR;4127106;111;67;2012;POINT(-50.6162313 -24.3331271)
PR;4127106;111;70;2012;POINT(-50.620094 -24.32782)
PR;4127106;111;81;2012;POINT(-50.61733 -24.3293)
PR;4127106;111;86;2012;POINT(-50.6175277 -24.3274052)
PR;4127106;111;95;2012;
PR;4127205;173;22;2012;POINT(-52.4434128 -23.7712423)
PR;4127205;173;32;2012;POINT(-52.4597026 -23.7672381)
PR;4127205;173;8;2012;POINT(-52.4597026 -23.7672381)
PR;4127304;105;19;2012;POINT(-52.6246823 -22.7314467)
PR;4127304;105;2;2012;POINT(-52.6229552 -22.7235407)
PR;4127304;105;23;2012;POINT(-52.6246823 -22.7314467)
PR;4127304;105;29;2012;
PR;4127304;105;49;2012;POINT(-52.6164692 -22.7215048)
PR;4127304;105;7;2012;POINT(-52.6229552 -22.7235407)
PR;4127403;125;22;2012;
PR;4127403;125;33;2012;POINT(-54.0988429 -24.1661371)
PR;4127403;125;54;2012;
PR;4127403;125;59;2012;
PR;4127403;125;60;2012;
PR;4127403;125;8;2012;
PR;4127403;125;87;2012;POINT(-54.087638 -24.1752206)
PR;4127403;125;9;2012;
PR;4127502;17;12;2012;
PR;4127502;17;25;2012;POINT(-50.4120117 -24.5116872)
PR;4127502;17;43;2012;POINT(-50.4120117 -24.5116872)
PR;4127502;17;44;2012;
PR;4127502;17;46;2012;
PR;4127502;17;5;2012;
PR;4127502;17;63;2012;POINT(-50.4120117 -24.5116872)
PR;4127502;17;67;2012;POINT(-50.4032892 -24.5246227)
PR;4127601;199;101;2012;
PR;4127601;199;107;2012;
PR;4127601;199;181;2012;POINT(-49.178965 -25.926879)
PR;4127601;199;93;2012;POINT(-49.178965 -25.926879)
PR;4127700;148;103;2012;POINT(-53.7331039 -24.759962)
PR;4127700;148;108;2012;POINT(-53.7331039 -24.759962)
PR;4127700;148;115;2012;POINT(-53.748211 -24.764182)
PR;4127700;148;21;2012;POINT(-53.7444116 -24.7308965)
PR;4127700;148;5;2012;
PR;4127700;148;72;2012;
PR;4127700;148;8;2012;
PR;4127700;148;86;2012;POINT(-53.766596 -24.717198)
PR;4127700;201;102;2012;
PR;4127700;201;130;2012;
PR;4127700;201;19;2012;
PR;4127700;201;2;2012;POINT(-53.723943 -24.743477)
PR;4127700;201;25;2012;
PR;4127700;201;64;2012;POINT(-53.717391 -24.742358)
PR;4127700;201;67;2012;POINT(-53.717391 -24.742358)
PR;4127700;201;73;2012;
PR;4127700;201;74;2012;
PR;4127700;201;8;2012;POINT(-53.723943 -24.743477)
PR;4127700;201;83;2012;POINT(-53.717391 -24.742358)
PR;4127700;201;90;2012;POINT(-53.7186713 -24.7495577)
PR;4127700;201;99;2012;
PR;4127700;75;10;2012;POINT(-53.7472533 -24.7303994)
PR;4127700;75;143;2012;
PR;4127700;75;151;2012;POINT(-53.7527931 -24.7244836)
PR;4127700;75;153;2012;POINT(-53.7136145 -24.7241671)
PR;4127700;75;167;2012;POINT(-53.7527931 -24.7244836)
PR;4127700;75;181;2012;POINT(-53.747889 -24.708584)
PR;4127700;75;194;2012;POINT(-53.7574 -24.722609)
PR;4127700;75;30;2012;POINT(-53.7412373 -24.736052)
PR;4127700;75;37;2012;POINT(-53.7404172 -24.7168446)
PR;4127700;75;42;2012;POINT(-53.7404172 -24.7168446)
PR;4127700;75;51;2012;POINT(-53.7413695 -24.721686)
PR;4127700;75;54;2012;POINT(-53.7524825 -24.731511)
PR;4127700;75;60;2012;
PR;4127700;75;67;2012;
PR;4127809;19;54;2012;
PR;4127858;166;40;2012;POINT(-53.2904347 -25.5047083)
PR;4127858;166;60;2012;POINT(-53.1897284 -25.4211918)
PR;4127858;166;66;2012;POINT(-53.24083 -25.5383)
PR;4127858;166;94;2012;
PR;4127882;48;36;2012;
PR;4127882;48;63;2012;POINT(-49.0940838 -24.9778902)
PR;4127882;48;68;2012;POINT(-49.0940838 -24.9778902)
PR;4127908;86;187;2012;POINT(-52.8800028 -23.8719894)
PR;4127908;86;189;2012;POINT(-52.8800028 -23.8719894)
PR;4127908;86;191;2012;POINT(-52.8800028 -23.8719894)
PR;4127908;86;195;2012;POINT(-52.8800028 -23.8719894)
PR;4127957;113;97;2012;POINT(-53.51796 -24.58611)
PR;4127957;113;98;2012;POINT(-53.51796 -24.58611)
PR;4127957;113;99;2012;POINT(-53.51796 -24.58611)
PR;4127965;44;129;2012;
PR;4127965;44;143;2012;
PR;4127965;44;145;2012;
PR;4127965;44;217;2012;
PR;4127965;44;232;2012;
PR;4128005;98;100;2012;POINT(-52.98801 -24.53788)
PR;4128005;98;109;2012;
PR;4128005;98;110;2012;
PR;4128005;98;135;2012;POINT(-52.9881873 -24.5452149)
PR;4128005;98;136;2012;
PR;4128005;98;154;2012;POINT(-52.99609 -24.5402)
PR;4128005;98;68;2012;POINT(-52.9881873 -24.5452149)
PR;4128005;98;78;2012;POINT(-52.9938677 -24.5346537)
PR;4128005;98;83;2012;POINT(-52.9938677 -24.5346537)
PR;4128005;98;96;2012;
PR;4128104;202;13;2012;
PR;4128104;202;32;2012;POINT(-53.30018 -23.76726)
PR;4128104;202;37;2012;POINT(-53.28153 -23.78234)
PR;4128104;202;6;2012;POINT(-53.30185 -23.75196)
PR;4128104;202;61;2012;POINT(-53.301389 -23.756703)
PR;4128104;202;62;2012;POINT(-53.301389 -23.756703)
PR;4128104;202;76;2012;POINT(-53.3853244 -23.6158526)
PR;4128104;202;93;2012;
PR;4128104;202;99;2012;
PR;4128104;89;144;2012;
PR;4128104;89;2;2012;POINT(-53.32489 -23.77776)
PR;4128104;89;235;2012;POINT(-53.3267515 -23.7766007)
PR;4128104;89;242;2012;POINT(-53.3136544 -23.759333)
PR;4128104;89;246;2012;POINT(-53.3300399 -23.77015)
PR;4128104;89;27;2012;POINT(-53.3060583 -23.759775)
PR;4128104;89;31;2012;POINT(-53.3060583 -23.759775)
PR;4128104;89;76;2012;
PR;4128104;89;85;2012;POINT(-53.3166652 -23.7496627)
PR;4128104;89;87;2012;POINT(-53.3166652 -23.7496627)
PR;4128203;33;158;2012;POINT(-51.1198593 -26.2440276)
PR;4128203;33;162;2012;POINT(-51.0368104 -26.2280065)
PR;4128203;33;33;2012;
PR;4128203;33;40;2012;
PR;4128203;33;45;2012;POINT(-51.093814 -26.231751)
PR;4128203;33;52;2012;POINT(-51.08143167 -26.19925333)
PR;4128203;33;53;2012;POINT(-51.08143167 -26.19925333)
PR;4128203;33;56;2012;
PR;4128203;33;63;2012;POINT(-51.0912199 -26.2422392)
PR;4128203;33;64;2012;POINT(-51.0912199 -26.2422392)
PR;4128203;33;65;2012;POINT(-51.0912199 -26.2422392)
PR;4128203;33;74;2012;POINT(-51.06914167 -26.23211167)
PR;4128203;33;81;2012;POINT(-51.06914167 -26.23211167)
PR;4128203;33;89;2012;POINT(-51.0368104 -26.2280065)
PR;4128302;71;85;2012;POINT(-52.155649 -23.0828181)
PR;4128401;84;50;2012;POINT(-50.7944136 -23.2026241)
PR;4128401;84;51;2012;POINT(-50.7944136 -23.2026241)
PR;4128500;20;46;2012;
PR;4128500;20;55;2012;POINT(-49.8031601 -23.8781154)
PR;4128500;20;56;2012;POINT(-49.8031601 -23.8781154)
PR;4128534;17;35;2012;POINT(-50.2442 -24.24814)
PR;4128534;17;36;2012;POINT(-50.2442 -24.24814)
PR;4128559;118;87;2012;
PR;4128559;118;88;2012;
PR;4128609;115;171;2012;
PR;4128609;115;175;2012;
PR;4128609;115;179;2012;
PR;4128633;7;40;2012;POINT(-49.42278 -24.56996)
PR;4128633;7;77;2012;
PR;4128633;7;78;2012;POINT(-49.3234 -24.5669)
PR;4128658;203;134;2012;
PR;4128708;151;61;2012;
PR;4128708;151;62;2012;
PR;4128708;151;68;2012;
PR;4128708;151;74;2012;
PR;4100103;82;1;2010;POINT(-50.3129843 -23.3042477)
PR;4100103;82;6;2010;POINT(-50.3129843 -23.3042477)
PR;4100202;48;4;2010;
PR;4100301;144;2;2010;POINT(-49.33318 -25.98846)
PR;4100301;144;5;2010;POINT(-49.33318 -25.98846)
PR;4100400;171;102;2010;
PR;4100400;171;105;2010;
PR;4100400;171;121;2010;
PR;4100400;171;13;2010;
PR;4100400;171;131;2010;
PR;4100400;171;14;2010;
PR;4100400;171;148;2010;
PR;4100400;171;171;2010;
PR;4100400;171;172;2010;
PR;4100400;171;18;2010;POINT(-49.30075 -25.29225)
PR;4100400;171;180;2010;
PR;4100400;171;24;2010;
PR;4100400;171;31;2010;
PR;4100400;171;72;2010;
PR;4100400;171;97;2010;
PR;4100459;169;105;2010;POINT(-52.715952 -24.798984)
PR;4100459;169;83;2010;POINT(-52.715952 -24.798984)
PR;4100459;169;86;2010;POINT(-52.715952 -24.798984)
PR;4100509;123;1;2010;
PR;4100509;123;10;2010;
PR;4100509;123;17;2010;
PR;4100509;123;19;2010;
PR;4100509;123;2;2010;
PR;4100509;123;30;2010;
PR;4100509;123;35;2010;
PR;4100509;123;46;2010;
PR;4100509;123;5;2010;
PR;4100608;87;2;2010;POINT(-52.3172433 -23.1326688)
PR;4100608;87;52;2010;POINT(-52.3230737 -23.1304308)
PR;4100707;128;12;2010;
PR;4100707;128;23;2010;POINT(-53.43955 -24.02967)
PR;4100707;128;36;2010;
PR;4100707;128;7;2010;
PR;4100806;77;1;2010;POINT(-51.230598 -22.7828849)
PR;4100806;77;18;2010;POINT(-51.230598 -22.7828849)
PR;4100905;138;4;2010;POINT(-52.7871935 -23.0924088)
PR;4101002;130;151;2010;POINT(-53.474666 -25.9165595)
PR;4101002;130;22;2010;
PR;4101002;130;3;2010;POINT(-53.474666 -25.9165595)
PR;4101051;126;33;2010;POINT(-53.13372 -24.64264)
PR;4101051;126;36;2010;POINT(-53.13372 -24.64264)
PR;4101101;57;13;2010;
PR;4101101;57;21;2010;POINT(-50.266723 -22.966286)
PR;4101200;6;11;2010;
PR;4101200;6;16;2010;
PR;4101200;6;33;2010;
PR;4101200;6;66;2010;POINT(-48.6911302 -25.4529391)
PR;4101200;6;75;2010;POINT(-48.6911302 -25.4529391)
PR;4101309;12;102;2010;
PR;4101309;12;108;2010;
PR;4101309;12;115;2010;
PR;4101408;150;11;2010;
PR;4101408;179;1;2010;
PR;4101408;179;11;2010;
PR;4101408;179;18;2010;POINT(-51.4482 -23.56136)
PR;4101408;179;24;2010;
PR;4101408;179;27;2010;
PR;4101408;179;38;2010;POINT(-51.45021 -23.554811)
PR;4101408;179;39;2010;POINT(-51.45021 -23.554811)
PR;4101408;179;40;2010;POINT(-51.45021 -23.554811)
PR;4101408;179;55;2010;POINT(-51.4384919 -23.551369)
PR;4101408;179;56;2010;POINT(-51.4384919 -23.551369)
PR;4101408;179;57;2010;POINT(-51.4384919 -23.551369)
PR;4101408;179;58;2010;POINT(-51.4384919 -23.551369)
PR;4101408;179;67;2010;POINT(-51.4588 -23.52752)
PR;4101408;179;77;2010;
PR;4101408;179;81;2010;
PR;4101408;179;88;2010;POINT(-51.45021 -23.554811)
PR;4101408;179;89;2010;POINT(-51.45335 -23.53779)
PR;4101408;179;90;2010;POINT(-51.4384919 -23.551369)
PR;4101408;179;99;2010;
PR;4101408;28;109;2010;POINT(-51.46074 -23.55837)
PR;4101408;28;116;2010;POINT(-51.46074 -23.55837)
PR;4101408;28;128;2010;
PR;4101408;28;35;2010;POINT(-51.4679999 -23.5539422)
PR;4101408;28;50;2010;POINT(-51.46809 -23.55576)
PR;4101408;28;52;2010;POINT(-51.46809 -23.55576)
PR;4101507;180;103;2010;POINT(-51.4502694 -23.3920905)
PR;4101507;180;14;2010;POINT(-51.42969984 -23.4202779)
PR;4101507;180;16;2010;POINT(-51.42969984 -23.4202779)
PR;4101507;180;19;2010;POINT(-51.42969984 -23.4202779)
PR;4101507;180;21;2010;POINT(-51.433881 -23.414043)
PR;4101507;180;24;2010;POINT(-51.433881 -23.414043)
PR;4101507;180;30;2010;POINT(-51.433881 -23.414043)
PR;4101507;180;44;2010;POINT(-51.4449132 -23.4099334)
PR;4101507;180;82;2010;
PR;4101507;180;91;2010;POINT(-51.426567 -23.426694)
PR;4101507;180;94;2010;
PR;4101507;61;138;2010;POINT(-51.4295637 -23.3988738)
PR;4101507;61;16;2010;POINT(-51.4192279 -23.3940309)
PR;4101507;61;168;2010;POINT(-51.42411799 -23.40458413)
PR;4101507;61;169;2010;POINT(-51.4252322 -23.41816415)
PR;4101507;61;179;2010;POINT(-51.419226 -23.396344)
PR;4101507;61;62;2010;POINT(-51.4403566 -23.4031157)
PR;4101507;61;63;2010;POINT(-51.4403566 -23.4031157)
PR;4101507;61;64;2010;POINT(-51.445694 -23.4022995)
PR;4101507;61;7;2010;POINT(-51.4403566 -23.4031157)
PR;4101507;61;70;2010;POINT(-51.430453 -23.3969164)
PR;4101606;164;4;2010;POINT(-49.82630658 -24.14696696)
PR;4101606;164;42;2010;POINT(-49.82630658 -24.14696696)
PR;4101606;164;45;2010;POINT(-49.82549009 -24.14731952)
PR;4101705;74;11;2010;POINT(-52.4914815 -23.9286497)
PR;4101705;74;4;2010;
PR;4101705;74;93;2010;POINT(-52.4914815 -23.9286497)
PR;4101804;50;10;2010;POINT(-49.402885 -25.595519)
PR;4101804;50;117;2010;
PR;4101804;50;13;2010;POINT(-49.3991528 -25.5893685)
PR;4101804;50;161;2010;POINT(-49.3717374 -25.6034202)
PR;4101804;50;166;2010;POINT(-49.3943797 -25.5524251)
PR;4101804;50;179;2010;
PR;4101804;50;184;2010;POINT(-49.3863665 -25.5880128)
PR;4101804;50;188;2010;
PR;4101804;50;196;2010;POINT(-49.3717374 -25.6034202)
PR;4101804;50;2;2010;
PR;4101804;50;26;2010;POINT(-49.390116 -25.595828)
PR;4101804;50;33;2010;
PR;4101804;50;37;2010;POINT(-49.406626 -25.576786)
PR;4101804;50;43;2010;POINT(-49.406626 -25.576786)
PR;4101804;50;44;2010;POINT(-49.406626 -25.576786)
PR;4101804;50;45;2010;POINT(-49.3867079 -25.6102258)
PR;4101804;50;61;2010;POINT(-49.354949 -25.5480866)
PR;4101804;50;67;2010;POINT(-49.3628624 -25.5317859)
PR;4101804;50;71;2010;
PR;4101804;50;94;2010;POINT(-49.3867079 -25.6102258)
PR;4101853;152;109;2010;
PR;4101903;35;10;2010;POINT(-50.8410253 -23.3795786)
PR;4101903;35;18;2010;
PR;4101903;35;23;2010;POINT(-50.8410253 -23.3795786)
PR;4101903;35;38;2010;POINT(-50.8470416 -23.3664593)
PR;4101903;35;39;2010;POINT(-50.8470416 -23.3664593)
PR;4101903;35;44;2010;
PR;4101903;35;7;2010;POINT(-50.8410253 -23.3795786)
PR;4101903;35;80;2010;POINT(-50.8410253 -23.3795786)
PR;4101903;35;85;2010;POINT(-50.8470416 -23.3664593)
PR;4102000;113;110;2010;POINT(-53.5164096 -24.3959574)
PR;4102000;113;112;2010;POINT(-53.51102 -24.40391)
PR;4102000;113;116;2010;POINT(-53.5120383 -24.4029249)
PR;4102000;113;12;2010;
PR;4102000;113;27;2010;POINT(-53.51102 -24.40391)
PR;4102000;113;28;2010;POINT(-53.51102 -24.40391)
PR;4102000;113;48;2010;POINT(-53.5146785 -24.3861964)
PR;4102000;113;61;2010;
PR;4102109;67;10;2010;POINT(-51.6692179 -23.2390535)
PR;4102109;67;11;2010;POINT(-51.6654634 -23.2370395)
PR;4102109;67;111;2010;
PR;4102109;67;12;2010;POINT(-51.6654634 -23.2370395)
PR;4102109;67;121;2010;POINT(-51.7645 -23.28603)
PR;4102109;67;128;2010;
PR;4102109;67;2;2010;POINT(-51.6692179 -23.2390535)
PR;4102109;67;45;2010;POINT(-51.67785 -23.17531)
PR;4102109;67;6;2010;POINT(-51.6692179 -23.2390535)
PR;4102109;67;7;2010;POINT(-51.6692179 -23.2390535)
PR;4102208;71;8;2010;POINT(-52.0510495 -23.1507931)
PR;4102307;182;1;2010;
PR;4102307;182;7;2010;
PR;4102406;58;23;2010;
PR;4102406;58;44;2010;POINT(-50.3683378 -23.1117591)
PR;4102406;58;6;2010;POINT(-50.3700816 -23.1059023)
PR;4102406;58;73;2010;POINT(-50.3700816 -23.1059023)
PR;4102406;58;82;2010;
PR;4102406;58;88;2010;
PR;4102406;58;97;2010;POINT(-50.3726509 -23.1227553)
PR;4102505;133;15;2010;POINT(-52.0056503 -24.0291864)
PR;4102505;133;17;2010;POINT(-52.01283 -24.03147)
PR;4102505;133;42;2010;POINT(-52.220276 -24.1820239)
PR;4102505;133;44;2010;POINT(-51.9996015 -24.0321803)
PR;4102505;133;48;2010;POINT(-51.9996015 -24.0321803)
PR;4102505;133;54;2010;
PR;4102505;133;6;2010;POINT(-52.011932 -24.02401)
PR;4102505;133;7;2010;POINT(-52.0056503 -24.0291864)
PR;4102505;133;9;2010;POINT(-52.0056503 -24.0291864)
PR;4102604;131;1;2010;
PR;4102752;107;72;2010;POINT(-53.66581 -25.88195)
PR;4102752;107;89;2010;
PR;4102802;77;28;2010;POINT(-51.1901531 -22.9992144)
PR;4102901;153;118;2010;
PR;4102901;153;16;2010;
PR;4102901;153;17;2010;
PR;4102901;153;6;2010;POINT(-51.55303 -26.1651162)
PR;4103040;38;22;2010;POINT(-51.5436505 -24.8825921)
PR;4103057;165;54;2010;POINT(-53.406518 -25.440779)
PR;4103057;165;62;2010;POINT(-53.41016 -25.3793)
PR;4103107;48;57;2010;POINT(-49.11548 -25.2068)
PR;4103206;70;1;2010;POINT(-51.76796 -23.71312)
PR;4103206;70;5;2010;POINT(-51.76796 -23.71312)
PR;4103222;73;170;2010;
PR;4103222;73;26;2010;POINT(-52.8343 -26.07336)
PR;4103222;73;29;2010;POINT(-52.8343 -26.07336)
PR;4103305;110;1;2010;POINT(-51.59021 -23.93837)
PR;4103305;110;13;2010;POINT(-51.59269 -23.93788)
PR;4103305;110;26;2010;POINT(-51.5855142 -23.9400609)
PR;4103305;110;7;2010;POINT(-51.59269 -23.93788)
PR;4103305;110;87;2010;
PR;4103354;126;63;2010;
PR;4103370;128;27;2010;POINT(-53.5261969 -24.2007967)
PR;4103370;128;31;2010;POINT(-53.5254567 -24.1980712)
PR;4103404;159;1;2010;POINT(-51.7136564 -22.7894567)
PR;4103453;126;106;2010;
PR;4103453;126;76;2010;
PR;4103479;97;29;2010;POINT(-53.51723 -23.90331)
PR;4103479;97;31;2010;POINT(-53.51723 -23.90331)
PR;4103479;97;38;2010;
PR;4103503;76;112;2010;
PR;4103503;76;50;2010;POINT(-51.35505 -23.66818)
PR;4103503;76;54;2010;POINT(-51.35505 -23.66818)
PR;4103602;25;1;2010;POINT(-50.0755524 -23.04307)
PR;4103602;25;27;2010;POINT(-50.0724643 -23.0482404)
PR;4103602;25;28;2010;POINT(-50.0724643 -23.0482404)
PR;4103602;25;39;2010;
PR;4103602;25;41;2010;
PR;4103602;25;51;2010;
PR;4103602;25;53;2010;
PR;4103602;25;9;2010;POINT(-50.0755524 -23.04307)
PR;4103701;181;100;2010;
PR;4103701;181;102;2010;POINT(-51.235961 -23.3033259)
PR;4103701;181;107;2010;POINT(-51.25753 -23.26882)
PR;4103701;181;110;2010;
PR;4103701;181;15;2010;POINT(-51.21624 -23.3069)
PR;4103701;181;24;2010;POINT(-51.21881 -23.31163)
PR;4103701;181;3;2010;POINT(-51.26602 -23.27645)
PR;4103701;181;34;2010;POINT(-51.24368 -23.29029)
PR;4103701;181;37;2010;POINT(-51.24368 -23.29029)
PR;4103701;181;67;2010;POINT(-51.23685 -23.28995)
PR;4103701;181;72;2010;POINT(-51.23023 -23.30675)
PR;4103701;181;86;2010;POINT(-51.2232789 -23.3119286)
PR;4103701;181;87;2010;POINT(-51.25407 -23.27339)
PR;4103701;78;105;2010;POINT(-51.27831949 -23.27740568)
PR;4103701;78;107;2010;POINT(-51.27831949 -23.27740568)
PR;4103701;78;108;2010;POINT(-51.27831949 -23.27740568)
PR;4103701;78;133;2010;
PR;4103701;78;134;2010;POINT(-51.2845818 -23.2749217)
PR;4103701;78;135;2010;POINT(-51.26763 -23.28274)
PR;4103701;78;140;2010;POINT(-51.26763 -23.28274)
PR;4103701;78;16;2010;POINT(-51.27831949 -23.27740568)
PR;4103701;78;20;2010;POINT(-51.2845818 -23.2749217)
PR;4103701;78;24;2010;POINT(-51.2845818 -23.2749217)
PR;4103701;78;31;2010;
PR;4103701;78;32;2010;
PR;4103701;78;36;2010;
PR;4103701;78;46;2010;POINT(-51.26763 -23.28274)
PR;4103800;150;36;2010;POINT(-51.5804 -23.60205)
PR;4103800;150;39;2010;POINT(-51.57697 -23.59832)
PR;4103800;150;58;2010;POINT(-51.57697 -23.59832)
PR;4103909;169;1;2010;POINT(-52.79896 -24.5909)
PR;4103909;169;12;2010;POINT(-52.79896 -24.5909)
PR;4103909;169;15;2010;POINT(-52.79896 -24.5909)
PR;4103909;169;25;2010;POINT(-52.8063221 -24.5915864)
PR;4103909;169;26;2010;POINT(-52.8063221 -24.5915864)
PR;4103909;169;27;2010;POINT(-52.8063221 -24.5915864)
PR;4103909;169;34;2010;POINT(-52.8063221 -24.5915864)
PR;4103909;169;36;2010;POINT(-52.7998514 -24.594251)
PR;4103909;169;37;2010;POINT(-52.7998514 -24.594251)
PR;4103909;169;5;2010;POINT(-52.79896 -24.5909)
PR;4103958;44;76;2010;
PR;4104006;195;112;2010;
PR;4104006;195;113;2010;POINT(-49.0830648 -25.3459682)
PR;4104006;195;122;2010;POINT(-49.0995363 -25.362218)
PR;4104006;195;15;2010;
PR;4104006;195;32;2010;
PR;4104006;195;38;2010;
PR;4104006;195;77;2010;
PR;4104006;195;80;2010;POINT(-49.1091248 -25.35668)
PR;4104006;195;88;2010;POINT(-49.05418 -25.30411)
PR;4104105;11;2;2010;
PR;4104105;11;3;2010;
PR;4104204;182;104;2010;
PR;4104204;182;30;2010;
PR;4104204;182;67;2010;
PR;4104204;182;68;2010;
PR;4104204;182;93;2010;
PR;4104204;182;94;2010;POINT(-49.3890007 -25.4550974)
PR;4104204;9;156;2010;
PR;4104204;9;173;2010;POINT(-49.527086 -25.454418)
PR;4104204;9;181;2010;
PR;4104204;9;191;2010;POINT(-49.5655134 -25.4545031)
PR;4104204;9;192;2010;
PR;4104204;9;207;2010;
PR;4104204;9;210;2010;
PR;4104204;9;213;2010;
PR;4104204;9;39;2010;POINT(-49.527086 -25.454418)
PR;4104204;9;40;2010;POINT(-49.527086 -25.454418)
PR;4104204;9;44;2010;POINT(-49.527086 -25.454418)
PR;4104204;9;49;2010;POINT(-49.531512 -25.467133)
PR;4104204;9;59;2010;
PR;4104204;9;60;2010;
PR;4104204;9;67;2010;
PR;4104204;9;69;2010;
PR;4104204;9;72;2010;
PR;4104204;9;84;2010;POINT(-49.57277 -25.467)
PR;4104253;171;56;2010;POINT(-49.42604363 -25.3701275)
PR;4104253;171;57;2010;POINT(-49.42604363 -25.3701275)
PR;4104253;171;79;2010;
PR;4104253;171;85;2010;POINT(-49.4384695 -25.28011599)
PR;4104303;183;133;2010;POINT(-52.403388 -24.049387)
PR;4104303;183;138;2010;POINT(-52.3511833 -24.0073446)
PR;4104303;183;19;2010;POINT(-52.3702914 -24.0236521)
PR;4104303;183;22;2010;POINT(-52.3702914 -24.0236521)
PR;4104303;183;28;2010;POINT(-52.3904921 -24.0369771)
PR;4104303;183;29;2010;
PR;4104303;183;37;2010;POINT(-52.403388 -24.049387)
PR;4104303;183;4;2010;POINT(-52.4088655 -24.0508891)
PR;4104303;183;47;2010;POINT(-52.41001 -24.05584)
PR;4104303;183;5;2010;POINT(-52.4088655 -24.0508891)
PR;4104303;183;6;2010;POINT(-52.4088655 -24.0508891)
PR;4104303;183;68;2010;POINT(-52.3631258 -23.9977209)
PR;4104303;183;69;2010;POINT(-52.4088655 -24.0508891)
PR;4104303;183;72;2010;POINT(-52.3511833 -24.0073446)
PR;4104303;183;81;2010;POINT(-52.41931 -24.05539)
PR;4104303;183;83;2010;POINT(-52.3771317 -24.0177851)
PR;4104303;31;16;2010;
PR;4104303;31;17;2010;
PR;4104303;31;195;2010;
PR;4104303;31;196;2010;
PR;4104303;31;32;2010;POINT(-52.3703839 -24.0327293)
PR;4104303;31;50;2010;
PR;4104303;31;69;2010;
PR;4104402;106;1;2010;POINT(-51.34437 -24.57331)
PR;4104402;106;10;2010;
PR;4104402;106;13;2010;
PR;4104402;106;17;2010;
PR;4104402;106;28;2010;
PR;4104402;106;36;2010;
PR;4104402;106;41;2010;POINT(-51.13937 -24.83327)
PR;4104402;106;54;2010;
PR;4104402;106;58;2010;POINT(-51.34437 -24.57331)
PR;4104402;106;59;2010;
PR;4104428;44;227;2010;
PR;4104428;44;320;2010;
PR;4104428;44;34;2010;
PR;4104428;44;52;2010;
PR;4104428;44;54;2010;
PR;4104428;44;65;2010;
PR;4104428;44;69;2010;
PR;4104451;203;158;2010;POINT(-52.12536 -25.37364)
PR;4104451;203;167;2010;
PR;4104451;203;170;2010;POINT(-52.15524 -25.41564)
PR;4104451;203;174;2010;
PR;4104451;203;177;2010;POINT(-52.1199154 -25.3770612)
PR;4104501;107;36;2010;
PR;4104501;107;37;2010;
PR;4104501;107;45;2010;
PR;4104501;107;52;2010;
PR;4104600;165;10;2010;
PR;4104600;165;14;2010;
PR;4104600;165;24;2010;
PR;4104659;16;153;2010;
PR;4104659;16;158;2010;
PR;4104659;16;166;2010;POINT(-50.12799 -24.9449)
PR;4104659;16;167;2010;
PR;4104659;16;3;2010;POINT(-50.12799 -24.9449)
PR;4104659;16;37;2010;
PR;4104709;56;14;2010;POINT(-49.7267848 -23.4317179)
PR;4104709;56;18;2010;POINT(-49.7267848 -23.4317179)
PR;4104709;56;31;2010;POINT(-49.7153363 -23.420887)
PR;4104709;56;9;2010;POINT(-49.72065 -23.4263)
PR;4104808;143;117;2010;
PR;4104808;143;119;2010;
PR;4104808;143;131;2010;POINT(-53.4636832 -24.9601027)
PR;4104808;143;136;2010;
PR;4104808;143;140;2010;
PR;4104808;143;164;2010;
PR;4104808;143;184;2010;POINT(-53.4731329 -24.9574103)
PR;4104808;143;263;2010;
PR;4104808;143;268;2010;
PR;4104808;143;286;2010;
PR;4104808;143;296;2010;
PR;4104808;143;299;2010;
PR;4104808;143;302;2010;
PR;4104808;143;54;2010;
PR;4104808;143;56;2010;
PR;4104808;143;92;2010;
PR;4104808;143;93;2010;
PR;4104808;184;106;2010;
PR;4104808;184;113;2010;POINT(-53.443 -24.99078)
PR;4104808;184;118;2010;POINT(-53.4036535 -24.9367031)
PR;4104808;184;134;2010;POINT(-53.4209518 -24.9698963)
PR;4104808;184;142;2010;POINT(-53.43934 -24.92884)
PR;4104808;184;15;2010;
PR;4104808;184;150;2010;
PR;4104808;184;67;2010;
PR;4104808;184;69;2010;POINT(-53.4366162 -24.9536458)
PR;4104808;184;72;2010;POINT(-53.4490919 -24.9880535)
PR;4104808;184;74;2010;POINT(-53.4490919 -24.9880535)
PR;4104808;184;81;2010;POINT(-53.4507473 -24.9570014)
PR;4104808;184;87;2010;
PR;4104808;184;88;2010;
PR;4104808;184;94;2010;
PR;4104808;184;95;2010;
PR;4104808;185;11;2010;
PR;4104808;185;130;2010;
PR;4104808;185;133;2010;POINT(-53.42493 -24.93028)
PR;4104808;185;18;2010;
PR;4104808;185;24;2010;
PR;4104808;185;31;2010;
PR;4104808;185;35;2010;POINT(-53.4251645 -24.9387608)
PR;4104808;185;62;2010;POINT(-53.4339887 -24.9405883)
PR;4104808;185;66;2010;POINT(-53.4339887 -24.9405883)
PR;4104808;185;73;2010;
PR;4104808;185;79;2010;POINT(-53.42493 -24.93028)
PR;4104808;185;80;2010;
PR;4104808;185;93;2010;POINT(-53.42493 -24.93028)
PR;4104808;185;95;2010;
PR;4104808;185;96;2010;
PR;4104808;185;97;2010;
PR;4104808;68;104;2010;
PR;4104808;68;123;2010;POINT(-53.4556167 -24.9541314)
PR;4104808;68;161;2010;POINT(-53.4556167 -24.9541314)
PR;4104808;68;174;2010;
PR;4104808;68;261;2010;
PR;4104808;68;265;2010;
PR;4104808;68;27;2010;
PR;4104808;68;295;2010;
PR;4104808;68;352;2010;POINT(-53.4830682 -24.9638055)
PR;4104808;68;358;2010;
PR;4104808;68;365;2010;POINT(-53.421281 -24.923917)
PR;4104808;68;367;2010;POINT(-53.4351204 -24.9200835)
PR;4104808;68;38;2010;
PR;4104808;68;381;2010;
PR;4104808;68;383;2010;POINT(-53.4833109 -24.9466555)
PR;4104808;68;390;2010;
PR;4104808;68;392;2010;POINT(-53.4899826 -24.9454441)
PR;4104808;68;396;2010;
PR;4104808;68;398;2010;POINT(-53.4899826 -24.9454441)
PR;4104808;68;405;2010;POINT(-53.4899826 -24.9454441)
PR;4104808;68;83;2010;
PR;4104808;68;84;2010;
PR;4104808;68;99;2010;POINT(-53.4830682 -24.9638055)
PR;4104907;16;102;2010;POINT(-49.9896336 -24.8027216)
PR;4104907;16;118;2010;
PR;4104907;16;124;2010;POINT(-49.9940399 -24.7873981)
PR;4104907;16;148;2010;POINT(-49.9984108 -24.8100701)
PR;4104907;16;16;2010;POINT(-50.0129727 -24.7933827)
PR;4104907;16;168;2010;POINT(-50.0116007 -24.787925)
PR;4104907;16;175;2010;POINT(-49.9984108 -24.8100701)
PR;4104907;16;18;2010;POINT(-50.0129727 -24.7933827)
PR;4104907;16;52;2010;
PR;4104907;16;53;2010;POINT(-50.009496 -24.779153)
PR;4104907;16;58;2010;POINT(-50.009496 -24.779153)
PR;4104907;16;75;2010;
PR;4104907;16;78;2010;
PR;4104907;16;88;2010;
PR;4105003;166;13;2010;
PR;4105003;166;33;2010;
PR;4105102;159;11;2010;POINT(-51.5936115 -22.8200962)
PR;4105102;159;22;2010;POINT(-51.5965533 -22.8214991)
PR;4105102;159;23;2010;POINT(-51.5965533 -22.8214991)
PR;4105102;159;46;2010;POINT(-51.5936115 -22.8200962)
PR;4105102;159;51;2010;POINT(-51.5936115 -22.8200962)
PR;4105201;7;22;2010;
PR;4105201;7;48;2010;POINT(-49.3042 -24.9585)
PR;4105201;7;56;2010;POINT(-49.263905 -24.8255277)
PR;4105201;7;68;2010;POINT(-49.263905 -24.8255277)
PR;4105201;7;81;2010;
PR;4105300;118;61;2010;POINT(-53.8478132 -25.1462194)
PR;4105300;118;63;2010;POINT(-53.8512823 -25.156684)
PR;4105409;103;13;2010;
PR;4105409;103;183;2010;
PR;4105409;103;187;2010;
PR;4105409;103;39;2010;
PR;4105409;103;58;2010;
PR;4105409;103;67;2010;
PR;4105508;88;113;2010;POINT(-52.6113079 -23.669565)
PR;4105508;88;120;2010;POINT(-52.6323589 -23.681603)
PR;4105508;88;129;2010;
PR;4105508;88;141;2010;
PR;4105508;88;19;2010;POINT(-52.6105897 -23.6468529)
PR;4105508;88;30;2010;POINT(-52.5977088 -23.6597193)
PR;4105508;88;31;2010;POINT(-52.5977088 -23.6597193)
PR;4105508;88;37;2010;POINT(-52.5977088 -23.6597193)
PR;4105508;88;41;2010;
PR;4105508;88;60;2010;
PR;4105508;88;63;2010;
PR;4105508;88;73;2010;
PR;4105508;88;99;2010;POINT(-52.6105897 -23.6468529)
PR;4105607;127;1;2010;POINT(-52.9456041 -23.3792457)
PR;4105607;127;13;2010;POINT(-52.9402324 -23.3877276)
PR;4105706;47;1;2010;POINT(-52.358003 -26.4082947)
PR;4105706;47;14;2010;POINT(-52.3552512 -26.4021288)
PR;4105706;47;15;2010;
PR;4105706;47;23;2010;POINT(-52.34721 -26.40218)
PR;4105706;47;34;2010;
PR;4105706;47;4;2010;POINT(-52.358003 -26.4082947)
PR;4105706;47;8;2010;POINT(-52.358003 -26.4082947)
PR;4105805;186;10;2010;POINT(-49.1933354 -25.3681867)
PR;4105805;186;106;2010;
PR;4105805;186;109;2010;POINT(-49.1806459 -25.3893842)
PR;4105805;186;112;2010;POINT(-49.175947 -25.3473531)
PR;4105805;186;113;2010;POINT(-49.1901168 -25.3834929)
PR;4105805;186;12;2010;POINT(-49.1933354 -25.3681867)
PR;4105805;186;137;2010;POINT(-49.179164 -25.372321)
PR;4105805;186;139;2010;
PR;4105805;186;143;2010;POINT(-49.1933354 -25.3681867)
PR;4105805;186;144;2010;
PR;4105805;186;159;2010;POINT(-49.1679843 -25.3399124)
PR;4105805;186;168;2010;POINT(-49.1933354 -25.3681867)
PR;4105805;186;17;2010;POINT(-49.1358677 -25.354959)
PR;4105805;186;191;2010;POINT(-49.14478 -25.37666)
PR;4105805;186;201;2010;POINT(-49.1578571 -25.3853996)
PR;4105805;186;209;2010;POINT(-49.1894512 -25.3684046)
PR;4105805;186;213;2010;POINT(-49.1679843 -25.3399124)
PR;4105805;186;215;2010;POINT(-49.179636 -25.3661472)
PR;4105805;186;227;2010;POINT(-49.1894512 -25.3684046)
PR;4105805;186;26;2010;POINT(-49.16530218 -25.35334976)
PR;4105805;186;34;2010;POINT(-49.20153 -25.3738355)
PR;4105805;186;44;2010;POINT(-49.1894512 -25.3684046)
PR;4105805;186;48;2010;POINT(-49.1894512 -25.3684046)
PR;4105805;186;5;2010;POINT(-49.19208 -25.35631)
PR;4105805;186;59;2010;POINT(-49.1861928 -25.3613441)
PR;4105805;186;61;2010;POINT(-49.1861928 -25.3613441)
PR;4105805;186;64;2010;POINT(-49.1783481 -25.3719228)
PR;4105805;186;88;2010;
PR;4105805;186;94;2010;POINT(-49.1806459 -25.3893842)
PR;4105805;186;99;2010;
PR;4105805;49;112;2010;POINT(-49.1955709 -25.3427858)
PR;4105805;49;164;2010;
PR;4105805;49;175;2010;POINT(-49.18797924 -25.25398158)
PR;4105805;49;180;2010;POINT(-49.2223068 -25.3465998)
PR;4105805;49;192;2010;
PR;4105805;49;199;2010;POINT(-49.2085415 -25.3458476)
PR;4105805;49;210;2010;POINT(-49.1959053 -25.3431776)
PR;4105805;49;214;2010;
PR;4105805;49;222;2010;POINT(-49.2085815 -25.3561567)
PR;4105805;49;229;2010;POINT(-49.2085415 -25.3458476)
PR;4105805;49;235;2010;
PR;4105805;49;4;2010;POINT(-49.2222662 -25.2906191)
PR;4105805;49;80;2010;
PR;4105904;95;103;2010;
PR;4105904;95;112;2010;
PR;4105904;95;13;2010;POINT(-51.96905 -22.83528)
PR;4105904;95;17;2010;POINT(-51.9691786 -22.8351273)
PR;4105904;95;23;2010;POINT(-51.9691786 -22.8351273)
PR;4105904;95;25;2010;POINT(-51.9691786 -22.8351273)
PR;4105904;95;82;2010;POINT(-51.88861 -22.89875)
PR;4105904;95;93;2010;
PR;4106100;79;2;2010;POINT(-50.1732289 -23.6232364)
PR;4106209;10;22;2010;
PR;4106209;10;268;2010;POINT(-49.52764 -25.6785)
PR;4106209;10;36;2010;
PR;4106308;126;109;2010;
PR;4106308;126;120;2010;POINT(-53.3021239 -24.8056629)
PR;4106308;126;17;2010;
PR;4106308;126;18;2010;
PR;4106308;126;40;2010;
PR;4106308;126;46;2010;POINT(-53.2135153 -24.8827545)
PR;4106308;126;47;2010;
PR;4106407;26;1;2010;POINT(-50.62804 -23.16942)
PR;4106407;26;132;2010;
PR;4106407;26;134;2010;
PR;4106407;26;135;2010;POINT(-50.64407 -23.18725)
PR;4106407;26;17;2010;POINT(-50.6442205 -23.1767087)
PR;4106407;26;19;2010;POINT(-50.6442205 -23.1767087)
PR;4106407;26;32;2010;
PR;4106407;26;34;2010;
PR;4106407;26;37;2010;
PR;4106407;26;53;2010;
PR;4106407;26;58;2010;POINT(-50.6514 -23.18928)
PR;4106407;26;61;2010;POINT(-50.6514 -23.18928)
PR;4106407;26;71;2010;POINT(-50.64407 -23.18725)
PR;4106456;32;50;2010;
PR;4106456;32;51;2010;
PR;4106456;32;54;2010;
PR;4106506;101;113;2010;
PR;4106506;101;48;2010;POINT(-52.5680478 -25.9842772)
PR;4106506;101;52;2010;POINT(-52.5680478 -25.9842772)
PR;4106506;101;63;2010;
PR;4106506;101;68;2010;
PR;4106506;101;71;2010;
PR;4106506;101;75;2010;
PR;4106506;101;78;2010;
PR;4106506;101;83;2010;
PR;4106555;133;27;2010;POINT(-52.11516 -24.1)
PR;4106555;133;30;2010;POINT(-52.11516 -24.1)
PR;4106571;115;118;2010;POINT(-53.1323852 -25.6166008)
PR;4106605;86;137;2010;
PR;4106605;86;139;2010;
PR;4106605;86;140;2010;
PR;4106605;86;19;2010;
PR;4106803;153;122;2010;
PR;4106902;1;116;2010;POINT(-49.29423 -25.41178)
PR;4106902;1;145;2010;POINT(-49.2718 -25.41516)
PR;4106902;1;200;2010;POINT(-49.2843755 -25.3886582)
PR;4106902;1;214;2010;POINT(-49.29478 -25.38875)
PR;4106902;1;323;2010;POINT(-49.2904608 -25.4000803)
PR;4106902;1;328;2010;POINT(-49.2977652 -25.3993228)
PR;4106902;1;334;2010;POINT(-49.2799325 -25.4194307)
PR;4106902;1;367;2010;POINT(-49.26578 -25.4039)
PR;4106902;1;400;2010;POINT(-49.2638309 -25.4182409)
PR;4106902;1;402;2010;POINT(-49.2638309 -25.4182409)
PR;4106902;1;404;2010;POINT(-49.26825 -25.37229)
PR;4106902;1;412;2010;POINT(-49.26447 -25.3668)
PR;4106902;1;428;2010;POINT(-49.257854 -25.376371)
PR;4106902;1;440;2010;POINT(-49.26999 -25.51644)
PR;4106902;1;444;2010;POINT(-49.26999 -25.51644)
PR;4106902;1;447;2010;POINT(-49.2475183 -25.3920358)
PR;4106902;1;454;2010;POINT(-49.2475183 -25.3920358)
PR;4106902;1;471;2010;
PR;4106902;1;500;2010;POINT(-49.2904608 -25.4000803)
PR;4106902;1;501;2010;POINT(-49.2749684 -25.4252319)
PR;4106902;1;502;2010;POINT(-49.295205 -25.379914)
PR;4106902;1;512;2010;POINT(-49.26999 -25.51644)
PR;4106902;1;523;2010;
PR;4106902;1;543;2010;POINT(-49.26447 -25.3668)
PR;4106902;1;55;2010;POINT(-49.2749684 -25.4252319)
PR;4106902;1;557;2010;POINT(-49.274054 -25.4499445)
PR;4106902;1;562;2010;POINT(-49.29423 -25.41178)
PR;4106902;1;568;2010;POINT(-49.2695067 -25.3706022)
PR;4106902;1;573;2010;POINT(-49.274054 -25.4499445)
PR;4106902;1;575;2010;POINT(-49.2551185 -25.3530632)
PR;4106902;1;577;2010;POINT(-49.26825 -25.37229)
PR;4106902;1;583;2010;POINT(-49.2683156 -25.3898801)
PR;4106902;1;587;2010;POINT(-49.300712 -25.3926956)
PR;4106902;1;592;2010;POINT(-49.2977652 -25.3993228)
PR;4106902;1;597;2010;POINT(-49.274039 -25.355547)
PR;4106902;145;303;2010;POINT(-49.268077 -25.5264044)
PR;4106902;145;313;2010;POINT(-49.2871768 -25.5235771)
PR;4106902;145;314;2010;POINT(-49.2871768 -25.5235771)
PR;4106902;145;318;2010;POINT(-49.2881236 -25.5319088)
PR;4106902;145;343;2010;POINT(-49.29161 -25.53232833)
PR;4106902;145;347;2010;POINT(-49.29161 -25.53232833)
PR;4106902;145;360;2010;POINT(-49.2761753 -25.5449172)
PR;4106902;145;376;2010;POINT(-49.28355086 -25.54451019)
PR;4106902;145;404;2010;POINT(-49.2658 -25.50003)
PR;4106902;145;405;2010;POINT(-49.2658 -25.50003)
PR;4106902;145;413;2010;POINT(-49.2658 -25.50003)
PR;4106902;145;419;2010;POINT(-49.26999 -25.51644)
PR;4106902;145;420;2010;POINT(-49.26999 -25.51644)
PR;4106902;145;425;2010;POINT(-49.27687 -25.51508)
PR;4106902;145;430;2010;POINT(-49.27687 -25.51508)
PR;4106902;145;433;2010;POINT(-49.27687 -25.51508)
PR;4106902;145;454;2010;
PR;4106902;145;481;2010;POINT(-49.26999 -25.51644)
PR;4106902;145;495;2010;POINT(-49.2658 -25.50003)
PR;4106902;145;501;2010;POINT(-49.2857188 -25.5688387)
PR;4106902;145;502;2010;POINT(-49.2871768 -25.5235771)
PR;4106902;145;506;2010;POINT(-49.268077 -25.5264044)
PR;4106902;145;508;2010;POINT(-49.268077 -25.5264044)
PR;4106902;145;521;2010;POINT(-49.274446 -25.5364367)
PR;4106902;145;528;2010;
PR;4106902;145;542;2010;POINT(-49.2775085 -25.53769096)
PR;4106902;145;544;2010;POINT(-49.2775085 -25.53769096)
PR;4106902;145;554;2010;POINT(-49.2615862 -25.5337644)
PR;4106902;145;555;2010;POINT(-49.2615862 -25.5337644)
PR;4106902;145;572;2010;POINT(-49.2612093 -25.5426579)
PR;4106902;145;588;2010;POINT(-49.2615862 -25.5337644)
PR;4106902;145;590;2010;POINT(-49.296779 -25.5350154)
PR;4106902;145;597;2010;POINT(-49.27293577 -25.54247471)
PR;4106902;145;598;2010;
PR;4106902;145;599;2010;POINT(-49.2530798 -25.5347718)
PR;4106902;145;600;2010;POINT(-49.280369 -25.5588668)
PR;4106902;145;621;2010;POINT(-49.2740937 -25.5067359)
PR;4106902;145;630;2010;POINT(-49.29161 -25.53232833)
PR;4106902;145;631;2010;POINT(-49.27293577 -25.54247471)
PR;4106902;145;638;2010;
PR;4106902;145;648;2010;POINT(-49.2767852 -25.5931538)
PR;4106902;145;652;2010;POINT(-49.2767852 -25.5931538)
PR;4106902;145;658;2010;POINT(-49.2740937 -25.5067359)
PR;4106902;145;666;2010;POINT(-49.2522683 -25.5439566)
PR;4106902;145;671;2010;POINT(-49.2881236 -25.5319088)
PR;4106902;145;676;2010;POINT(-49.2740937 -25.5067359)
PR;4106902;145;680;2010;POINT(-49.2864442 -25.5195668)
PR;4106902;145;681;2010;POINT(-49.2522683 -25.5439566)
PR;4106902;145;683;2010;POINT(-49.267798 -25.546852)
PR;4106902;145;696;2010;POINT(-49.25605369 -25.5379085)
PR;4106902;145;701;2010;POINT(-49.247129 -25.5539096)
PR;4106902;145;702;2010;POINT(-49.295719 -25.5344734)
PR;4106902;145;709;2010;POINT(-49.295719 -25.5344734)
PR;4106902;145;714;2010;POINT(-49.2711969 -25.5453222)
PR;4106902;145;731;2010;
PR;4106902;145;738;2010;POINT(-49.25605369 -25.5379085)
PR;4106902;145;747;2010;POINT(-49.25605369 -25.5379085)
PR;4106902;174;101;2010;POINT(-49.23956 -25.53596)
PR;4106902;174;107;2010;POINT(-49.23956 -25.53596)
PR;4106902;174;114;2010;POINT(-49.24114 -25.52971)
PR;4106902;174;13;2010;POINT(-49.22847 -25.51021)
PR;4106902;174;138;2010;POINT(-49.23816 -25.52102)
PR;4106902;174;151;2010;POINT(-49.2424251 -25.4982057)
PR;4106902;174;16;2010;POINT(-49.2247213 -25.5153987)
PR;4106902;174;164;2010;POINT(-49.2427686 -25.495382)
PR;4106902;174;176;2010;POINT(-49.25393 -25.48025)
PR;4106902;174;189;2010;POINT(-49.25489 -25.5319)
PR;4106902;174;193;2010;POINT(-49.2491992 -25.5169744)
PR;4106902;174;196;2010;POINT(-49.2424251 -25.4982057)
PR;4106902;174;200;2010;POINT(-49.24814 -25.47571)
PR;4106902;174;21;2010;POINT(-49.2214002 -25.5070192)
PR;4106902;174;223;2010;POINT(-49.24114 -25.52971)
PR;4106902;174;226;2010;POINT(-49.2462154 -25.514719)
PR;4106902;174;232;2010;POINT(-49.233785 -25.52399)
PR;4106902;174;238;2010;POINT(-49.25593 -25.47619)
PR;4106902;174;240;2010;POINT(-49.24114 -25.52971)
PR;4106902;174;245;2010;POINT(-49.2543623 -25.5289027)
PR;4106902;174;253;2010;POINT(-49.227459 -25.502442)
PR;4106902;174;259;2010;POINT(-49.24814 -25.47571)
PR;4106902;174;260;2010;POINT(-49.2441424 -25.5025933)
PR;4106902;174;27;2010;POINT(-49.2352613 -25.4983168)
PR;4106902;174;273;2010;POINT(-49.23869 -25.49353)
PR;4106902;174;277;2010;POINT(-49.25489 -25.5319)
PR;4106902;174;278;2010;POINT(-49.22847 -25.51021)
PR;4106902;174;280;2010;POINT(-49.25593 -25.47619)
PR;4106902;174;282;2010;POINT(-49.2352613 -25.4983168)
PR;4106902;174;286;2010;POINT(-49.2441424 -25.5025933)
PR;4106902;174;29;2010;POINT(-49.2352613 -25.4983168)
PR;4106902;174;296;2010;POINT(-49.25393 -25.48025)
PR;4106902;174;298;2010;POINT(-49.24658 -25.4798)
PR;4106902;174;319;2010;POINT(-49.2551163 -25.5316222)
PR;4106902;174;325;2010;POINT(-49.2247213 -25.5153987)
PR;4106902;174;332;2010;POINT(-49.2462154 -25.514719)
PR;4106902;174;34;2010;POINT(-49.2357525 -25.4995741)
PR;4106902;174;350;2010;POINT(-49.2340225 -25.5148791)
PR;4106902;174;40;2010;POINT(-49.2357525 -25.4995741)
PR;4106902;174;46;2010;POINT(-49.227459 -25.502442)
PR;4106902;174;48;2010;
PR;4106902;174;62;2010;POINT(-49.24658 -25.4798)
PR;4106902;174;71;2010;POINT(-49.24658 -25.4798)
PR;4106902;174;73;2010;POINT(-49.24814 -25.47571)
PR;4106902;174;91;2010;POINT(-49.2464187 -25.5299817)
PR;4106902;174;98;2010;POINT(-49.238481 -25.536838)
PR;4106902;175;1;2010;POINT(-49.33553 -25.49496)
PR;4106902;175;107;2010;POINT(-49.30331 -25.5023)
PR;4106902;175;109;2010;POINT(-49.3528905 -25.6168749)
PR;4106902;175;120;2010;POINT(-49.3156701 -25.5594339)
PR;4106902;175;121;2010;POINT(-49.3156701 -25.5594339)
PR;4106902;175;122;2010;POINT(-49.3156701 -25.5594339)
PR;4106902;175;142;2010;POINT(-49.3315097 -25.559091)
PR;4106902;175;15;2010;POINT(-49.32368 -25.50394)
PR;4106902;175;165;2010;
PR;4106902;175;168;2010;
PR;4106902;175;169;2010;POINT(-49.31665 -25.49636)
PR;4106902;175;17;2010;POINT(-49.32368 -25.50394)
PR;4106902;175;180;2010;POINT(-49.2928794 -25.5510796)
PR;4106902;175;184;2010;POINT(-49.3483639 -25.501447)
PR;4106902;175;206;2010;POINT(-49.339091 -25.560104)
PR;4106902;175;218;2010;POINT(-49.3131995 -25.5603739)
PR;4106902;175;219;2010;POINT(-49.3483639 -25.501447)
PR;4106902;175;234;2010;POINT(-49.3352617 -25.5096168)
PR;4106902;175;259;2010;POINT(-49.3335656 -25.5661459)
PR;4106902;175;261;2010;POINT(-49.2928794 -25.5510796)
PR;4106902;175;264;2010;
PR;4106902;175;266;2010;POINT(-49.323365 -25.584929)
PR;4106902;175;27;2010;
PR;4106902;175;276;2010;POINT(-49.3156701 -25.5594339)
PR;4106902;175;285;2010;POINT(-49.34962 -25.49396)
PR;4106902;175;307;2010;POINT(-49.33745 -25.58663)
PR;4106902;175;326;2010;POINT(-49.33745 -25.58663)
PR;4106902;175;327;2010;
PR;4106902;175;329;2010;POINT(-49.339091 -25.560104)
PR;4106902;175;340;2010;POINT(-49.323365 -25.584929)
PR;4106902;175;54;2010;POINT(-49.325341 -25.5079879)
PR;4106902;175;71;2010;POINT(-49.28963 -25.50226)
PR;4106902;175;76;2010;POINT(-49.28963 -25.50226)
PR;4106902;176;109;2010;
PR;4106902;176;126;2010;POINT(-49.3033164 -25.4954757)
PR;4106902;176;127;2010;POINT(-49.3033164 -25.4954757)
PR;4106902;176;178;2010;POINT(-49.2768784 -25.4816169)
PR;4106902;176;181;2010;POINT(-49.249537 -25.4493088)
PR;4106902;176;189;2010;
PR;4106902;176;196;2010;POINT(-49.3068422 -25.4876098)
PR;4106902;176;209;2010;POINT(-49.287804 -25.487723)
PR;4106902;176;25;2010;POINT(-49.262959 -25.46243)
PR;4106902;176;261;2010;POINT(-49.28635 -25.474853)
PR;4106902;176;3;2010;
PR;4106902;176;36;2010;POINT(-49.2798048 -25.461793)
PR;4106902;176;63;2010;POINT(-49.3241493 -25.4883321)
PR;4106902;176;68;2010;POINT(-49.3260419 -25.4868624)
PR;4106902;176;74;2010;POINT(-49.3260419 -25.4868624)
PR;4106902;176;84;2010;POINT(-49.2777089 -25.4882713)
PR;4106902;176;88;2010;POINT(-49.26665 -25.48007)
PR;4106902;176;94;2010;POINT(-49.26665 -25.48007)
PR;4106902;176;99;2010;POINT(-49.2730758 -25.4837511)
PR;4106902;177;120;2010;POINT(-49.2655397 -25.4496903)
PR;4106902;177;133;2010;POINT(-49.2830736 -25.4633836)
PR;4106902;177;137;2010;POINT(-49.2906814 -25.4497758)
PR;4106902;177;138;2010;POINT(-49.2906814 -25.4497758)
PR;4106902;177;156;2010;POINT(-49.2762068 -25.4424981)
PR;4106902;177;164;2010;POINT(-49.2835964 -25.4468242)
PR;4106902;177;180;2010;POINT(-49.274054 -25.4499445)
PR;4106902;177;181;2010;POINT(-49.274054 -25.4499445)
PR;4106902;177;187;2010;POINT(-49.274054 -25.4499445)
PR;4106902;177;196;2010;POINT(-49.2815137 -25.4413524)
PR;4106902;177;2;2010;POINT(-49.2836206 -25.4367648)
PR;4106902;177;206;2010;POINT(-49.2815137 -25.4413524)
PR;4106902;177;212;2010;POINT(-49.31449 -25.45057)
PR;4106902;177;216;2010;POINT(-49.3104921 -25.4523612)
PR;4106902;177;224;2010;POINT(-49.2966205 -25.4470337)
PR;4106902;177;237;2010;
PR;4106902;177;253;2010;POINT(-49.3331 -25.43826)
PR;4106902;177;264;2010;
PR;4106902;177;265;2010;POINT(-49.2681076 -25.4547543)
PR;4106902;177;283;2010;POINT(-49.27931 -25.45246)
PR;4106902;177;289;2010;POINT(-49.305231 -25.438827)
PR;4106902;177;295;2010;POINT(-49.2835964 -25.4468242)
PR;4106902;177;298;2010;POINT(-49.312368 -25.444278)
PR;4106902;177;299;2010;POINT(-49.29755 -25.44752)
PR;4106902;177;300;2010;POINT(-49.3057665 -25.435366)
PR;4106902;177;310;2010;POINT(-49.28853 -25.457786)
PR;4106902;177;313;2010;
PR;4106902;177;314;2010;POINT(-49.28853 -25.457786)
PR;4106902;177;33;2010;POINT(-49.312368 -25.444278)
PR;4106902;177;343;2010;POINT(-49.28853 -25.457786)
PR;4106902;177;345;2010;POINT(-49.2860389 -25.4447491)
PR;4106902;177;346;2010;POINT(-49.3057665 -25.435366)
PR;4106902;177;348;2010;
PR;4106902;177;350;2010;
PR;4106902;177;372;2010;POINT(-49.3550246 -25.4218483)
PR;4106902;177;4;2010;POINT(-49.2836206 -25.4367648)
PR;4106902;177;41;2010;POINT(-49.305231 -25.438827)
PR;4106902;177;52;2010;
PR;4106902;177;59;2010;
PR;4106902;177;62;2010;
PR;4106902;177;65;2010;POINT(-49.3468519 -25.4194396)
PR;4106902;177;66;2010;POINT(-49.3468519 -25.4194396)
PR;4106902;177;8;2010;POINT(-49.3057665 -25.435366)
PR;4106902;177;85;2010;POINT(-49.355816 -25.421093)
PR;4106902;177;91;2010;POINT(-49.269632 -25.4391353)
PR;4106902;177;95;2010;POINT(-49.269632 -25.4391353)
PR;4106902;178;109;2010;POINT(-49.33089 -25.40207)
PR;4106902;178;115;2010;POINT(-49.31855 -25.39747)
PR;4106902;178;123;2010;POINT(-49.3391938 -25.3993183)
PR;4106902;178;144;2010;POINT(-49.33089 -25.40207)
PR;4106902;178;185;2010;POINT(-49.2677116 -25.4291044)
PR;4106902;178;206;2010;POINT(-49.2660216 -25.4318219)
PR;4106902;178;236;2010;POINT(-49.273819 -25.4331939)
PR;4106902;178;259;2010;POINT(-49.33935 -25.40598)
PR;4106902;178;27;2010;POINT(-49.2805389 -25.4276737)
PR;4106902;178;28;2010;POINT(-49.2805389 -25.4276737)
PR;4106902;178;283;2010;POINT(-49.2677116 -25.4291044)
PR;4106902;178;293;2010;POINT(-49.2671314 -25.4231326)
PR;4106902;178;296;2010;POINT(-49.3341387 -25.3809703)
PR;4106902;178;303;2010;POINT(-49.3302811 -25.3723242)
PR;4106902;178;304;2010;POINT(-49.33089 -25.40207)
PR;4106902;178;319;2010;POINT(-49.2790404 -25.435741)
PR;4106902;178;45;2010;POINT(-49.2790404 -25.435741)
PR;4106902;178;46;2010;POINT(-49.2790404 -25.435741)
PR;4106902;178;51;2010;POINT(-49.3006144 -25.4250497)
PR;4106902;178;52;2010;POINT(-49.3006144 -25.4250497)
PR;4106902;178;60;2010;POINT(-49.2897279 -25.4151416)
PR;4106902;178;99;2010;POINT(-49.2963915 -25.4175777)
PR;4106902;2;101;2010;POINT(-49.24451 -25.40109)
PR;4106902;2;106;2010;
PR;4106902;2;113;2010;POINT(-49.207209 -25.403648)
PR;4106902;2;187;2010;POINT(-49.2346756 -25.390976)
PR;4106902;2;189;2010;POINT(-49.2346756 -25.390976)
PR;4106902;2;255;2010;POINT(-49.2318129 -25.4127713)
PR;4106902;2;263;2010;POINT(-49.2491016 -25.4106033)
PR;4106902;2;267;2010;POINT(-49.2491016 -25.4106033)
PR;4106902;2;269;2010;POINT(-49.2595286 -25.4243117)
PR;4106902;2;279;2010;POINT(-49.23046 -25.41948)
PR;4106902;2;314;2010;POINT(-49.2242298 -25.3742506)
PR;4106902;2;347;2010;POINT(-49.2200878 -25.3921445)
PR;4106902;2;366;2010;POINT(-49.2595286 -25.4243117)
PR;4106902;2;372;2010;POINT(-49.2222692 -25.3743)
PR;4106902;2;373;2010;POINT(-49.2337599 -25.415458)
PR;4106902;2;378;2010;POINT(-49.2243177 -25.3904192)
PR;4106902;2;388;2010;POINT(-49.2037 -25.42486)
PR;4106902;2;421;2010;POINT(-49.23888 -25.47663)
PR;4106902;2;432;2010;POINT(-49.2060421 -25.4144442)
PR;4106902;2;442;2010;POINT(-49.2011 -25.38443)
PR;4106902;2;443;2010;
PR;4106902;2;450;2010;POINT(-49.2491016 -25.4106033)
PR;4106902;2;452;2010;POINT(-49.2242298 -25.3742506)
PR;4106902;2;469;2010;POINT(-49.2346756 -25.390976)
PR;4106902;2;473;2010;POINT(-49.23046 -25.41948)
PR;4106902;2;476;2010;POINT(-49.2318129 -25.4127713)
PR;4106902;2;481;2010;POINT(-49.2308586 -25.3766974)
PR;4106902;2;488;2010;POINT(-49.241678 -25.373525)
PR;4106902;2;491;2010;POINT(-49.2323836 -25.3640325)
PR;4106902;2;512;2010;POINT(-49.2379722 -25.3967237)
PR;4106902;2;516;2010;POINT(-49.2578107 -25.4285549)
PR;4106902;2;541;2010;POINT(-49.2064 -25.404204)
PR;4106902;2;64;2010;POINT(-49.24451 -25.40109)
PR;4106902;2;76;2010;POINT(-49.2243177 -25.3904192)
PR;4106902;2;83;2010;POINT(-49.21726 -25.39661)
PR;4106902;2;86;2010;POINT(-49.21726 -25.39661)
PR;4106902;3;116;2010;POINT(-49.2048528 -25.4648614)
PR;4106902;3;118;2010;POINT(-49.2048528 -25.4648614)
PR;4106902;3;124;2010;POINT(-49.24934 -25.44072)
PR;4106902;3;158;2010;
PR;4106902;3;165;2010;
PR;4106902;3;214;2010;POINT(-49.2460047 -25.4342342)
PR;4106902;3;215;2010;POINT(-49.2460047 -25.4342342)
PR;4106902;3;224;2010;POINT(-49.2483875 -25.4311794)
PR;4106902;3;227;2010;POINT(-49.2483875 -25.4311794)
PR;4106902;3;258;2010;POINT(-49.2299948 -25.4496345)
PR;4106902;3;304;2010;POINT(-49.2187363 -25.4972071)
PR;4106902;3;314;2010;POINT(-49.239771 -25.4781578)
PR;4106902;3;335;2010;POINT(-49.22975 -25.47573)
PR;4106902;3;336;2010;POINT(-49.22975 -25.47573)
PR;4106902;3;346;2010;POINT(-49.2271 -25.48205)
PR;4106902;3;394;2010;POINT(-49.2234576 -25.4918172)
PR;4106902;3;412;2010;POINT(-49.2389964 -25.4445704)
PR;4106902;3;413;2010;
PR;4106902;3;417;2010;POINT(-49.1920514 -25.4709788)
PR;4106902;3;423;2010;POINT(-49.22008 -25.45518)
PR;4106902;3;432;2010;POINT(-49.21139 -25.42925)
PR;4106902;3;435;2010;POINT(-49.2460047 -25.4342342)
PR;4106902;3;437;2010;POINT(-49.2299948 -25.4496345)
PR;4106902;3;467;2010;POINT(-49.2274934 -25.4720809)
PR;4106902;3;472;2010;POINT(-49.2024886 -25.4699211)
PR;4106902;3;482;2010;POINT(-49.2234576 -25.4918172)
PR;4106902;3;491;2010;POINT(-49.2274934 -25.4720809)
PR;4106902;3;494;2010;POINT(-49.2299948 -25.4496345)
PR;4106902;3;500;2010;POINT(-49.239771 -25.4781578)
PR;4106902;3;51;2010;POINT(-49.203019 -25.479242)
PR;4106902;3;528;2010;POINT(-49.2360544 -25.4568269)
PR;4106902;3;538;2010;POINT(-49.19483 -25.47621)
PR;4106902;3;562;2010;POINT(-49.21581 -25.448286)
PR;4106902;3;563;2010;POINT(-49.21139 -25.42925)
PR;4106902;3;565;2010;POINT(-49.2360544 -25.4568269)
PR;4106902;3;570;2010;POINT(-49.22937 -25.44037)
PR;4106902;3;573;2010;POINT(-49.203019 -25.479242)
PR;4106902;3;574;2010;POINT(-49.19483 -25.47621)
PR;4106902;3;591;2010;POINT(-49.21139 -25.42925)
PR;4106902;3;593;2010;POINT(-49.2187363 -25.4972071)
PR;4106902;3;626;2010;POINT(-49.2460047 -25.4342342)
PR;4106902;3;630;2010;POINT(-49.208267 -25.4525898)
PR;4106902;3;633;2010;POINT(-49.2271 -25.48205)
PR;4106902;3;642;2010;POINT(-49.218163 -25.450697)
PR;4106902;3;656;2010;
PR;4106902;3;77;2010;POINT(-49.2147135 -25.4517873)
PR;4106902;3;85;2010;POINT(-49.218163 -25.450697)
PR;4106902;3;91;2010;POINT(-49.218163 -25.450697)
PR;4106902;4;186;2010;POINT(-49.2964282 -25.4607958)
PR;4106902;4;196;2010;POINT(-49.30754008 -25.45986603)
PR;4106902;4;202;2010;POINT(-49.30754008 -25.45986603)
PR;4106902;4;248;2010;POINT(-49.2992748 -25.4790794)
PR;4106902;4;262;2010;
PR;4106902;4;276;2010;POINT(-49.3165581 -25.4729325)
PR;4106902;4;319;2010;POINT(-49.33656904 -25.47952899)
PR;4106902;4;325;2010;POINT(-49.344883 -25.459897)
PR;4106902;4;345;2010;POINT(-49.294511 -25.4659575)
PR;4106902;4;375;2010;POINT(-49.2992748 -25.4790794)
PR;4106902;4;393;2010;POINT(-49.3452188 -25.4445679)
PR;4106902;4;405;2010;POINT(-49.35478 -25.43403)
PR;4106902;4;416;2010;POINT(-49.34995833 -25.48565667)
PR;4106902;4;441;2010;POINT(-49.3025632 -25.4766986)
PR;4106902;4;454;2010;POINT(-49.3375935 -25.4777529)
PR;4106902;4;460;2010;
PR;4106902;4;463;2010;
PR;4106902;4;471;2010;POINT(-49.34995833 -25.48565667)
PR;4106902;4;472;2010;POINT(-49.35607 -25.44123)
PR;4106902;4;474;2010;POINT(-49.30754008 -25.45986603)
PR;4106902;4;475;2010;POINT(-49.29367228 -25.46728319)
PR;4106902;4;477;2010;
PR;4106902;4;494;2010;POINT(-49.3165581 -25.4729325)
PR;4106902;4;504;2010;
PR;4106902;4;508;2010;POINT(-49.34910458 -25.45726652)
PR;4106902;4;515;2010;POINT(-49.3165581 -25.4729325)
PR;4106902;4;529;2010;POINT(-49.34910458 -25.45726652)
PR;4106902;4;541;2010;
PR;4106902;4;542;2010;POINT(-49.344883 -25.459897)
PR;4106902;4;556;2010;
PR;4107009;119;10;2010;POINT(-50.45838 -24.03342)
PR;4107009;119;18;2010;
PR;4107009;119;20;2010;POINT(-50.45838 -24.03342)
PR;4107009;119;4;2010;POINT(-50.4568786 -24.0376053)
PR;4107009;119;60;2010;POINT(-50.6244124 -24.0388893)
PR;4107009;119;63;2010;
PR;4107009;119;64;2010;
PR;4107108;96;15;2010;POINT(-52.8587133 -22.6572611)
PR;4107108;96;16;2010;POINT(-52.8587133 -22.6572611)
PR;4107108;96;17;2010;POINT(-52.8587133 -22.6572611)
PR;4107124;112;52;2010;
PR;4107207;115;10;2010;POINT(-53.05547 -25.74874667)
PR;4107207;115;119;2010;
PR;4107207;115;122;2010;POINT(-53.0639376 -25.7417422)
PR;4107207;115;191;2010;POINT(-53.0759852 -25.7541901)
PR;4107207;115;193;2010;
PR;4107207;115;29;2010;POINT(-53.070883 -25.73094)
PR;4107207;115;31;2010;POINT(-53.0659725 -25.751783)
PR;4107207;115;64;2010;
PR;4107207;115;87;2010;
PR;4107207;115;94;2010;
PR;4107256;142;50;2010;POINT(-53.2974838 -23.3814084)
PR;4107256;142;57;2010;POINT(-53.2974838 -23.3814084)
PR;4107256;142;63;2010;POINT(-53.2974838 -23.3814084)
PR;4107306;193;102;2010;
PR;4107306;193;84;2010;
PR;4107405;140;23;2010;
PR;4107405;140;4;2010;POINT(-53.1622525 -25.944623)
PR;4107405;140;6;2010;
PR;4107504;116;15;2010;
PR;4107504;116;4;2010;POINT(-52.2560347 -23.7955355)
PR;4107504;116;73;2010;
PR;4107504;116;8;2010;
PR;4107538;121;165;2010;POINT(-54.2419936 -24.7082407)
PR;4107538;121;98;2010;POINT(-54.2419936 -24.7082407)
PR;4107546;163;59;2010;POINT(-52.83627 -25.42508)
PR;4107546;163;77;2010;
PR;4107603;110;44;2010;
PR;4107603;110;55;2010;
PR;4107652;144;106;2010;POINT(-49.31809533 -25.64582083)
PR;4107652;144;154;2010;POINT(-49.3016876 -25.647807)
PR;4107652;144;191;2010;POINT(-49.3033641 -25.6747352)
PR;4107652;144;198;2010;POINT(-49.30632173 -25.6445911)
PR;4107652;144;212;2010;POINT(-49.32667231 -25.64318189)
PR;4107652;144;242;2010;POINT(-49.3033641 -25.6747352)
PR;4107652;144;244;2010;POINT(-49.30632173 -25.6445911)
PR;4107652;144;248;2010;POINT(-49.316715 -25.6419749)
PR;4107652;144;270;2010;POINT(-49.3267906 -25.6594069)
PR;4107652;144;36;2010;POINT(-49.25879273 -25.68908937)
PR;4107652;144;58;2010;POINT(-49.32850835 -25.6411538)
PR;4107702;116;37;2010;POINT(-51.97628 -23.9143)
PR;4107736;53;11;2010;
PR;4107751;119;46;2010;POINT(-50.4005904 -23.8504884)
PR;4107751;119;57;2010;POINT(-50.4128241 -23.8511408)
PR;4107801;71;16;2010;POINT(-52.3021773 -23.3217258)
PR;4107850;131;29;2010;
PR;4107900;192;99;2010;POINT(-52.0807326 -23.611837)
PR;4108007;65;11;2010;POINT(-51.3965333 -22.8688901)
PR;4108007;65;13;2010;POINT(-51.3965333 -22.8688901)
PR;4108007;65;16;2010;POINT(-51.39283 -22.86711)
PR;4108007;65;19;2010;POINT(-51.3922117 -22.8605684)
PR;4108106;67;48;2010;
PR;4108106;67;50;2010;
PR;4108205;120;17;2010;POINT(-53.3199618 -24.2990975)
PR;4108205;120;34;2010;
PR;4108205;120;35;2010;
PR;4108304;147;10;2010;POINT(-54.5900058 -25.5230217)
PR;4108304;147;149;2010;POINT(-54.57502 -25.49901)
PR;4108304;147;154;2010;POINT(-54.57502 -25.49901)
PR;4108304;147;168;2010;POINT(-54.5754628 -25.51494)
PR;4108304;147;18;2010;POINT(-54.5900058 -25.5230217)
PR;4108304;147;183;2010;POINT(-54.58475 -25.50461)
PR;4108304;147;192;2010;
PR;4108304;147;193;2010;POINT(-54.589054 -25.523105)
PR;4108304;147;204;2010;
PR;4108304;147;262;2010;POINT(-54.55511 -25.46365)
PR;4108304;147;265;2010;
PR;4108304;147;49;2010;POINT(-54.57502 -25.49901)
PR;4108304;147;5;2010;POINT(-54.5900058 -25.5230217)
PR;4108304;147;65;2010;POINT(-54.57502 -25.49901)
PR;4108304;147;67;2010;POINT(-54.57502 -25.49901)
PR;4108304;147;97;2010;
PR;4108304;204;10;2010;POINT(-54.55715 -25.53321)
PR;4108304;204;107;2010;POINT(-54.5371288 -25.5854003)
PR;4108304;204;109;2010;POINT(-54.54912 -25.54184)
PR;4108304;204;114;2010;POINT(-54.5409983 -25.5338208)
PR;4108304;204;118;2010;POINT(-54.5579988 -25.5403555)
PR;4108304;204;12;2010;POINT(-54.55715 -25.53321)
PR;4108304;204;121;2010;POINT(-54.534475 -25.533543)
PR;4108304;204;125;2010;
PR;4108304;204;129;2010;
PR;4108304;204;14;2010;POINT(-54.5371288 -25.5854003)
PR;4108304;204;22;2010;POINT(-54.5336626 -25.5251831)
PR;4108304;204;4;2010;POINT(-54.55715 -25.53321)
PR;4108304;204;6;2010;POINT(-54.55715 -25.53321)
PR;4108304;204;65;2010;POINT(-54.55688 -25.52391)
PR;4108304;204;69;2010;POINT(-54.54912 -25.54184)
PR;4108304;204;82;2010;POINT(-54.56224 -25.53321)
PR;4108304;204;84;2010;
PR;4108304;204;91;2010;
PR;4108304;205;103;2010;POINT(-54.5106357 -25.4875515)
PR;4108304;205;106;2010;POINT(-54.5106357 -25.4875515)
PR;4108304;205;111;2010;POINT(-54.585968 -25.5347855)
PR;4108304;205;121;2010;
PR;4108304;205;127;2010;POINT(-54.585968 -25.5347855)
PR;4108304;205;13;2010;POINT(-54.50579 -25.48503)
PR;4108304;205;136;2010;POINT(-54.5303984 -25.5136086)
PR;4108304;205;141;2010;
PR;4108304;205;154;2010;POINT(-54.5303984 -25.5136086)
PR;4108304;205;158;2010;POINT(-54.5391674 -25.5075845)
PR;4108304;205;160;2010;
PR;4108304;205;163;2010;POINT(-54.5281 -25.5085)
PR;4108304;205;165;2010;POINT(-54.585968 -25.5347855)
PR;4108304;205;169;2010;POINT(-54.585968 -25.5347855)
PR;4108304;205;26;2010;
PR;4108304;205;29;2010;
PR;4108304;205;37;2010;POINT(-54.51858 -25.48403)
PR;4108304;46;123;2010;
PR;4108304;46;136;2010;
PR;4108304;46;15;2010;POINT(-54.572388 -25.5535102)
PR;4108304;46;161;2010;POINT(-54.5714557 -25.5366044)
PR;4108304;46;209;2010;
PR;4108304;46;211;2010;
PR;4108304;46;243;2010;
PR;4108304;46;31;2010;POINT(-54.58461 -25.54676)
PR;4108304;46;45;2010;
PR;4108304;46;47;2010;
PR;4108304;46;57;2010;
PR;4108304;46;59;2010;POINT(-54.57417 -25.5706)
PR;4108304;46;85;2010;
PR;4108304;46;93;2010;POINT(-54.5714557 -25.5366044)
PR;4108320;97;67;2010;POINT(-53.84897 -24.06715)
PR;4108320;97;74;2010;POINT(-53.84897 -24.06715)
PR;4108403;69;1;2010;
PR;4108403;69;121;2010;
PR;4108403;69;139;2010;POINT(-53.048985 -26.0659272)
PR;4108403;69;14;2010;POINT(-53.0518965 -26.0809898)
PR;4108403;69;142;2010;POINT(-53.0442228 -26.0872395)
PR;4108403;69;154;2010;POINT(-53.064209 -26.078829)
PR;4108403;69;159;2010;POINT(-53.0518965 -26.0809898)
PR;4108403;69;162;2010;
PR;4108403;69;170;2010;
PR;4108403;69;176;2010;
PR;4108403;69;178;2010;
PR;4108403;69;186;2010;POINT(-53.060256 -26.0696154)
PR;4108403;69;192;2010;POINT(-53.0738559 -26.0696084)
PR;4108403;69;207;2010;
PR;4108403;69;215;2010;
PR;4108403;69;222;2010;
PR;4108403;69;240;2010;
PR;4108403;69;25;2010;POINT(-53.03937 -26.07366)
PR;4108403;69;26;2010;POINT(-53.03937 -26.07366)
PR;4108403;69;27;2010;POINT(-53.03937 -26.07366)
PR;4108403;69;28;2010;POINT(-53.03937 -26.07366)
PR;4108403;69;45;2010;POINT(-53.048985 -26.0659272)
PR;4108403;69;47;2010;POINT(-53.048985 -26.0659272)
PR;4108403;69;48;2010;POINT(-53.048985 -26.0659272)
PR;4108403;69;8;2010;POINT(-53.0509112 -26.0765838)
PR;4108452;44;229;2010;
PR;4108601;92;138;2010;
PR;4108601;92;26;2010;
PR;4108601;92;59;2010;
PR;4108650;203;145;2010;
PR;4108650;203;146;2010;
PR;4108650;203;195;2010;
PR;4108700;136;11;2010;
PR;4108700;136;9;2010;POINT(-51.509105 -24.141888)
PR;4108809;90;11;2010;POINT(-54.2570813 -24.0811327)
PR;4108809;90;13;2010;POINT(-54.2570813 -24.0811327)
PR;4108809;90;34;2010;
PR;4108809;90;71;2010;
PR;4108809;90;81;2010;
PR;4108809;90;93;2010;
PR;4108809;90;94;2010;POINT(-54.2604301 -24.0942095)
PR;4108908;105;39;2010;
PR;4108957;29;15;2010;
PR;4108957;29;47;2010;POINT(-50.8082 -25.1912)
PR;4109005;55;9;2010;POINT(-50.04396 -23.51615)
PR;4109302;112;1;2010;POINT(-52.8698722 -25.1022564)
PR;4109302;112;10;2010;
PR;4109302;112;23;2010;
PR;4109302;112;32;2010;POINT(-52.9368394 -24.9189603)
PR;4109302;112;76;2010;POINT(-52.8698722 -25.1022564)
PR;4109302;112;77;2010;POINT(-52.8698722 -25.1022564)
PR;4109401;43;102;2010;
PR;4109401;43;107;2010;
PR;4109401;43;12;2010;
PR;4109401;43;132;2010;
PR;4109401;43;175;2010;POINT(-51.45459 -25.40005)
PR;4109401;43;219;2010;POINT(-51.45459 -25.40005)
PR;4109401;43;229;2010;
PR;4109401;43;246;2010;POINT(-51.47837 -25.39)
PR;4109401;43;260;2010;
PR;4109401;43;261;2010;
PR;4109401;43;269;2010;
PR;4109401;43;310;2010;
PR;4109401;43;311;2010;POINT(-51.4949765 -25.3535446)
PR;4109401;43;313;2010;POINT(-51.4871422 -25.4120869)
PR;4109401;43;318;2010;POINT(-51.47452 -25.41302)
PR;4109401;43;320;2010;POINT(-51.4697663 -25.4061597)
PR;4109401;43;35;2010;POINT(-51.46376 -25.39634)
PR;4109401;43;42;2010;
PR;4109401;44;199;2010;
PR;4109401;44;259;2010;POINT(-51.44862882 -25.39422858)
PR;4109401;44;267;2010;POINT(-51.44862882 -25.39422858)
PR;4109401;44;272;2010;
PR;4109401;44;274;2010;POINT(-51.4465 -25.38421)
PR;4109401;44;28;2010;
PR;4109401;44;281;2010;
PR;4109401;44;284;2010;
PR;4109401;44;307;2010;POINT(-51.44204666 -25.3923831)
PR;4109401;44;308;2010;POINT(-51.4465 -25.38421)
PR;4109401;44;315;2010;
PR;4109401;44;64;2010;
PR;4109401;44;85;2010;
PR;4109500;6;56;2010;
PR;4109609;161;108;2010;POINT(-48.57097 -25.87445)
PR;4109609;161;112;2010;POINT(-48.583621 -25.884705)
PR;4109609;161;28;2010;
PR;4109609;161;30;2010;POINT(-48.575234 -25.875981)
PR;4109609;161;61;2010;
PR;4109609;161;90;2010;
PR;4109658;168;57;2010;
PR;4109708;79;14;2010;POINT(-50.18993009 -23.85047814)
PR;4109708;79;35;2010;POINT(-50.1803069 -23.8434653)
PR;4109708;79;38;2010;
PR;4109708;79;42;2010;
PR;4109708;79;44;2010;
PR;4109708;79;50;2010;
PR;4109708;79;51;2010;
PR;4109708;79;52;2010;
PR;4109708;79;53;2010;POINT(-50.194608 -23.8528254)
PR;4109708;79;9;2010;POINT(-50.18993009 -23.85047814)
PR;4109708;79;98;2010;POINT(-50.1803069 -23.8434653)
PR;4109757;166;2;2010;POINT(-53.0162426 -25.117611)
PR;4109757;166;3;2010;POINT(-53.0162426 -25.117611)
PR;4109757;166;84;2010;
PR;4109757;166;9;2010;
PR;4109757;166;91;2010;POINT(-53.0162426 -25.117611)
PR;4109807;80;104;2010;POINT(-51.0501122 -23.2576688)
PR;4109807;80;23;2010;POINT(-51.0480488 -23.262328)
PR;4109807;80;24;2010;POINT(-51.0480488 -23.262328)
PR;4109807;80;33;2010;
PR;4109807;80;51;2010;
PR;4109807;80;60;2010;POINT(-51.0480488 -23.262328)
PR;4109807;80;62;2010;
PR;4109807;80;69;2010;
PR;4109807;80;71;2010;
PR;4109807;80;90;2010;
PR;4109906;172;1;2010;POINT(-53.61512 -23.39491)
PR;4109906;172;18;2010;POINT(-53.6154893 -23.3948859)
PR;4109906;172;24;2010;
PR;4109906;172;28;2010;
PR;4109906;172;29;2010;
PR;4109906;172;31;2010;POINT(-53.61512 -23.39491)
PR;4110078;111;231;2010;POINT(-50.7636187 -24.4412539)
PR;4110078;111;237;2010;POINT(-50.7636187 -24.4412539)
PR;4110078;111;91;2010;POINT(-50.7636187 -24.4412539)
PR;4110078;111;93;2010;POINT(-50.7636187 -24.4412539)
PR;4110102;29;102;2010;
PR;4110102;29;28;2010;
PR;4110102;29;90;2010;
PR;4110102;29;98;2010;POINT(-50.604019 -25.229125)
PR;4110201;34;15;2010;POINT(-51.28731459 -25.77207058)
PR;4110201;34;16;2010;POINT(-51.3259139 -25.65045345)
PR;4110201;34;2;2010;POINT(-51.0807838 -25.5717099)
PR;4110201;34;3;2010;POINT(-51.079884 -25.5711608)
PR;4110409;149;53;2010;POINT(-52.7028545 -23.4815206)
PR;4110508;36;1;2010;
PR;4110508;36;24;2010;
PR;4110607;97;7;2010;POINT(-53.705228 -24.0047472)
PR;4110656;120;137;2010;POINT(-53.35935 -24.42959)
PR;4110656;120;43;2010;
PR;4110706;34;137;2010;POINT(-50.66579807 -25.4703023)
PR;4110706;34;154;2010;POINT(-50.64547 -25.49559)
PR;4110706;34;158;2010;POINT(-50.66336922 -25.46449444)
PR;4110706;34;159;2010;
PR;4110706;34;166;2010;
PR;4110706;34;173;2010;POINT(-50.66336922 -25.46449444)
PR;4110706;34;179;2010;POINT(-50.66579807 -25.4703023)
PR;4110706;34;19;2010;POINT(-50.6501954 -25.4673017)
PR;4110706;34;21;2010;POINT(-50.6461569 -25.4664605)
PR;4110706;34;46;2010;POINT(-50.6501107 -25.4630895)
PR;4110706;34;48;2010;POINT(-50.65873 -25.52276)
PR;4110706;34;49;2010;POINT(-50.65873 -25.52276)
PR;4110706;34;61;2010;
PR;4110706;34;76;2010;
PR;4110706;34;77;2010;
PR;4110706;34;88;2010;POINT(-50.77060715 -25.58059282)
PR;4110805;141;20;2010;POINT(-52.0991551 -24.4221784)
PR;4110805;141;30;2010;POINT(-52.1054211 -24.422542)
PR;4110805;141;53;2010;
PR;4110904;95;46;2010;POINT(-51.9672406 -22.6176534)
PR;4110953;122;43;2010;
PR;4110953;122;47;2010;
PR;4110953;122;80;2010;
PR;4111001;57;40;2010;POINT(-50.40869 -23.01534)
PR;4111100;81;14;2010;
PR;4111100;81;3;2010;
PR;4111100;81;7;2010;
PR;4111209;151;19;2010;
PR;4111209;151;23;2010;POINT(-52.8200985 -25.96387)
PR;4111209;151;75;2010;POINT(-52.8200985 -25.96387)
PR;4111209;151;9;2010;
PR;4111209;151;92;2010;
PR;4111209;151;94;2010;
PR;4111258;156;155;2010;POINT(-49.55543719 -25.02445085)
PR;4111258;156;196;2010;POINT(-49.55543719 -25.02445085)
PR;4111258;156;203;2010;
PR;4111308;96;71;2010;POINT(-52.8816903 -22.7290752)
PR;4111407;29;55;2010;POINT(-50.859373 -25.009242)
PR;4111407;29;60;2010;POINT(-50.859373 -25.009242)
PR;4111407;29;66;2010;
PR;4111407;29;77;2010;
PR;4111506;93;117;2010;
PR;4111506;93;138;2010;POINT(-51.68136 -24.23698)
PR;4111506;93;14;2010;
PR;4111506;93;58;2010;
PR;4111506;93;62;2010;
PR;4111555;172;47;2010;
PR;4111605;154;28;2010;POINT(-52.2169479 -23.6194893)
PR;4111605;154;29;2010;POINT(-52.2169479 -23.6194893)
PR;4111605;154;32;2010;POINT(-52.2169479 -23.6194893)
PR;4111704;19;57;2010;POINT(-50.07537 -23.74537)
PR;4111704;19;58;2010;POINT(-50.07537 -23.74537)
PR;4111803;24;10;2010;
PR;4111803;24;105;2010;POINT(-49.9885422 -23.1561606)
PR;4111803;24;119;2010;POINT(-49.94821 -23.1451)
PR;4111803;24;17;2010;POINT(-49.975934 -23.153962)
PR;4111803;24;18;2010;POINT(-49.975934 -23.153962)
PR;4111803;24;19;2010;POINT(-49.9758571 -23.1611058)
PR;4111803;24;24;2010;
PR;4111803;24;30;2010;POINT(-49.9783983 -23.1691361)
PR;4111803;24;42;2010;POINT(-49.9783983 -23.1691361)
PR;4111803;24;45;2010;POINT(-49.9625728 -23.1549502)
PR;4111803;24;50;2010;
PR;4111803;24;70;2010;POINT(-49.9801958 -23.1641433)
PR;4111803;24;79;2010;POINT(-49.99061 -23.1641)
PR;4111803;24;80;2010;POINT(-49.99061 -23.1641)
PR;4111803;24;81;2010;POINT(-49.99061 -23.1641)
PR;4111803;24;95;2010;POINT(-49.9885422 -23.1561606)
PR;4111803;24;97;2010;POINT(-49.9671701 -23.1499984)
PR;4111902;64;22;2010;POINT(-51.537197 -23.11536)
PR;4111902;64;26;2010;POINT(-51.537197 -23.11536)
PR;4112009;18;106;2010;POINT(-49.7040305 -24.2451972)
PR;4112009;18;108;2010;POINT(-49.7339862 -24.2705377)
PR;4112009;18;109;2010;POINT(-49.7290278 -24.2654132)
PR;4112009;18;38;2010;
PR;4112009;18;51;2010;POINT(-49.71088 -24.25125)
PR;4112009;18;57;2010;POINT(-49.7107222 -24.2500638)
PR;4112009;18;59;2010;POINT(-49.7188579 -24.2600727)
PR;4112009;18;63;2010;POINT(-49.73429 -24.27203)
PR;4112009;18;74;2010;
PR;4112009;18;76;2010;
PR;4112009;18;79;2010;POINT(-49.7188579 -24.2600727)
PR;4112009;18;89;2010;POINT(-49.7307847 -24.2769785)
PR;4112009;18;93;2010;POINT(-49.7040305 -24.2451972)
PR;4112108;70;111;2010;
PR;4112108;70;21;2010;POINT(-51.644094 -23.601915)
PR;4112108;70;49;2010;POINT(-51.6549 -23.59864)
PR;4112207;183;100;2010;POINT(-52.78127 -24.14448)
PR;4112207;183;102;2010;POINT(-52.78127 -24.14448)
PR;4112306;79;74;2010;
PR;4112405;149;16;2010;
PR;4112405;149;18;2010;
PR;4112405;149;19;2010;
PR;4112405;149;21;2010;
PR;4112405;149;8;2010;POINT(-52.552706 -23.469988)
PR;4112405;149;9;2010;POINT(-52.552706 -23.469988)
PR;4112504;152;1;2010;
PR;4112504;152;17;2010;
PR;4112504;152;48;2010;
PR;4112504;152;5;2010;
PR;4112504;152;9;2010;
PR;4112702;84;13;2010;POINT(-50.977051 -23.2563664)
PR;4112702;84;21;2010;POINT(-50.976987 -23.254222)
PR;4112702;84;66;2010;
PR;4112702;84;71;2010;
PR;4112751;120;103;2010;POINT(-53.3824668 -24.3762931)
PR;4112751;120;111;2010;
PR;4112751;120;122;2010;
PR;4112751;120;124;2010;
PR;4112751;120;133;2010;POINT(-53.3824668 -24.3762931)
PR;4112751;120;136;2010;POINT(-53.3824668 -24.3762931)
PR;4112751;120;96;2010;POINT(-53.3824668 -24.3762931)
PR;4112751;120;99;2010;POINT(-53.3824668 -24.3762931)
PR;4112801;55;13;2010;
PR;4112801;55;16;2010;
PR;4112801;55;26;2010;POINT(-49.9233521 -23.5031411)
PR;4112900;82;18;2010;POINT(-50.2467848 -23.435369)
PR;4112900;82;19;2010;POINT(-50.2467848 -23.435369)
PR;4112959;98;151;2010;
PR;4113007;149;25;2010;POINT(-52.47116 -23.6197202)
PR;4113007;149;27;2010;POINT(-52.47116 -23.6197202)
PR;4113205;10;107;2010;
PR;4113205;10;129;2010;
PR;4113205;10;147;2010;POINT(-49.7182247 -25.7679702)
PR;4113205;10;260;2010;
PR;4113205;10;51;2010;
PR;4113205;10;74;2010;POINT(-49.7155201 -25.7628709)
PR;4113205;10;77;2010;
PR;4113205;10;93;2010;
PR;4113205;10;96;2010;
PR;4113254;134;15;2010;
PR;4113254;134;85;2010;
PR;4113254;134;88;2010;
PR;4113304;45;113;2010;
PR;4113304;45;160;2010;
PR;4113304;45;36;2010;
PR;4113403;26;130;2010;POINT(-50.7552098 -23.0804636)
PR;4113403;26;87;2010;POINT(-50.7552098 -23.0804636)
PR;4113403;26;90;2010;POINT(-50.7509 -23.08027)
PR;4113429;152;36;2010;
PR;4113429;152;86;2010;
PR;4113452;143;146;2010;
PR;4113452;143;201;2010;POINT(-53.5759 -25.25687)
PR;4113502;85;12;2010;POINT(-53.1345961 -22.925979)
PR;4113502;85;14;2010;
PR;4113502;85;2;2010;POINT(-53.1345961 -22.925979)
PR;4113601;95;105;2010;POINT(-51.95049 -23.01055)
PR;4113601;95;107;2010;POINT(-51.95049 -23.01055)
PR;4113700;146;128;2010;POINT(-51.184872 -23.608885)
PR;4113700;146;133;2010;POINT(-51.184872 -23.608885)
PR;4113700;146;154;2010;
PR;4113700;146;166;2010;POINT(-51.184872 -23.608885)
PR;4113700;146;184;2010;POINT(-51.125238 -23.503714)
PR;4113700;146;185;2010;POINT(-51.1711514 -23.3311681)
PR;4113700;146;187;2010;
PR;4113700;146;188;2010;
PR;4113700;157;101;2010;POINT(-51.1452848 -23.261292)
PR;4113700;157;103;2010;POINT(-51.1452848 -23.261292)
PR;4113700;157;107;2010;POINT(-51.1452848 -23.261292)
PR;4113700;157;108;2010;POINT(-51.1452848 -23.261292)
PR;4113700;157;119;2010;POINT(-51.154971 -23.2608707)
PR;4113700;157;129;2010;
PR;4113700;157;133;2010;POINT(-51.1409807 -23.2536003)
PR;4113700;157;134;2010;POINT(-51.1409807 -23.2536003)
PR;4113700;157;139;2010;POINT(-51.1482565 -23.2561409)
PR;4113700;157;161;2010;
PR;4113700;157;163;2010;
PR;4113700;157;176;2010;POINT(-51.1452848 -23.261292)
PR;4113700;157;205;2010;POINT(-51.1768279 -23.2650444)
PR;4113700;157;208;2010;POINT(-51.1433026 -23.2612422)
PR;4113700;157;217;2010;POINT(-51.1409807 -23.2536003)
PR;4113700;157;239;2010;POINT(-51.1742345 -23.2816825)
PR;4113700;157;240;2010;POINT(-51.1768279 -23.2650444)
PR;4113700;157;243;2010;POINT(-51.1768279 -23.2650444)
PR;4113700;157;244;2010;POINT(-51.1786783 -23.2600993)
PR;4113700;157;246;2010;POINT(-51.154971 -23.2608707)
PR;4113700;157;250;2010;
PR;4113700;157;262;2010;POINT(-51.1742345 -23.2816825)
PR;4113700;157;270;2010;
PR;4113700;157;70;2010;POINT(-51.1516016 -23.2804094)
PR;4113700;157;76;2010;POINT(-51.1727668 -23.2783992)
PR;4113700;157;80;2010;POINT(-51.1727668 -23.2783992)
PR;4113700;157;98;2010;POINT(-51.143147 -23.2656492)
PR;4113700;189;27;2010;POINT(-51.19546 -23.29394)
PR;4113700;189;34;2010;POINT(-51.1981007 -23.2935056)
PR;4113700;189;4;2010;POINT(-51.17876 -23.29718)
PR;4113700;189;54;2010;
PR;4113700;189;56;2010;
PR;4113700;189;66;2010;POINT(-51.1429394 -23.2824516)
PR;4113700;189;67;2010;POINT(-51.1241033 -23.2832072)
PR;4113700;189;84;2010;
PR;4113700;189;9;2010;POINT(-51.1824439 -23.2940342)
PR;4113700;190;111;2010;POINT(-51.1438974 -23.3364494)
PR;4113700;190;113;2010;POINT(-51.1438974 -23.3364494)
PR;4113700;190;114;2010;POINT(-51.1438974 -23.3364494)
PR;4113700;190;115;2010;POINT(-51.12943 -23.31814)
PR;4113700;190;119;2010;POINT(-51.1261504 -23.3825466)
PR;4113700;190;124;2010;POINT(-51.1289832 -23.3816725)
PR;4113700;190;146;2010;POINT(-51.1097788 -23.3242626)
PR;4113700;190;173;2010;POINT(-51.1097788 -23.3242626)
PR;4113700;190;174;2010;POINT(-51.1289832 -23.3816725)
PR;4113700;190;184;2010;POINT(-51.1384483 -23.318543)
PR;4113700;190;185;2010;POINT(-51.1455442 -23.3535282)
PR;4113700;190;187;2010;POINT(-51.1493728 -23.3338866)
PR;4113700;190;190;2010;POINT(-51.1516377 -23.327986)
PR;4113700;190;42;2010;POINT(-51.1537429 -23.3184192)
PR;4113700;190;44;2010;POINT(-51.1537429 -23.3184192)
PR;4113700;190;48;2010;POINT(-51.1462675 -23.3225121)
PR;4113700;190;55;2010;POINT(-51.1516377 -23.327986)
PR;4113700;190;60;2010;POINT(-51.1435745 -23.3321856)
PR;4113700;190;7;2010;POINT(-51.1263022 -23.3255025)
PR;4113700;190;87;2010;POINT(-51.1389459 -23.3676633)
PR;4113700;190;91;2010;POINT(-51.1389459 -23.3676633)
PR;4113700;191;10;2010;POINT(-51.2016784 -23.3013924)
PR;4113700;191;102;2010;POINT(-51.152104 -23.3755393)
PR;4113700;191;107;2010;POINT(-51.152104 -23.3755393)
PR;4113700;191;117;2010;POINT(-51.2268286 -23.3194543)
PR;4113700;191;120;2010;POINT(-51.1555886 -23.3693056)
PR;4113700;191;133;2010;POINT(-51.206715 -23.3044885)
PR;4113700;191;22;2010;POINT(-51.206715 -23.3044885)
PR;4113700;191;32;2010;POINT(-51.1984404 -23.3080651)
PR;4113700;191;35;2010;
PR;4113700;191;45;2010;POINT(-51.1902224 -23.3065012)
PR;4113700;191;69;2010;POINT(-51.1775745 -23.3103514)
PR;4113700;191;79;2010;POINT(-51.18025 -23.31803)
PR;4113700;191;80;2010;POINT(-51.18025 -23.31803)
PR;4113700;191;93;2010;POINT(-51.1555886 -23.3693056)
PR;4113700;191;95;2010;POINT(-51.1555886 -23.3693056)
PR;4113700;191;97;2010;POINT(-51.1442737 -23.3692979)
PR;4113700;41;108;2010;POINT(-51.1357188 -23.2952374)
PR;4113700;41;109;2010;POINT(-51.1357188 -23.2952374)
PR;4113700;41;111;2010;POINT(-51.1440688 -23.294058)
PR;4113700;41;116;2010;POINT(-51.1493751 -23.299962)
PR;4113700;41;123;2010;POINT(-51.1493751 -23.299962)
PR;4113700;41;124;2010;POINT(-51.1493751 -23.299962)
PR;4113700;41;125;2010;POINT(-51.1493751 -23.299962)
PR;4113700;41;146;2010;POINT(-51.1681096 -23.2994769)
PR;4113700;41;154;2010;POINT(-51.1650341 -23.3073988)
PR;4113700;41;160;2010;POINT(-51.1585033 -23.3024333)
PR;4113700;41;196;2010;POINT(-51.13 -23.30722)
PR;4113700;41;201;2010;POINT(-51.1363723 -23.3119866)
PR;4113700;41;76;2010;POINT(-51.1363723 -23.3119866)
PR;4113700;41;86;2010;POINT(-51.1463494 -23.3095604)
PR;4113700;41;88;2010;POINT(-51.1463494 -23.3095604)
PR;4113700;41;9;2010;POINT(-51.1596939 -23.3052427)
PR;4113700;41;90;2010;
PR;4113700;41;92;2010;
PR;4113700;42;10;2010;
PR;4113700;42;114;2010;POINT(-51.1524137 -23.3587687)
PR;4113700;42;13;2010;
PR;4113700;42;143;2010;POINT(-51.1486321 -23.3475894)
PR;4113700;42;150;2010;POINT(-51.1462675 -23.3225121)
PR;4113700;42;17;2010;POINT(-51.158744 -23.3124272)
PR;4113700;42;175;2010;POINT(-51.1486321 -23.3475894)
PR;4113700;42;180;2010;POINT(-51.1543421 -23.3278916)
PR;4113700;42;21;2010;POINT(-51.1634631 -23.3123023)
PR;4113700;42;24;2010;POINT(-51.1635853 -23.3132324)
PR;4113700;42;33;2010;
PR;4113700;42;5;2010;POINT(-51.1634631 -23.3123023)
PR;4113700;42;50;2010;POINT(-51.1602143 -23.3206628)
PR;4113700;42;59;2010;POINT(-51.1656 -23.32075)
PR;4113700;42;60;2010;POINT(-51.1656 -23.32075)
PR;4113700;42;63;2010;POINT(-51.1656 -23.32075)
PR;4113700;42;66;2010;POINT(-51.1656 -23.32075)
PR;4113700;42;67;2010;POINT(-51.1656 -23.32075)
PR;4113700;42;91;2010;POINT(-51.1543421 -23.3278916)
PR;4113700;42;92;2010;POINT(-51.1543421 -23.3278916)
PR;4113809;159;34;2010;
PR;4113809;159;36;2010;
PR;4113809;159;38;2010;
PR;4113908;37;10;2010;POINT(-50.8232971 -25.8785242)
PR;4113908;37;12;2010;POINT(-50.8232971 -25.8785242)
PR;4113908;37;14;2010;
PR;4113908;37;40;2010;
PR;4114005;170;27;2010;POINT(-52.528475 -24.3171317)
PR;4114005;170;32;2010;POINT(-52.5281652 -24.3091596)
PR;4114005;170;34;2010;POINT(-52.5281652 -24.3091596)
PR;4114005;170;36;2010;POINT(-52.528475 -24.3171317)
PR;4114104;102;10;2010;
PR;4114104;102;11;2010;
PR;4114104;102;13;2010;
PR;4114104;102;28;2010;
PR;4114203;60;15;2010;POINT(-51.6757763 -23.524997)
PR;4114203;60;20;2010;
PR;4114203;60;23;2010;
PR;4114203;60;24;2010;POINT(-51.67141 -23.52931)
PR;4114203;60;29;2010;POINT(-51.67141 -23.52931)
PR;4114203;60;48;2010;POINT(-51.69755 -23.5111)
PR;4114203;60;55;2010;POINT(-51.68052 -23.52171)
PR;4114203;60;7;2010;
PR;4114302;144;155;2010;
PR;4114302;144;43;2010;POINT(-49.3262191 -25.7778746)
PR;4114302;144;44;2010;
PR;4114302;144;66;2010;
PR;4114401;168;10;2010;
PR;4114401;168;22;2010;
PR;4114401;168;59;2010;
PR;4114401;168;66;2010;
PR;4114401;168;67;2010;
PR;4114401;168;68;2010;
PR;4114401;168;8;2010;
PR;4114500;196;111;2010;POINT(-51.6622495 -24.514473)
PR;4114500;196;115;2010;POINT(-51.668372 -24.514456)
PR;4114500;196;123;2010;POINT(-51.668372 -24.514456)
PR;4114500;196;127;2010;POINT(-51.599845 -24.509415)
PR;4114500;196;130;2010;
PR;4114500;196;136;2010;
PR;4114500;196;141;2010;
PR;4114609;121;125;2010;
PR;4114609;121;139;2010;
PR;4114609;121;15;2010;POINT(-54.0610905 -24.5529305)
PR;4114609;121;151;2010;POINT(-54.0610905 -24.5529305)
PR;4114609;121;152;2010;
PR;4114609;121;155;2010;
PR;4114609;121;162;2010;
PR;4114609;121;19;2010;
PR;4114609;121;20;2010;
PR;4114609;121;43;2010;
PR;4114609;121;6;2010;
PR;4114609;121;82;2010;
PR;4114609;121;83;2010;
PR;4114609;121;84;2010;
PR;4114708;142;29;2010;
PR;4114807;81;157;2010;POINT(-51.7937103 -23.479018)
PR;4114807;81;159;2010;
PR;4114807;81;165;2010;POINT(-51.7937103 -23.479018)
PR;4114807;81;169;2010;
PR;4114807;81;27;2010;
PR;4114807;81;28;2010;
PR;4114807;81;30;2010;
PR;4114807;81;32;2010;
PR;4114807;81;37;2010;
PR;4114807;81;41;2010;
PR;4114807;81;49;2010;
PR;4114807;81;57;2010;
PR;4114906;76;43;2010;
PR;4114906;76;96;2010;
PR;4115002;96;56;2010;POINT(-53.0298302 -22.7435002)
PR;4115002;96;60;2010;POINT(-53.0298302 -22.7435002)
PR;4115002;96;61;2010;POINT(-53.0298302 -22.7435002)
PR;4115101;86;51;2010;POINT(-53.1502328 -24.0106556)
PR;4115101;86;54;2010;POINT(-53.1502328 -24.0106556)
PR;4115101;86;59;2010;POINT(-53.1479966 -24.0121994)
PR;4115200;137;101;2010;POINT(-51.9127 -23.41481)
PR;4115200;137;135;2010;POINT(-51.9112704 -23.3997877)
PR;4115200;137;143;2010;POINT(-51.9152 -23.39653)
PR;4115200;137;160;2010;POINT(-51.8881288 -23.4144203)
PR;4115200;137;164;2010;POINT(-51.8881288 -23.4144203)
PR;4115200;137;195;2010;POINT(-51.8944602 -23.4031507)
PR;4115200;137;204;2010;POINT(-51.919686 -23.404103)
PR;4115200;137;232;2010;POINT(-51.8972516 -23.4143403)
PR;4115200;137;242;2010;POINT(-51.8806785 -23.4084316)
PR;4115200;137;254;2010;POINT(-51.8972516 -23.4143403)
PR;4115200;137;262;2010;POINT(-51.9049077 -23.3880957)
PR;4115200;137;265;2010;POINT(-51.8983576 -23.4178242)
PR;4115200;137;271;2010;POINT(-51.8952104 -23.3992187)
PR;4115200;137;281;2010;POINT(-51.9108102 -23.3986828)
PR;4115200;137;288;2010;
PR;4115200;137;289;2010;POINT(-51.8952104 -23.3992187)
PR;4115200;137;291;2010;
PR;4115200;137;294;2010;POINT(-51.8881288 -23.4144203)
PR;4115200;137;296;2010;POINT(-51.9152 -23.39653)
PR;4115200;137;73;2010;
PR;4115200;137;80;2010;
PR;4115200;137;83;2010;
PR;4115200;137;98;2010;POINT(-51.9127 -23.41481)
PR;4115200;137;99;2010;POINT(-51.9127 -23.41481)
PR;4115200;154;150;2010;POINT(-51.8967323 -23.4279468)
PR;4115200;154;152;2010;POINT(-51.9749696 -23.4531417)
PR;4115200;154;155;2010;POINT(-51.9423048 -23.4560638)
PR;4115200;154;169;2010;POINT(-51.9327171 -23.4457689)
PR;4115200;154;190;2010;POINT(-51.959955 -23.4515069)
PR;4115200;154;191;2010;POINT(-51.9327171 -23.4457689)
PR;4115200;154;231;2010;POINT(-51.896463 -23.4396875)
PR;4115200;154;233;2010;POINT(-51.959955 -23.4515069)
PR;4115200;154;52;2010;POINT(-51.8967323 -23.4279468)
PR;4115200;154;57;2010;POINT(-51.919624 -23.4614971)
PR;4115200;154;71;2010;POINT(-51.93438 -23.43804)
PR;4115200;154;74;2010;POINT(-51.9713079 -23.4314621)
PR;4115200;154;87;2010;POINT(-51.959955 -23.4515069)
PR;4115200;192;109;2010;
PR;4115200;192;122;2010;POINT(-51.9218551 -23.3940496)
PR;4115200;192;126;2010;POINT(-51.9399913 -23.404717)
PR;4115200;192;18;2010;POINT(-51.92914 -23.40536)
PR;4115200;192;28;2010;POINT(-51.94851 -23.40894)
PR;4115200;192;30;2010;POINT(-51.9399913 -23.404717)
PR;4115200;192;33;2010;POINT(-51.9399913 -23.404717)
PR;4115200;192;45;2010;POINT(-51.9399913 -23.404717)
PR;4115200;192;54;2010;POINT(-51.9541303 -23.414595)
PR;4115200;192;65;2010;
PR;4115200;192;74;2010;POINT(-51.9319653 -23.4027688)
PR;4115200;192;77;2010;POINT(-51.94073 -23.38171)
PR;4115200;192;81;2010;POINT(-51.94073 -23.38171)
PR;4115200;193;116;2010;POINT(-51.9786649 -23.3967141)
PR;4115200;193;120;2010;POINT(-51.9786649 -23.3967141)
PR;4115200;193;122;2010;POINT(-51.9486746 -23.4161349)
PR;4115200;193;127;2010;POINT(-51.9786649 -23.3967141)
PR;4115200;193;13;2010;POINT(-51.9588432 -23.433587)
PR;4115200;193;135;2010;POINT(-51.9786649 -23.3967141)
PR;4115200;193;16;2010;POINT(-51.9588432 -23.433587)
PR;4115200;193;3;2010;
PR;4115200;193;44;2010;POINT(-51.9486746 -23.4161349)
PR;4115200;193;45;2010;POINT(-51.9486746 -23.4161349)
PR;4115200;193;60;2010;POINT(-51.95909 -23.40499)
PR;4115200;193;61;2010;POINT(-51.95909 -23.40499)
PR;4115200;193;62;2010;POINT(-52.0301287 -23.3838543)
PR;4115200;193;94;2010;POINT(-51.9674957 -23.3944286)
PR;4115200;193;99;2010;POINT(-51.9674957 -23.3944286)
PR;4115200;66;116;2010;POINT(-51.9356974 -23.4121941)
PR;4115200;66;128;2010;POINT(-51.9257084 -23.4158849)
PR;4115200;66;129;2010;POINT(-51.9257084 -23.4158849)
PR;4115200;66;136;2010;POINT(-51.9314925 -23.4158064)
PR;4115200;66;152;2010;POINT(-51.9317717 -23.4305337)
PR;4115200;66;18;2010;POINT(-51.930693 -23.421784)
PR;4115200;66;23;2010;POINT(-51.9393146 -23.4278876)
PR;4115200;66;4;2010;POINT(-51.94222 -23.4270698)
PR;4115200;66;40;2010;POINT(-51.9395457 -23.4330841)
PR;4115200;66;43;2010;POINT(-51.9263473 -23.4270055)
PR;4115200;66;61;2010;POINT(-51.9254384 -23.4308251)
PR;4115309;47;38;2010;
PR;4115309;47;45;2010;
PR;4115309;47;46;2010;
PR;4115358;124;45;2010;POINT(-53.8286451 -24.4217982)
PR;4115358;124;68;2010;POINT(-53.8286451 -24.4217982)
PR;4115358;124;71;2010;POINT(-53.8286451 -24.4217982)
PR;4115408;140;122;2010;POINT(-53.0274249 -26.1461511)
PR;4115408;140;34;2010;POINT(-53.0274249 -26.1461511)
PR;4115408;140;42;2010;POINT(-53.0274249 -26.1461511)
PR;4115408;140;44;2010;POINT(-53.0274249 -26.1461511)
PR;4115408;140;46;2010;
PR;4115408;140;90;2010;
PR;4115457;45;165;2010;
PR;4115457;45;169;2010;POINT(-52.37435 -25.10383)
PR;4115457;45;186;2010;
PR;4115507;70;108;2010;POINT(-51.6427926 -23.7073257)
PR;4115507;70;77;2010;
PR;4115606;118;120;2010;
PR;4115606;118;131;2010;
PR;4115606;118;138;2010;POINT(-53.9805041 -25.2442922)
PR;4115606;118;18;2010;POINT(-53.94451 -25.192)
PR;4115606;118;21;2010;POINT(-53.94451 -25.192)
PR;4115606;118;23;2010;POINT(-53.94451 -25.192)
PR;4115705;194;101;2010;
PR;4115705;194;114;2010;POINT(-48.5285955 -25.7972218)
PR;4115705;194;118;2010;
PR;4115705;194;122;2010;POINT(-48.53608 -25.82066)
PR;4115705;194;129;2010;
PR;4115705;194;146;2010;
PR;4115705;194;164;2010;
PR;4115705;194;178;2010;
PR;4115705;194;99;2010;
PR;4115739;38;226;2010;
PR;4115739;38;227;2010;
PR;4115739;38;231;2010;
PR;4115739;38;234;2010;
PR;4115754;76;108;2010;POINT(-51.2305102 -23.9039141)
PR;4115754;76;21;2010;
PR;4115754;76;80;2010;POINT(-51.22455 -23.89564)
PR;4115804;114;129;2010;POINT(-54.0976379 -25.3057972)
PR;4115804;114;145;2010;POINT(-54.1020905 -25.3005405)
PR;4115804;114;146;2010;POINT(-54.1027173 -25.2957947)
PR;4115804;114;15;2010;POINT(-54.0995702 -25.2963022)
PR;4115804;114;152;2010;POINT(-54.1027173 -25.2957947)
PR;4115804;114;26;2010;POINT(-54.1002293 -25.2934815)
PR;4115804;114;29;2010;POINT(-54.1002293 -25.2934815)
PR;4115804;114;31;2010;POINT(-54.1002293 -25.2934815)
PR;4115804;114;47;2010;
PR;4115804;114;52;2010;POINT(-54.079728 -25.2925271)
PR;4115804;114;8;2010;POINT(-54.0948739 -25.3002304)
PR;4115853;121;149;2010;POINT(-54.24795 -24.3926468)
PR;4115853;121;154;2010;POINT(-54.1633516 -24.4521641)
PR;4115853;121;62;2010;POINT(-54.1633516 -24.4521641)
PR;4115853;121;73;2010;
PR;4115903;100;37;2010;
PR;4116000;65;23;2010;POINT(-51.482871 -22.968176)
PR;4116059;114;103;2010;
PR;4116059;114;137;2010;POINT(-54.2618711 -25.0832391)
PR;4116059;114;156;2010;POINT(-54.237343 -25.0939254)
PR;4116059;114;85;2010;POINT(-54.2474517 -25.0900791)
PR;4116059;114;86;2010;POINT(-54.2474517 -25.0900791)
PR;4116059;114;92;2010;POINT(-54.1824298 -25.1765349)
PR;4116059;114;97;2010;POINT(-54.1455 -25.15142)
PR;4116109;92;115;2010;
PR;4116109;92;88;2010;
PR;4116109;92;91;2010;
PR;4116208;51;14;2010;
PR;4116208;51;25;2010;
PR;4116208;51;34;2010;
PR;4116307;67;117;2010;POINT(-51.77101 -23.14754)
PR;4116406;95;104;2010;
PR;4116505;138;76;2010;
PR;4116703;120;56;2010;POINT(-53.2622106 -24.5274114)
PR;4116703;120;68;2010;
PR;4116703;120;70;2010;
PR;4116703;120;77;2010;POINT(-53.2516902 -24.529532)
PR;4116703;120;89;2010;POINT(-53.26278 -24.52617)
PR;4116802;169;56;2010;POINT(-52.57007 -24.67454)
PR;4116802;169;60;2010;POINT(-52.57007 -24.67454)
PR;4116901;71;30;2010;POINT(-52.20122 -23.18488)
PR;4116901;71;35;2010;POINT(-52.20122 -23.18488)
PR;4116901;71;41;2010;POINT(-52.20017 -23.1862333)
PR;4116901;71;49;2010;POINT(-52.2052701 -23.1856551)
PR;4116901;71;54;2010;POINT(-52.2052701 -23.1856551)
PR;4116901;71;64;2010;POINT(-52.197695 -23.1850182)
PR;4116901;71;71;2010;
PR;4116901;71;96;2010;POINT(-52.201139 -23.1719053)
PR;4116901;71;98;2010;POINT(-52.201139 -23.1719053)
PR;4116950;162;105;2010;
PR;4116950;162;117;2010;
PR;4117008;108;10;2010;
PR;4117057;45;125;2010;
PR;4117057;45;140;2010;
PR;4117057;45;63;2010;
PR;4117107;96;39;2010;POINT(-52.9849035 -22.7614489)
PR;4117107;96;49;2010;POINT(-52.9900219 -22.7633956)
PR;4117206;127;51;2010;
PR;4117206;127;54;2010;
PR;4117222;121;175;2010;POINT(-53.950071 -24.469082)
PR;4117222;121;182;2010;
PR;4117255;162;101;2010;POINT(-53.3422757 -25.6379798)
PR;4117255;162;53;2010;POINT(-53.3422757 -25.6379798)
PR;4117255;162;64;2010;
PR;4117255;162;97;2010;POINT(-53.3440098 -25.6333961)
PR;4117271;196;101;2010;POINT(-51.9483074 -24.4388574)
PR;4117271;196;62;2010;
PR;4117271;196;64;2010;
PR;4117271;196;66;2010;
PR;4117271;196;71;2010;POINT(-51.9483074 -24.4388574)
PR;4117271;196;82;2010;
PR;4117297;150;44;2010;POINT(-51.50641 -23.75982)
PR;4117297;150;48;2010;POINT(-51.50641 -23.75982)
PR;4117305;167;5;2010;POINT(-50.9261873 -24.205822)
PR;4117305;167;8;2010;POINT(-50.9261873 -24.205822)
PR;4117305;167;88;2010;POINT(-50.926357 -24.211393)
PR;4117404;102;36;2010;
PR;4117453;148;25;2010;POINT(-53.904729 -24.7723102)
PR;4117453;148;28;2010;POINT(-53.904729 -24.7723102)
PR;4117453;148;30;2010;POINT(-53.904729 -24.7723102)
PR;4117503;154;109;2010;POINT(-52.0512363 -23.4589863)
PR;4117503;154;178;2010;
PR;4117503;154;184;2010;POINT(-52.0612149 -23.4569438)
PR;4117602;32;18;2010;POINT(-51.9907228 -26.4836824)
PR;4117602;32;22;2010;POINT(-51.9907228 -26.4836824)
PR;4117602;32;30;2010;POINT(-51.9921071 -26.4847313)
PR;4117602;32;43;2010;POINT(-52.0039214 -26.4725472)
PR;4117602;32;68;2010;POINT(-51.9900906 -26.487646)
PR;4117602;32;72;2010;POINT(-51.9961549 -26.4922528)
PR;4117602;32;79;2010;POINT(-51.9900906 -26.487646)
PR;4117602;32;93;2010;POINT(-52.0085383 -26.4702093)
PR;4117602;32;99;2010;
PR;4117701;13;1;2010;
PR;4117701;13;11;2010;POINT(-50.0091978 -25.4327501)
PR;4117701;13;15;2010;POINT(-50.0091978 -25.4327501)
PR;4117701;13;19;2010;
PR;4117701;13;2;2010;
PR;4117701;13;33;2010;
PR;4117701;13;37;2010;
PR;4117701;13;38;2010;
PR;4117701;13;4;2010;
PR;4117701;13;48;2010;
PR;4117701;13;53;2010;
PR;4117701;13;58;2010;
PR;4117701;13;59;2010;
PR;4117701;13;6;2010;
PR;4117701;13;61;2010;
PR;4117701;13;76;2010;
PR;4117701;13;88;2010;
PR;4117800;134;105;2010;
PR;4117800;134;38;2010;
PR;4117800;134;68;2010;
PR;4117800;134;7;2010;POINT(-52.1978832 -24.8867163)
PR;4117909;124;29;2010;
PR;4117909;124;30;2010;
PR;4117909;124;38;2010;POINT(-53.8331901 -24.2990253)
PR;4117909;124;5;2010;
PR;4117909;124;60;2010;
PR;4117909;124;85;2010;
PR;4118006;100;11;2010;
PR;4118105;91;22;2010;POINT(-52.1516262 -22.9332844)
PR;4118105;91;23;2010;POINT(-52.1516262 -22.9332844)
PR;4118105;91;29;2010;POINT(-52.1516262 -22.9332844)
PR;4118105;91;30;2010;POINT(-52.1516262 -22.9332844)
PR;4118105;91;33;2010;POINT(-52.1516262 -22.9332844)
PR;4118105;91;49;2010;POINT(-52.1516262 -22.9332844)
PR;4118204;158;116;2010;
PR;4118204;158;122;2010;
PR;4118204;158;125;2010;
PR;4118204;158;135;2010;
PR;4118204;158;146;2010;
PR;4118204;158;151;2010;POINT(-48.5331 -25.51556)
PR;4118204;158;167;2010;
PR;4118204;158;170;2010;
PR;4118204;158;172;2010;POINT(-48.6266141 -25.5574138)
PR;4118204;158;173;2010;POINT(-48.6266141 -25.5574138)
PR;4118204;158;178;2010;
PR;4118204;158;183;2010;
PR;4118204;158;197;2010;
PR;4118204;158;204;2010;
PR;4118204;158;208;2010;POINT(-48.54717 -25.54258)
PR;4118204;158;232;2010;
PR;4118204;158;239;2010;
PR;4118204;158;34;2010;
PR;4118204;158;45;2010;
PR;4118204;5;11;2010;
PR;4118204;5;110;2010;POINT(-48.50315 -25.52772)
PR;4118204;5;118;2010;
PR;4118204;5;152;2010;
PR;4118204;5;168;2010;
PR;4118204;5;176;2010;
PR;4118204;5;184;2010;
PR;4118204;5;23;2010;
PR;4118204;5;24;2010;POINT(-48.5044508 -25.5172605)
PR;4118204;5;4;2010;
PR;4118204;5;47;2010;
PR;4118204;5;52;2010;
PR;4118204;5;65;2010;
PR;4118204;5;67;2010;
PR;4118204;5;7;2010;
PR;4118204;5;70;2010;
PR;4118204;5;71;2010;
PR;4118402;138;105;2010;
PR;4118402;138;37;2010;POINT(-52.4456779 -23.0779524)
PR;4118402;138;38;2010;POINT(-52.4456779 -23.0779524)
PR;4118402;138;39;2010;POINT(-52.4456779 -23.0779524)
PR;4118402;138;45;2010;POINT(-52.6054147 -23.0842575)
PR;4118402;138;49;2010;POINT(-52.408586 -23.0742797)
PR;4118402;72;115;2010;
PR;4118402;72;127;2010;
PR;4118402;72;13;2010;POINT(-52.4787417 -23.0959718)
PR;4118402;72;130;2010;POINT(-52.4555237 -23.0743817)
PR;4118402;72;17;2010;POINT(-52.4787417 -23.0959718)
PR;4118402;72;18;2010;POINT(-52.4787417 -23.0959718)
PR;4118402;72;48;2010;POINT(-52.4491197 -23.092073)
PR;4118402;72;50;2010;POINT(-52.4491197 -23.092073)
PR;4118402;72;92;2010;POINT(-52.4688444 -23.079443)
PR;4118402;72;99;2010;POINT(-52.4491197 -23.092073)
PR;4118501;73;106;2010;
PR;4118501;73;109;2010;
PR;4118501;73;114;2010;POINT(-52.702819 -26.241998)
PR;4118501;73;119;2010;
PR;4118501;73;121;2010;POINT(-52.67661 -26.21601)
PR;4118501;73;128;2010;
PR;4118501;73;138;2010;POINT(-52.679402 -26.237937)
PR;4118501;73;141;2010;POINT(-52.6691 -26.22803)
PR;4118501;73;142;2010;
PR;4118501;73;146;2010;POINT(-52.6835151 -26.2314026)
PR;4118501;73;190;2010;POINT(-52.6900785 -26.262459)
PR;4118501;73;192;2010;POINT(-52.702819 -26.241998)
PR;4118501;73;193;2010;POINT(-52.67959 -26.24395)
PR;4118501;73;194;2010;POINT(-52.6835151 -26.2314026)
PR;4118501;73;23;2010;POINT(-52.66992 -26.24115)
PR;4118501;73;31;2010;
PR;4118501;73;40;2010;POINT(-52.6691 -26.22803)
PR;4118501;73;67;2010;POINT(-52.679402 -26.237937)
PR;4118501;73;73;2010;POINT(-52.6733025 -26.2353098)
PR;4118501;73;82;2010;
PR;4118501;73;85;2010;
PR;4118501;73;87;2010;
PR;4118501;73;97;2010;POINT(-52.6835151 -26.2314026)
PR;4118501;73;98;2010;POINT(-52.6835151 -26.2314026)
PR;4118709;37;28;2010;
PR;4118709;37;31;2010;
PR;4118709;37;35;2010;
PR;4118709;37;47;2010;POINT(-50.6739732 -26.1070717)
PR;4118808;74;30;2010;POINT(-52.3399592 -23.9160496)
PR;4118808;74;40;2010;POINT(-52.34196 -23.91879)
PR;4118808;74;49;2010;POINT(-52.346831 -23.9100973)
PR;4118857;142;106;2010;POINT(-53.47507 -23.88924)
PR;4118857;142;114;2010;POINT(-53.4090166 -23.8963224)
PR;4118907;135;23;2010;
PR;4118907;135;37;2010;POINT(-53.6794183 -23.8008271)
PR;4118907;135;43;2010;
PR;4119004;107;64;2010;
PR;4119004;107;85;2010;
PR;4119103;11;117;2010;POINT(-49.40926667 -26.04809833)
PR;4119103;11;147;2010;
PR;4119152;187;100;2010;POINT(-49.161846 -25.42892)
PR;4119152;187;105;2010;POINT(-49.161846 -25.42892)
PR;4119152;187;108;2010;POINT(-49.1550702 -25.4294647)
PR;4119152;187;128;2010;POINT(-49.16681 -25.43913)
PR;4119152;187;137;2010;POINT(-49.16465 -25.44171)
PR;4119152;187;145;2010;POINT(-49.177044 -25.4273616)
PR;4119152;187;148;2010;POINT(-49.1517027 -25.4174014)
PR;4119152;187;160;2010;POINT(-49.1801309 -25.4024596)
PR;4119152;187;161;2010;POINT(-49.1801309 -25.4024596)
PR;4119152;187;170;2010;POINT(-49.17603 -25.43145)
PR;4119152;187;171;2010;POINT(-49.1813306 -25.3998649)
PR;4119152;187;199;2010;POINT(-49.17603 -25.43145)
PR;4119152;187;200;2010;POINT(-49.152 -25.41929)
PR;4119152;187;202;2010;POINT(-49.1837463 -25.441967)
PR;4119152;187;86;2010;POINT(-49.1735918 -25.4446796)
PR;4119152;187;89;2010;POINT(-49.17445 -25.44417)
PR;4119152;188;104;2010;POINT(-49.1850692 -25.4502242)
PR;4119152;188;105;2010;POINT(-49.1850692 -25.4502242)
PR;4119152;188;128;2010;POINT(-49.1834315 -25.4249349)
PR;4119152;188;135;2010;POINT(-49.1821221 -25.4183338)
PR;4119152;188;136;2010;
PR;4119152;188;161;2010;POINT(-49.1918081 -25.4386227)
PR;4119152;188;234;2010;POINT(-49.1912489 -25.3925357)
PR;4119152;188;238;2010;POINT(-49.1854084 -25.4540872)
PR;4119152;188;248;2010;POINT(-49.1854875 -25.4571688)
PR;4119152;188;259;2010;
PR;4119152;188;269;2010;POINT(-49.1831012 -25.4567388)
PR;4119152;188;326;2010;POINT(-49.1854875 -25.4571688)
PR;4119202;19;12;2010;POINT(-50.0585441 -23.7933358)
PR;4119202;19;24;2010;
PR;4119251;83;46;2010;
PR;4119301;160;105;2010;POINT(-51.6445272 -25.7047153)
PR;4119301;160;108;2010;
PR;4119301;160;17;2010;POINT(-51.39131 -25.69922)
PR;4119301;160;2;2010;
PR;4119301;160;3;2010;
PR;4119301;160;34;2010;
PR;4119301;160;42;2010;
PR;4119301;160;5;2010;
PR;4119301;160;51;2010;
PR;4119301;160;53;2010;
PR;4119301;160;56;2010;POINT(-51.64798 -25.6978)
PR;4119301;160;73;2010;
PR;4119301;160;85;2010;
PR;4119301;160;90;2010;
PR;4119400;27;20;2010;POINT(-49.9370764 -24.5337428)
PR;4119400;27;21;2010;POINT(-49.9370764 -24.5337428)
PR;4119400;27;24;2010;POINT(-49.9370764 -24.5337428)
PR;4119400;27;38;2010;
PR;4119400;27;4;2010;
PR;4119400;27;45;2010;
PR;4119509;155;185;2010;POINT(-49.16444 -25.45611)
PR;4119509;155;200;2010;POINT(-49.06548 -25.44589)
PR;4119509;155;217;2010;POINT(-49.10297 -25.45436)
PR;4119509;155;233;2010;POINT(-49.06107 -25.44308)
PR;4119509;155;266;2010;POINT(-49.10297 -25.45436)
PR;4119509;155;285;2010;POINT(-49.1270573 -25.4555301)
PR;4119509;155;290;2010;
PR;4119509;155;316;2010;POINT(-49.10297 -25.45436)
PR;4119509;155;318;2010;
PR;4119509;155;319;2010;POINT(-49.06178 -25.44564)
PR;4119509;155;382;2010;POINT(-49.1270573 -25.4555301)
PR;4119509;155;389;2010;POINT(-49.1572977 -25.4570625)
PR;4119509;155;401;2010;POINT(-49.14741 -25.4599)
PR;4119509;155;402;2010;POINT(-49.055567 -25.4501119)
PR;4119509;155;403;2010;POINT(-49.15028 -25.45389)
PR;4119509;155;49;2010;POINT(-49.06548 -25.44589)
PR;4119608;38;114;2010;
PR;4119608;38;145;2010;
PR;4119608;38;217;2010;POINT(-51.7645351 -24.7593111)
PR;4119608;38;218;2010;
PR;4119608;38;277;2010;
PR;4119608;38;286;2010;POINT(-51.7645351 -24.7593111)
PR;4119608;38;33;2010;
PR;4119608;38;44;2010;POINT(-51.7623142 -24.7572628)
PR;4119608;38;53;2010;POINT(-51.7645351 -24.7593111)
PR;4119608;38;54;2010;POINT(-51.7645351 -24.7593111)
PR;4119608;38;55;2010;
PR;4119608;38;58;2010;
PR;4119608;38;76;2010;
PR;4119608;38;77;2010;
PR;4119707;94;8;2010;
PR;4119806;107;102;2010;
PR;4119806;107;105;2010;
PR;4119806;107;115;2010;
PR;4119806;107;133;2010;POINT(-53.7635007 -25.722501)
PR;4119806;107;137;2010;POINT(-53.7635007 -25.722501)
PR;4119806;107;99;2010;POINT(-53.76643 -25.71621)
PR;4119905;139;122;2010;POINT(-50.1627066 -25.0978341)
PR;4119905;139;188;2010;
PR;4119905;139;195;2010;POINT(-50.2043224 -25.0947572)
PR;4119905;139;197;2010;
PR;4119905;139;206;2010;
PR;4119905;139;214;2010;POINT(-50.1915895 -25.0790986)
PR;4119905;139;228;2010;POINT(-50.183473 -25.0735376)
PR;4119905;139;229;2010;POINT(-50.2043224 -25.0947572)
PR;4119905;139;232;2010;
PR;4119905;139;237;2010;
PR;4119905;139;239;2010;
PR;4119905;139;36;2010;
PR;4119905;139;38;2010;
PR;4119905;139;43;2010;
PR;4119905;139;45;2010;
PR;4119905;139;52;2010;
PR;4119905;139;55;2010;
PR;4119905;139;91;2010;
PR;4119905;139;93;2010;
PR;4119905;139;99;2010;
PR;4119905;14;11;2010;
PR;4119905;14;113;2010;POINT(-50.148717 -25.117147)
PR;4119905;14;118;2010;POINT(-50.1366796 -25.0917591)
PR;4119905;14;119;2010;POINT(-50.1366796 -25.0917591)
PR;4119905;14;125;2010;POINT(-50.1366796 -25.0917591)
PR;4119905;14;14;2010;POINT(-50.15968 -25.093)
PR;4119905;14;149;2010;POINT(-50.1468333 -25.0985923)
PR;4119905;14;165;2010;
PR;4119905;14;172;2010;
PR;4119905;14;18;2010;
PR;4119905;14;30;2010;POINT(-50.15968 -25.093)
PR;4119905;14;38;2010;
PR;4119905;14;49;2010;POINT(-50.1609252 -25.0866233)
PR;4119905;14;52;2010;POINT(-50.1609252 -25.0866233)
PR;4119905;14;58;2010;POINT(-50.14629 -25.1290691)
PR;4119905;15;119;2010;POINT(-50.1660871 -25.1059559)
PR;4119905;15;136;2010;POINT(-50.15908 -25.12031)
PR;4119905;15;149;2010;
PR;4119905;15;24;2010;POINT(-50.1702611 -25.0866205)
PR;4119905;15;31;2010;
PR;4119905;15;47;2010;
PR;4119905;15;61;2010;
PR;4119905;15;69;2010;
PR;4119905;15;74;2010;POINT(-50.1700207 -25.0926783)
PR;4119905;15;8;2010;POINT(-50.1770553 -25.0849773)
PR;4119905;15;87;2010;
PR;4119905;197;111;2010;POINT(-50.15769 -25.07616)
PR;4119905;197;23;2010;
PR;4119905;197;25;2010;POINT(-50.15769 -25.07616)
PR;4119905;197;29;2010;
PR;4119905;197;34;2010;
PR;4119905;197;42;2010;POINT(-50.1320915 -25.0747833)
PR;4119905;197;45;2010;POINT(-50.1320915 -25.0747833)
PR;4119905;197;76;2010;POINT(-50.1636348 -25.0697098)
PR;4119905;197;91;2010;
PR;4119905;198;104;2010;
PR;4119905;198;106;2010;
PR;4119905;198;13;2010;POINT(-50.1162656 -25.0705902)
PR;4119905;198;28;2010;
PR;4119905;198;39;2010;POINT(-50.1182655 -25.0921731)
PR;4119905;198;6;2010;
PR;4119905;198;76;2010;
PR;4119905;198;87;2010;
PR;4119905;198;90;2010;
PR;4119954;194;145;2010;
PR;4119954;194;166;2010;
PR;4119954;194;179;2010;POINT(-48.4643609 -25.6703045)
PR;4119954;194;50;2010;
PR;4120002;65;60;2010;POINT(-51.3743687 -22.7578369)
PR;4120002;65;90;2010;POINT(-51.3794947 -22.7563516)
PR;4120150;45;58;2010;
PR;4120200;85;34;2010;POINT(-53.268268 -22.782812)
PR;4120200;85;37;2010;POINT(-53.268268 -22.782812)
PR;4120200;85;40;2010;
PR;4120309;153;132;2010;
PR;4120309;153;163;2010;
PR;4120309;153;91;2010;
PR;4120333;65;27;2010;POINT(-51.4412485 -23.0395634)
PR;4120358;83;104;2010;
PR;4120358;83;62;2010;POINT(-53.7978018 -25.9656129)
PR;4120507;104;2;2010;POINT(-51.022942 -22.848737)
PR;4120507;104;26;2010;
PR;4120507;104;4;2010;POINT(-51.022942 -22.848737)
PR;4120507;104;6;2010;POINT(-51.022942 -22.848737)
PR;4120606;30;107;2010;
PR;4120606;30;115;2010;
PR;4120606;30;131;2010;
PR;4120606;30;134;2010;
PR;4120606;30;136;2010;
PR;4120606;30;138;2010;POINT(-51.02262667 -25.344805)
PR;4120606;30;140;2010;
PR;4120606;30;142;2010;
PR;4120606;30;149;2010;
PR;4120606;30;150;2010;
PR;4120606;30;25;2010;
PR;4120606;30;33;2010;
PR;4120606;30;49;2010;
PR;4120606;30;7;2010;
PR;4120606;30;79;2010;
PR;4120606;30;89;2010;
PR;4120705;55;41;2010;
PR;4120705;55;49;2010;POINT(-49.9167 -23.5693)
PR;4120804;195;116;2010;
PR;4120804;195;119;2010;
PR;4120804;195;54;2010;POINT(-49.0750865 -25.3680273)
PR;4120804;195;60;2010;
PR;4120804;195;68;2010;POINT(-49.098209 -25.3705329)
PR;4120853;121;166;2010;POINT(-53.9747286 -24.5765174)
PR;4120853;121;56;2010;POINT(-53.9747286 -24.5765174)
PR;4120903;163;105;2010;
PR;4120903;163;19;2010;
PR;4120903;163;25;2010;
PR;4120903;163;49;2010;
PR;4120903;163;7;2010;POINT(-52.9112997 -25.4532517)
PR;4120903;163;81;2010;
PR;4120903;163;92;2010;
PR;4121208;11;173;2010;
PR;4121208;11;29;2010;POINT(-49.4979046 -25.8728197)
PR;4121208;11;48;2010;
PR;4121307;84;31;2010;POINT(-50.91669 -23.06989)
PR;4121307;84;32;2010;POINT(-50.91669 -23.06989)
PR;4121307;84;63;2010;POINT(-50.91669 -23.06989)
PR;4121356;92;75;2010;POINT(-52.95473 -24.30607)
PR;4121406;130;136;2010;POINT(-53.5337497 -25.7724203)
PR;4121406;130;42;2010;POINT(-53.5337497 -25.7724203)
PR;4121406;130;62;2010;
PR;4121406;130;65;2010;
PR;4121406;130;67;2010;
PR;4121406;130;72;2010;
PR;4121406;130;75;2010;
PR;4121505;62;1;2010;POINT(-50.69425536 -25.61962424)
PR;4121505;62;26;2010;POINT(-50.69425536 -25.61962424)
PR;4121505;62;56;2010;
PR;4121505;62;59;2010;POINT(-50.6927736 -25.62230904)
PR;4121505;62;72;2010;POINT(-50.6897126 -25.6262946)
PR;4121505;62;86;2010;POINT(-50.69425536 -25.61962424)
PR;4121604;140;70;2010;POINT(-52.9701293 -26.1595717)
PR;4121604;140;74;2010;POINT(-52.9701293 -26.1595717)
PR;4121604;140;78;2010;
PR;4121703;39;14;2010;POINT(-50.8484175 -24.6552803)
PR;4121703;39;38;2010;
PR;4121703;39;41;2010;POINT(-50.95637333 -24.57335333)
PR;4121703;39;57;2010;
PR;4121703;39;71;2010;POINT(-50.8455732 -24.655526)
PR;4121752;160;61;2010;
PR;4121802;23;24;2010;POINT(-49.755738 -23.2007373)
PR;4121802;23;8;2010;POINT(-49.7602068 -23.2006823)
PR;4121901;82;26;2010;POINT(-50.3551 -23.40659)
PR;4121901;82;27;2010;POINT(-50.3551 -23.40659)
PR;4121901;82;33;2010;POINT(-50.3551 -23.40659)
PR;4121901;82;37;2010;POINT(-50.354024 -23.405755)
PR;4121901;82;44;2010;POINT(-50.3545934 -23.4039539)
PR;4121901;82;47;2010;POINT(-50.3545934 -23.4039539)
PR;4121901;82;49;2010;POINT(-50.3545934 -23.4039539)
PR;4121901;82;51;2010;
PR;4122008;62;37;2010;
PR;4122008;62;49;2010;POINT(-50.83857773 -25.66750611)
PR;4122008;62;62;2010;
PR;4122156;45;159;2010;
PR;4122156;45;204;2010;
PR;4122156;45;207;2010;
PR;4122156;45;208;2010;POINT(-52.5276268 -25.4914288)
PR;4122156;45;92;2010;
PR;4122172;136;49;2010;
PR;4122206;156;112;2010;
PR;4122206;156;115;2010;POINT(-49.3028 -25.1908)
PR;4122206;156;134;2010;
PR;4122206;156;181;2010;POINT(-49.3134227 -25.1887107)
PR;4122206;156;237;2010;POINT(-49.3028 -25.1908)
PR;4122305;11;100;2010;
PR;4122305;11;136;2010;POINT(-49.7786255 -26.0886312)
PR;4122305;11;137;2010;POINT(-49.7933726 -26.1001432)
PR;4122305;11;148;2010;
PR;4122305;11;167;2010;POINT(-49.7907222 -26.0929461)
PR;4122305;11;171;2010;POINT(-49.780981 -26.1054498)
PR;4122305;11;70;2010;POINT(-49.7994378 -26.1033859)
PR;4122404;59;106;2010;
PR;4122404;59;121;2010;
PR;4122404;59;17;2010;
PR;4122404;59;27;2010;
PR;4122404;59;34;2010;
PR;4122404;59;38;2010;
PR;4122404;59;45;2010;POINT(-51.3897515 -23.3118667)
PR;4122404;59;48;2010;POINT(-51.3897515 -23.3118667)
PR;4122404;59;52;2010;
PR;4122404;59;64;2010;
PR;4122404;59;66;2010;
PR;4122404;59;73;2010;
PR;4122404;59;76;2010;
PR;4122404;59;88;2010;POINT(-51.3654705 -23.3115083)
PR;4122404;59;91;2010;
PR;4122404;59;93;2010;
PR;4122503;141;130;2010;POINT(-52.28736 -24.58679)
PR;4122503;141;135;2010;
PR;4122503;141;139;2010;
PR;4122503;141;152;2010;
PR;4122503;141;178;2010;POINT(-52.2503604 -24.5216244)
PR;4122602;127;37;2010;POINT(-52.77481 -23.41888)
PR;4122602;127;42;2010;POINT(-52.77481 -23.41888)
PR;4122651;136;25;2010;POINT(-51.2464001 -24.2571803)
PR;4122701;180;64;2010;POINT(-51.55051122 -23.31696218)
PR;4122701;180;75;2010;POINT(-51.55051122 -23.31696218)
PR;4122800;131;86;2010;
PR;4122909;21;6;2010;POINT(-49.6276 -23.60271)
PR;4123006;162;2;2010;POINT(-53.3118198 -25.7845941)
PR;4123006;162;23;2010;
PR;4123006;162;24;2010;
PR;4123006;162;6;2010;POINT(-53.3087108 -25.7795804)
PR;4123006;162;90;2010;
PR;4123006;162;91;2010;
PR;4123105;58;67;2010;POINT(-50.43186 -23.26794)
PR;4123204;63;1;2010;
PR;4123204;63;12;2010;
PR;4123204;63;4;2010;
PR;4123303;85;100;2010;
PR;4123303;85;62;2010;POINT(-53.2912647 -22.9630915)
PR;4123303;85;74;2010;
PR;4123303;85;78;2010;
PR;4123303;85;79;2010;
PR;4123402;67;87;2010;POINT(-51.80503 -23.03998)
PR;4123402;67;92;2010;POINT(-51.80503 -23.03998)
PR;4123501;129;20;2010;
PR;4123501;129;48;2010;
PR;4123501;129;88;2010;
PR;4123709;94;23;2010;POINT(-53.198669 -23.003332)
PR;4123709;94;29;2010;POINT(-53.2781839 -23.1326326)
PR;4123808;130;103;2010;
PR;4123808;130;82;2010;
PR;4123824;165;29;2010;POINT(-53.56964 -25.40766)
PR;4123857;38;240;2010;
PR;4123857;38;242;2010;
PR;4123857;38;253;2010;POINT(-51.8714534 -24.9391255)
PR;4123857;38;256;2010;POINT(-51.8714534 -24.9391255)
PR;4123857;38;264;2010;
PR;4123907;109;25;2010;POINT(-50.59050946 -22.95500205)
PR;4123907;109;28;2010;
PR;4124004;20;10;2010;
PR;4124004;20;13;2010;
PR;4124004;20;14;2010;
PR;4124004;20;2;2010;
PR;4124020;68;318;2010;POINT(-53.61924 -25.055446)
PR;4124020;68;347;2010;
PR;4124053;205;120;2010;POINT(-54.3974876 -25.4387205)
PR;4124053;205;146;2010;
PR;4124053;205;152;2010;
PR;4124053;205;47;2010;
PR;4124053;205;52;2010;
PR;4124053;205;54;2010;POINT(-54.3974876 -25.4387205)
PR;4124053;205;58;2010;POINT(-54.3974876 -25.4387205)
PR;4124053;205;59;2010;POINT(-54.3974876 -25.4387205)
PR;4124053;205;65;2010;POINT(-54.403686 -25.44117)
PR;4124053;205;71;2010;POINT(-54.39463 -25.44655)
PR;4124103;22;18;2010;POINT(-50.07799 -23.29134)
PR;4124103;22;21;2010;POINT(-50.07799 -23.29134)
PR;4124103;22;88;2010;
PR;4124202;87;26;2010;POINT(-52.3437002 -22.734813)
PR;4124400;83;105;2010;POINT(-53.72183 -26.0554)
PR;4124400;83;38;2010;
PR;4124400;83;99;2010;
PR;4124509;95;71;2010;POINT(-51.79036 -22.69448)
PR;4124509;95;74;2010;POINT(-51.79036 -22.69448)
PR;4124509;95;81;2010;POINT(-51.79036 -22.69448)
PR;4124509;95;83;2010;POINT(-51.79036 -22.69448)
PR;4124608;100;33;2010;POINT(-52.4703666 -23.3167017)
PR;4124806;103;111;2010;
PR;4124806;103;80;2010;
PR;4124806;103;84;2010;POINT(-52.730111 -25.8270186)
PR;4124806;103;86;2010;POINT(-52.730111 -25.8270186)
PR;4124905;87;36;2010;POINT(-52.3411566 -22.8562177)
PR;4125001;132;10;2010;
PR;4125001;132;28;2010;POINT(-51.8173097 -23.9878026)
PR;4125001;132;30;2010;POINT(-51.8173097 -23.9878026)
PR;4125001;132;8;2010;
PR;4125100;52;16;2010;
PR;4125100;52;29;2010;
PR;4125100;52;34;2010;
PR;4125100;52;44;2010;
PR;4125100;52;8;2010;
PR;4125209;115;127;2010;POINT(-52.918237 -25.7049065)
PR;4125209;115;143;2010;
PR;4125209;115;145;2010;POINT(-53.0105849 -25.614656)
PR;4125209;115;146;2010;POINT(-53.0105849 -25.614656)
PR;4125308;102;44;2010;
PR;4125308;102;52;2010;POINT(-52.29316 -23.42934)
PR;4125308;102;64;2010;POINT(-52.29316 -23.42934)
PR;4125357;123;79;2010;
PR;4125456;129;60;2010;POINT(-54.061235 -24.834258)
PR;4125506;199;119;2010;
PR;4125506;199;127;2010;
PR;4125506;199;137;2010;
PR;4125506;199;147;2010;
PR;4125506;199;151;2010;
PR;4125506;199;156;2010;
PR;4125506;199;169;2010;POINT(-49.148751 -25.484441)
PR;4125506;199;18;2010;
PR;4125506;199;19;2010;
PR;4125506;199;2;2010;
PR;4125506;199;28;2010;POINT(-49.1832734 -25.5126372)
PR;4125506;199;3;2010;
PR;4125506;199;40;2010;
PR;4125506;199;41;2010;
PR;4125506;199;49;2010;
PR;4125506;199;5;2010;
PR;4125506;199;51;2010;POINT(-49.1830174 -25.5017961)
PR;4125506;199;52;2010;POINT(-49.1830174 -25.5017961)
PR;4125506;199;53;2010;POINT(-49.1830174 -25.5017961)
PR;4125506;199;54;2010;POINT(-49.148751 -25.484441)
PR;4125506;199;67;2010;POINT(-49.148751 -25.484441)
PR;4125506;199;71;2010;POINT(-49.1878282 -25.5242055)
PR;4125506;199;74;2010;POINT(-49.1894416 -25.5087507)
PR;4125506;199;76;2010;
PR;4125506;199;79;2010;
PR;4125506;199;83;2010;
PR;4125506;200;102;2010;POINT(-49.16815345 -25.54405421)
PR;4125506;200;103;2010;POINT(-49.1878272 -25.5421242)
PR;4125506;200;109;2010;POINT(-49.1835 -25.5543)
PR;4125506;200;11;2010;POINT(-49.1772941 -25.5203472)
PR;4125506;200;117;2010;POINT(-49.1878272 -25.5421242)
PR;4125506;200;134;2010;POINT(-49.1695314 -25.5204566)
PR;4125506;200;142;2010;POINT(-49.1551982 -25.54769323)
PR;4125506;200;15;2010;POINT(-49.1904072 -25.5390409)
PR;4125506;200;2;2010;
PR;4125506;200;28;2010;POINT(-49.16051062 -25.56379887)
PR;4125506;200;39;2010;POINT(-49.1680908 -25.6055429)
PR;4125506;200;48;2010;POINT(-49.2061895 -25.541017)
PR;4125506;200;51;2010;POINT(-49.1793988 -25.5460053)
PR;4125506;200;66;2010;POINT(-49.1006432 -25.6632766)
PR;4125506;200;68;2010;POINT(-49.1787232 -25.6307622)
PR;4125506;200;80;2010;POINT(-49.16815345 -25.54405421)
PR;4125506;200;87;2010;POINT(-49.15452961 -25.54053155)
PR;4125506;200;88;2010;POINT(-49.23726459 -25.66076967)
PR;4125506;200;91;2010;POINT(-49.1904072 -25.5390409)
PR;4125506;8;109;2010;POINT(-49.19616586 -25.54959734)
PR;4125506;8;111;2010;
PR;4125506;8;195;2010;POINT(-49.20848418 -25.53940396)
PR;4125506;8;20;2010;POINT(-49.2101981 -25.5648026)
PR;4125506;8;202;2010;POINT(-49.21988465 -25.55465105)
PR;4125506;8;231;2010;POINT(-49.20871 -25.52816)
PR;4125506;8;24;2010;POINT(-49.20848418 -25.53940396)
PR;4125506;8;247;2010;POINT(-49.19628493 -25.56471125)
PR;4125506;8;250;2010;POINT(-49.2101981 -25.5648026)
PR;4125506;8;253;2010;
PR;4125506;8;255;2010;POINT(-49.2040988 -25.5209878)
PR;4125506;8;259;2010;POINT(-49.2183143 -25.539369)
PR;4125506;8;260;2010;POINT(-49.19616586 -25.54959734)
PR;4125506;8;264;2010;POINT(-49.2012561 -25.5225284)
PR;4125506;8;266;2010;POINT(-49.20848418 -25.53940396)
PR;4125506;8;267;2010;POINT(-49.19628493 -25.56471125)
PR;4125506;8;38;2010;POINT(-49.2012561 -25.5225284)
PR;4125506;8;80;2010;POINT(-49.20690348 -25.53506263)
PR;4125506;8;81;2010;POINT(-49.20690348 -25.53506263)
PR;4125506;8;85;2010;POINT(-49.20690348 -25.53506263)
PR;4125555;149;61;2010;POINT(-52.644938 -23.396975)
PR;4125605;12;36;2010;
PR;4125605;12;40;2010;
PR;4125605;12;70;2010;
PR;4125605;12;83;2010;
PR;4125605;12;95;2010;
PR;4125605;12;96;2010;
PR;4125704;122;14;2010;
PR;4125704;122;22;2010;
PR;4125704;122;5;2010;
PR;4125704;122;53;2010;
PR;4125704;122;54;2010;
PR;4125704;122;55;2010;
PR;4125704;122;63;2010;
PR;4125704;122;84;2010;POINT(-54.2433674 -25.342246)
PR;4125753;148;15;2010;
PR;4125753;148;43;2010;POINT(-53.8578159 -24.9323047)
PR;4125753;148;44;2010;POINT(-53.8578159 -24.9323047)
PR;4125902;85;85;2010;POINT(-53.2235362 -22.8228204)
PR;4126009;35;64;2010;POINT(-50.7633049 -23.466135)
PR;4126009;35;84;2010;POINT(-50.758042 -23.466235)
PR;4126207;119;75;2010;POINT(-50.5757959 -23.907634)
PR;4126207;119;79;2010;
PR;4126207;119;86;2010;POINT(-50.5757959 -23.907634)
PR;4126256;206;109;2010;POINT(-51.87409 -23.44457)
PR;4126256;206;112;2010;POINT(-51.8796297 -23.4482716)
PR;4126256;206;12;2010;POINT(-51.87431 -23.44315)
PR;4126256;206;122;2010;POINT(-51.86988 -23.44737)
PR;4126256;206;15;2010;POINT(-51.87431 -23.44315)
PR;4126256;206;19;2010;
PR;4126256;206;2;2010;POINT(-51.87431 -23.44315)
PR;4126256;206;27;2010;
PR;4126256;206;3;2010;POINT(-51.87431 -23.44315)
PR;4126256;206;30;2010;POINT(-51.86988 -23.44737)
PR;4126256;206;40;2010;POINT(-51.8704513 -23.4385224)
PR;4126256;206;41;2010;POINT(-51.8704513 -23.4385224)
PR;4126256;206;49;2010;POINT(-51.8672689 -23.4393366)
PR;4126256;206;51;2010;POINT(-51.87887 -23.42835)
PR;4126256;206;53;2010;POINT(-51.87887 -23.42835)
PR;4126256;206;56;2010;POINT(-51.87887 -23.42835)
PR;4126256;206;60;2010;POINT(-51.87887 -23.42835)
PR;4126256;206;69;2010;POINT(-51.8717157 -23.4507648)
PR;4126256;206;86;2010;
PR;4126256;206;9;2010;POINT(-51.87431 -23.44315)
PR;4126256;206;97;2010;POINT(-51.8788339 -23.4288621)
PR;4126256;206;98;2010;POINT(-51.8672689 -23.4393366)
PR;4126272;103;43;2010;POINT(-52.6179106 -25.6876519)
PR;4126306;54;11;2010;POINT(-49.472138 -24.1152749)
PR;4126306;54;14;2010;
PR;4126306;54;17;2010;
PR;4126306;54;39;2010;
PR;4126306;54;45;2010;
PR;4126355;114;62;2010;POINT(-54.041412 -25.410193)
PR;4126355;114;65;2010;POINT(-54.0538221 -25.3814737)
PR;4126405;26;105;2010;
PR;4126405;26;107;2010;POINT(-50.8171798 -23.0414735)
PR;4126405;26;123;2010;
PR;4126504;40;10;2010;POINT(-51.0428733 -23.0574254)
PR;4126504;40;17;2010;POINT(-51.0341572 -23.0580651)
PR;4126504;40;24;2010;POINT(-51.0452752 -23.0575385)
PR;4126504;40;36;2010;
PR;4126603;21;21;2010;POINT(-49.8217916 -23.6837174)
PR;4126603;21;25;2010;POINT(-49.8313411 -23.688788)
PR;4126603;21;30;2010;
PR;4126603;21;47;2010;POINT(-49.8217916 -23.6837174)
PR;4126652;103;54;2010;
PR;4126678;146;104;2010;POINT(-51.0985097 -23.7242485)
PR;4126702;138;71;2010;
PR;4126801;86;153;2010;POINT(-52.8594796 -23.7289184)
PR;4126801;86;163;2010;POINT(-52.8671715 -23.7363774)
PR;4126801;86;169;2010;POINT(-52.8671715 -23.7363774)
PR;4126900;127;77;2010;
PR;4127007;53;1;2010;POINT(-50.46259 -25.37651)
PR;4127007;53;20;2010;
PR;4127007;53;25;2010;POINT(-50.39066 -25.46846)
PR;4127007;53;3;2010;POINT(-50.4598523 -25.3711985)
PR;4127007;53;43;2010;
PR;4127106;111;113;2010;POINT(-50.6381437 -24.3222299)
PR;4127106;111;134;2010;POINT(-50.6325975 -24.331744)
PR;4127106;111;137;2010;POINT(-50.627693 -24.3305219)
PR;4127106;111;139;2010;POINT(-50.627693 -24.3305219)
PR;4127106;111;153;2010;
PR;4127106;111;169;2010;
PR;4127106;111;186;2010;POINT(-50.6325975 -24.331744)
PR;4127106;111;206;2010;POINT(-50.6310694 -24.325176)
PR;4127106;111;210;2010;
PR;4127106;111;212;2010;POINT(-50.6376553 -24.3225348)
PR;4127106;111;234;2010;
PR;4127106;111;238;2010;
PR;4127106;111;241;2010;POINT(-50.6579844 -24.320224)
PR;4127106;111;73;2010;POINT(-50.61733 -24.3293)
PR;4127106;111;75;2010;POINT(-50.61733 -24.3293)
PR;4127106;111;83;2010;POINT(-50.61733 -24.3293)
PR;4127106;111;96;2010;
PR;4127205;173;13;2010;POINT(-52.4451455 -23.769839)
PR;4127205;173;35;2010;
PR;4127205;173;38;2010;POINT(-52.4436676 -23.7634349)
PR;4127205;173;4;2010;POINT(-52.4531028 -23.7747675)
PR;4127205;173;7;2010;POINT(-52.4597026 -23.7672381)
PR;4127205;173;8;2010;POINT(-52.4597026 -23.7672381)
PR;4127205;173;9;2010;POINT(-52.4451455 -23.769839)
PR;4127304;105;4;2010;POINT(-52.6229552 -22.7235407)
PR;4127403;125;14;2010;POINT(-54.0988429 -24.1661371)
PR;4127403;125;24;2010;POINT(-54.0988429 -24.1661371)
PR;4127403;125;5;2010;POINT(-54.100764 -24.1674241)
PR;4127403;125;62;2010;
PR;4127403;125;86;2010;POINT(-54.087638 -24.1752206)
PR;4127403;125;9;2010;
PR;4127502;17;13;2010;
PR;4127502;17;24;2010;POINT(-50.4120117 -24.5116872)
PR;4127502;17;43;2010;POINT(-50.4120117 -24.5116872)
PR;4127502;17;61;2010;POINT(-50.4120117 -24.5116872)
PR;4127601;199;110;2010;
PR;4127601;199;129;2010;
PR;4127601;199;153;2010;
PR;4127700;148;101;2010;POINT(-53.7331039 -24.759962)
PR;4127700;148;102;2010;POINT(-53.7331039 -24.759962)
PR;4127700;148;103;2010;POINT(-53.7331039 -24.759962)
PR;4127700;148;21;2010;POINT(-53.7444116 -24.7308965)
PR;4127700;148;85;2010;POINT(-53.766596 -24.717198)
PR;4127700;148;89;2010;POINT(-53.766596 -24.717198)
PR;4127700;201;112;2010;POINT(-53.70697 -24.736321)
PR;4127700;201;2;2010;
PR;4127700;75;140;2010;POINT(-53.7449562 -24.7296643)
PR;4127700;75;160;2010;
PR;4127700;75;172;2010;POINT(-53.747889 -24.708584)
PR;4127700;75;186;2010;POINT(-53.7325738 -24.7123002)
PR;4127700;75;20;2010;
PR;4127700;75;22;2010;
PR;4127700;75;26;2010;POINT(-53.7412373 -24.736052)
PR;4127700;75;34;2010;POINT(-53.7412373 -24.736052)
PR;4127700;75;44;2010;POINT(-53.7404172 -24.7168446)
PR;4127700;75;57;2010;
PR;4127700;75;66;2010;
PR;4127809;19;40;2010;POINT(-49.9542729 -23.7786372)
PR;4127809;19;53;2010;
PR;4127858;166;44;2010;
PR;4127882;48;41;2010;
PR;4127882;48;63;2010;
PR;4127908;86;181;2010;POINT(-52.8800028 -23.8719894)
PR;4127957;113;100;2010;POINT(-53.51796 -24.58611)
PR;4127957;113;89;2010;
PR;4127957;113;93;2010;POINT(-53.51796 -24.58611)
PR;4127965;44;133;2010;
PR;4127965;44;163;2010;
PR;4127965;44;190;2010;
PR;4127965;44;330;2010;
PR;4128005;98;104;2010;POINT(-52.98801 -24.53788)
PR;4128005;98;107;2010;
PR;4128005;98;108;2010;
PR;4128005;98;133;2010;POINT(-53.0775485 -24.4542982)
PR;4128005;98;75;2010;POINT(-52.9881873 -24.5452149)
PR;4128005;98;84;2010;
PR;4128104;202;17;2010;POINT(-53.3022579 -23.7649963)
PR;4128104;202;19;2010;POINT(-53.3022579 -23.7649963)
PR;4128104;202;25;2010;POINT(-53.30018 -23.76726)
PR;4128104;202;28;2010;POINT(-53.30018 -23.76726)
PR;4128104;202;29;2010;POINT(-53.30018 -23.76726)
PR;4128104;202;52;2010;POINT(-53.301389 -23.756703)
PR;4128104;202;55;2010;POINT(-53.301389 -23.756703)
PR;4128104;202;74;2010;POINT(-53.3853244 -23.6158526)
PR;4128104;202;78;2010;POINT(-53.3853244 -23.6158526)
PR;4128104;202;86;2010;POINT(-53.3099866 -23.7289648)
PR;4128104;202;88;2010;POINT(-53.2925887 -23.7590698)
PR;4128104;89;103;2010;
PR;4128104;89;187;2010;
PR;4128104;89;19;2010;POINT(-53.3060583 -23.759775)
PR;4128104;89;20;2010;POINT(-53.3060583 -23.759775)
PR;4128104;89;229;2010;
PR;4128104;89;230;2010;
PR;4128104;89;244;2010;POINT(-53.3124052 -23.7507602)
PR;4128104;89;7;2010;POINT(-53.32489 -23.77776)
PR;4128104;89;73;2010;
PR;4128104;89;78;2010;
PR;4128104;89;87;2010;POINT(-53.3166652 -23.7496627)
PR;4128203;33;121;2010;POINT(-51.05448 -26.233322)
PR;4128203;33;127;2010;POINT(-51.0634824 -26.2242148)
PR;4128203;33;16;2010;
PR;4128203;33;23;2010;POINT(-51.0937638 -26.2317097)
PR;4128203;33;26;2010;POINT(-51.09406 -26.220925)
PR;4128203;33;29;2010;POINT(-51.09406 -26.220925)
PR;4128203;33;36;2010;
PR;4128203;33;46;2010;POINT(-51.0937638 -26.2317097)
PR;4128203;33;49;2010;POINT(-51.0604939 -26.2133771)
PR;4128203;33;51;2010;POINT(-51.0889609 -26.207004)
PR;4128203;33;63;2010;POINT(-51.0912199 -26.2422392)
PR;4128203;33;67;2010;POINT(-51.0912199 -26.2422392)
PR;4128203;33;69;2010;POINT(-51.0912199 -26.2422392)
PR;4128203;33;85;2010;POINT(-51.0687516 -26.232017)
PR;4128203;33;89;2010;POINT(-51.0368104 -26.2280065)
PR;4128203;33;92;2010;POINT(-51.0831983 -26.2122112)
PR;4128203;33;99;2010;
PR;4128302;71;80;2010;POINT(-52.155649 -23.0828181)
PR;4128401;84;35;2010;POINT(-50.7937049 -23.1953988)
PR;4128401;84;53;2010;
PR;4128500;20;39;2010;
PR;4128500;20;42;2010;
PR;4128500;20;50;2010;POINT(-49.8031601 -23.8781154)
PR;4128500;20;52;2010;POINT(-49.8031601 -23.8781154)
PR;4128500;20;70;2010;POINT(-49.8572406 -23.8560503)
PR;4128534;17;10;2010;POINT(-50.30094 -24.16681)
PR;4128534;17;40;2010;POINT(-50.2442 -24.24814)
PR;4128534;17;41;2010;
PR;4128559;118;104;2010;
PR;4128559;118;87;2010;
PR;4128559;118;95;2010;
PR;4128609;115;162;2010;
PR;4128609;115;172;2010;
PR;4128658;203;133;2010;
PR;4128708;151;64;2010;
PR;4128807;117;20;2010;POINT(-53.6251234 -23.7545306)
PR;4128807;117;6;2010;POINT(-53.48581468 -23.73713242)
PR;4100400;171;10;2008;
PR;4100400;171;102;2008;
PR;4100400;171;106;2008;
PR;4100400;171;107;2008;
PR;4100400;171;12;2008;
PR;4100400;171;120;2008;
PR;4100400;171;13;2008;
PR;4100400;171;130;2008;
PR;4100400;171;132;2008;
PR;4100400;171;144;2008;
PR;4100400;171;148;2008;
PR;4100400;171;161;2008;POINT(-49.27352 -25.32614)
PR;4100400;171;18;2008;POINT(-49.30075 -25.29225)
PR;4100400;171;187;2008;
PR;4100400;171;190;2008;POINT(-49.30879 -25.31601)
PR;4100400;171;34;2008;
PR;4100400;171;58;2008;
PR;4100400;171;70;2008;
PR;4100400;171;72;2008;
PR;4100400;171;8;2008;
PR;4100400;171;97;2008;
PR;4100509;123;29;2008;
PR;4100509;123;62;2008;
PR;4100509;123;98;2008;
PR;4100608;87;1;2008;POINT(-52.3172433 -23.1326688)
PR;4100608;87;20;2008;POINT(-52.2956127 -23.1294218)
PR;4100608;87;37;2008;
PR;4100608;87;4;2008;POINT(-52.3172433 -23.1326688)
PR;4100608;87;43;2008;
PR;4100608;87;44;2008;
PR;4100608;87;47;2008;POINT(-52.3230737 -23.1304308)
PR;4100608;87;50;2008;
PR;4100608;87;52;2008;POINT(-52.3230737 -23.1304308)
PR;4100608;87;6;2008;POINT(-52.3172433 -23.1326688)
PR;4100707;128;32;2008;POINT(-53.4418588 -24.0247103)
PR;4100707;128;34;2008;
PR;4100707;128;35;2008;
PR;4100707;128;39;2008;
PR;4100707;128;46;2008;
PR;4101101;57;10;2008;
PR;4101101;57;23;2008;
PR;4101101;57;30;2008;POINT(-50.22992 -23.04524)
PR;4101101;57;33;2008;POINT(-50.22992 -23.04524)
PR;4101101;57;34;2008;POINT(-50.22992 -23.04524)
PR;4101101;57;42;2008;
PR;4101101;57;50;2008;
PR;4101101;57;55;2008;
PR;4101101;57;67;2008;
PR;4101101;57;79;2008;POINT(-50.22992 -23.04524)
PR;4101200;6;21;2008;POINT(-48.70768 -25.43813)
PR;4101200;6;63;2008;
PR;4101408;150;14;2008;
PR;4101408;150;16;2008;
PR;4101408;150;27;2008;POINT(-51.4059232 -23.6099334)
PR;4101408;150;61;2008;
PR;4101408;179;108;2008;
PR;4101408;179;122;2008;
PR;4101408;179;125;2008;
PR;4101408;179;25;2008;
PR;4101408;179;41;2008;POINT(-51.45021 -23.554811)
PR;4101408;179;49;2008;
PR;4101408;179;62;2008;POINT(-51.45335 -23.53779)
PR;4101408;179;85;2008;POINT(-51.45335 -23.53779)
PR;4101408;179;90;2008;
PR;4101408;179;93;2008;POINT(-51.4448381 -23.5384651)
PR;4101408;28;116;2008;POINT(-51.46074 -23.55837)
PR;4101408;28;128;2008;
PR;4101408;28;13;2008;
PR;4101408;28;161;2008;POINT(-51.46074 -23.55837)
PR;4101408;28;17;2008;
PR;4101408;28;2;2008;
PR;4101408;28;36;2008;POINT(-51.4679999 -23.5539422)
PR;4101408;28;38;2008;POINT(-51.4679999 -23.5539422)
PR;4101408;28;42;2008;POINT(-51.4679999 -23.5539422)
PR;4101507;180;13;2008;POINT(-51.42969984 -23.4202779)
PR;4101507;180;18;2008;POINT(-51.42969984 -23.4202779)
PR;4101507;180;20;2008;POINT(-51.42969984 -23.4202779)
PR;4101507;180;29;2008;POINT(-51.433881 -23.414043)
PR;4101507;180;31;2008;POINT(-51.433881 -23.414043)
PR;4101507;180;41;2008;POINT(-51.4449132 -23.4099334)
PR;4101507;180;47;2008;POINT(-51.463879 -23.377865)
PR;4101507;180;49;2008;POINT(-51.4319022 -23.4195908)
PR;4101507;180;5;2008;
PR;4101507;180;52;2008;POINT(-51.426567 -23.426694)
PR;4101507;180;67;2008;
PR;4101507;180;74;2008;
PR;4101507;180;84;2008;POINT(-51.4508411 -23.4059844)
PR;4101507;180;86;2008;POINT(-51.4319022 -23.4195908)
PR;4101507;61;113;2008;POINT(-51.42411799 -23.40458413)
PR;4101507;61;128;2008;POINT(-51.4334774 -23.4102942)
PR;4101507;61;130;2008;POINT(-51.4334774 -23.4102942)
PR;4101507;61;151;2008;POINT(-51.427014 -23.412366)
PR;4101507;61;159;2008;POINT(-51.42411799 -23.40458413)
PR;4101507;61;167;2008;POINT(-51.4469108 -23.3906324)
PR;4101507;61;169;2008;POINT(-51.4252322 -23.41816415)
PR;4101507;61;174;2008;POINT(-51.419226 -23.396344)
PR;4101507;61;178;2008;POINT(-51.419226 -23.396344)
PR;4101507;61;183;2008;POINT(-51.4252322 -23.41816415)
PR;4101507;61;60;2008;POINT(-51.4403566 -23.4031157)
PR;4101507;61;65;2008;POINT(-51.445694 -23.4022995)
PR;4101507;61;66;2008;POINT(-51.4469108 -23.3906324)
PR;4101507;61;68;2008;POINT(-51.4469108 -23.3906324)
PR;4101606;164;12;2008;POINT(-49.82630658 -24.14696696)
PR;4101606;164;17;2008;POINT(-49.82549009 -24.14731952)
PR;4101606;164;26;2008;
PR;4101606;164;30;2008;
PR;4101606;164;33;2008;POINT(-49.83003936 -24.13966874)
PR;4101606;164;35;2008;POINT(-49.81804313 -24.13792885)
PR;4101606;164;38;2008;POINT(-49.81804313 -24.13792885)
PR;4101606;164;46;2008;POINT(-49.818468 -24.143593)
PR;4101606;164;51;2008;POINT(-49.83003936 -24.13966874)
PR;4101606;164;52;2008;POINT(-49.83003936 -24.13966874)
PR;4101606;164;8;2008;POINT(-49.82630658 -24.14696696)
PR;4101804;50;106;2008;POINT(-49.406626 -25.576786)
PR;4101804;50;107;2008;POINT(-49.388493 -25.558714)
PR;4101804;50;115;2008;POINT(-49.406626 -25.576786)
PR;4101804;50;12;2008;POINT(-49.3991528 -25.5893685)
PR;4101804;50;120;2008;POINT(-49.3943797 -25.5524251)
PR;4101804;50;122;2008;
PR;4101804;50;127;2008;POINT(-49.351684 -25.521671)
PR;4101804;50;128;2008;
PR;4101804;50;14;2008;POINT(-49.3991528 -25.5893685)
PR;4101804;50;144;2008;POINT(-49.3811631 -25.5414685)
PR;4101804;50;159;2008;
PR;4101804;50;166;2008;POINT(-49.3943797 -25.5524251)
PR;4101804;50;17;2008;POINT(-49.3991528 -25.5893685)
PR;4101804;50;180;2008;POINT(-49.39207 -25.57457)
PR;4101804;50;211;2008;POINT(-49.3991528 -25.5893685)
PR;4101804;50;218;2008;
PR;4101804;50;221;2008;POINT(-49.3863665 -25.5880128)
PR;4101804;50;44;2008;POINT(-49.406626 -25.576786)
PR;4101804;50;46;2008;POINT(-49.39207 -25.57457)
PR;4101804;50;54;2008;
PR;4101804;50;68;2008;POINT(-49.3628624 -25.5317859)
PR;4101804;50;69;2008;POINT(-49.351684 -25.521671)
PR;4101804;50;73;2008;
PR;4101804;50;74;2008;
PR;4101804;50;79;2008;
PR;4101804;50;80;2008;
PR;4101804;50;82;2008;
PR;4101903;35;19;2008;
PR;4101903;35;37;2008;
PR;4101903;35;88;2008;
PR;4102000;113;1;2008;
PR;4102000;113;112;2008;POINT(-53.51102 -24.40391)
PR;4102000;113;117;2008;POINT(-53.61574 -24.61391)
PR;4102000;113;20;2008;
PR;4102000;113;33;2008;
PR;4102000;113;39;2008;
PR;4102000;113;56;2008;POINT(-53.61574 -24.61391)
PR;4102000;113;60;2008;
PR;4102000;113;63;2008;
PR;4102000;113;65;2008;
PR;4102000;113;67;2008;
PR;4102109;67;11;2008;POINT(-51.6654634 -23.2370395)
PR;4102109;67;123;2008;
PR;4102109;67;128;2008;
PR;4102109;67;21;2008;
PR;4102109;67;27;2008;POINT(-51.6742729 -23.2379145)
PR;4102109;67;29;2008;POINT(-51.6742729 -23.2379145)
PR;4102109;67;30;2008;POINT(-51.6742729 -23.2379145)
PR;4102109;67;34;2008;POINT(-51.6599544 -23.2387115)
PR;4102109;67;37;2008;POINT(-51.6343 -23.17094)
PR;4102109;67;39;2008;POINT(-51.7645 -23.28603)
PR;4102109;67;45;2008;POINT(-51.67785 -23.17531)
PR;4102109;67;8;2008;POINT(-51.6692179 -23.2390535)
PR;4102109;67;9;2008;POINT(-51.6692179 -23.2390535)
PR;4102406;58;2;2008;POINT(-50.3700816 -23.1059023)
PR;4102406;58;22;2008;
PR;4102406;58;34;2008;
PR;4102406;58;78;2008;
PR;4102406;58;81;2008;POINT(-50.3700816 -23.1059023)
PR;4102406;58;89;2008;
PR;4102505;133;15;2008;POINT(-52.0056503 -24.0291864)
PR;4102505;133;25;2008;POINT(-52.01283 -24.03147)
PR;4102505;133;38;2008;
PR;4102505;133;49;2008;POINT(-51.9993795 -24.022253)
PR;4102604;131;108;2008;
PR;4102604;131;120;2008;
PR;4102604;131;32;2008;
PR;4102604;131;36;2008;
PR;4102604;131;41;2008;
PR;4102604;131;45;2008;
PR;4102604;131;54;2008;
PR;4102604;131;75;2008;
PR;4102604;131;82;2008;
PR;4102604;131;86;2008;
PR;4102802;77;15;2008;
PR;4102802;77;2;2008;
PR;4102802;77;28;2008;POINT(-51.1901531 -22.9992144)
PR;4102802;77;43;2008;POINT(-51.1901531 -22.9992144)
PR;4102802;77;59;2008;POINT(-51.1901531 -22.9992144)
PR;4102802;77;8;2008;
PR;4103107;48;1;2008;
PR;4103107;48;22;2008;POINT(-49.1128528 -25.2081827)
PR;4103107;48;31;2008;
PR;4103107;48;37;2008;
PR;4103107;48;6;2008;
PR;4103602;25;12;2008;POINT(-50.0755524 -23.04307)
PR;4103602;25;15;2008;POINT(-50.0755524 -23.04307)
PR;4103602;25;2;2008;POINT(-50.0755524 -23.04307)
PR;4103602;25;34;2008;POINT(-50.07753309 -23.03695201)
PR;4103602;25;48;2008;
PR;4103602;25;50;2008;
PR;4103602;25;52;2008;
PR;4103602;25;9;2008;POINT(-50.0755524 -23.04307)
PR;4103701;181;101;2008;POINT(-51.2232789 -23.3119286)
PR;4103701;181;19;2008;POINT(-51.21881 -23.31163)
PR;4103701;181;2;2008;POINT(-51.26602 -23.27645)
PR;4103701;181;47;2008;
PR;4103701;181;56;2008;POINT(-51.23023 -23.30675)
PR;4103701;181;60;2008;POINT(-51.25753 -23.26882)
PR;4103701;181;65;2008;POINT(-51.2259623 -23.3058856)
PR;4103701;181;69;2008;POINT(-51.235961 -23.3033259)
PR;4103701;181;78;2008;POINT(-51.21624 -23.3069)
PR;4103701;181;79;2008;
PR;4103701;181;83;2008;POINT(-51.25407 -23.27339)
PR;4103701;181;99;2008;POINT(-51.23685 -23.28995)
PR;4103701;78;108;2008;POINT(-51.27831949 -23.27740568)
PR;4103701;78;109;2008;POINT(-51.27831949 -23.27740568)
PR;4103701;78;112;2008;POINT(-51.27831949 -23.27740568)
PR;4103701;78;131;2008;POINT(-51.26763 -23.28274)
PR;4103701;78;3;2008;POINT(-51.27831949 -23.27740568)
PR;4103701;78;42;2008;POINT(-51.26763 -23.28274)
PR;4103701;78;5;2008;POINT(-51.27831949 -23.27740568)
PR;4103701;78;60;2008;POINT(-51.2616322 -23.27814751)
PR;4103909;169;1;2008;POINT(-52.79896 -24.5909)
PR;4103909;169;10;2008;POINT(-52.79896 -24.5909)
PR;4103909;169;102;2008;POINT(-52.79999 -24.59392)
PR;4103909;169;16;2008;POINT(-52.79896 -24.5909)
PR;4103909;169;26;2008;POINT(-52.8063221 -24.5915864)
PR;4103909;169;28;2008;POINT(-52.8063221 -24.5915864)
PR;4103909;169;29;2008;POINT(-52.8063221 -24.5915864)
PR;4103909;169;31;2008;POINT(-52.8063221 -24.5915864)
PR;4104006;195;106;2008;
PR;4104006;195;109;2008;POINT(-49.1091248 -25.35668)
PR;4104006;195;119;2008;
PR;4104006;195;125;2008;POINT(-49.0995363 -25.362218)
PR;4104006;195;19;2008;POINT(-49.11875 -25.35197)
PR;4104006;195;25;2008;
PR;4104006;195;35;2008;
PR;4104006;195;37;2008;
PR;4104006;195;40;2008;
PR;4104006;195;47;2008;
PR;4104006;195;55;2008;
PR;4104006;195;60;2008;
PR;4104006;195;73;2008;
PR;4104006;195;83;2008;POINT(-49.1091248 -25.35668)
PR;4104006;195;89;2008;POINT(-49.1091248 -25.35668)
PR;4104006;195;90;2008;POINT(-49.0995363 -25.362218)
PR;4104006;195;97;2008;POINT(-49.0721466 -25.338975)
PR;4104204;182;1;2008;
PR;4104204;182;105;2008;
PR;4104204;182;110;2008;
PR;4104204;182;121;2008;
PR;4104204;182;23;2008;
PR;4104204;182;41;2008;POINT(-49.3890007 -25.4550974)
PR;4104204;182;44;2008;
PR;4104204;182;66;2008;
PR;4104204;182;72;2008;POINT(-49.50763 -25.35639)
PR;4104204;182;82;2008;
PR;4104204;182;84;2008;POINT(-49.4043037 -25.4651317)
PR;4104204;9;149;2008;
PR;4104204;9;151;2008;
PR;4104204;9;169;2008;POINT(-49.5624751 -25.4690617)
PR;4104204;9;187;2008;
PR;4104204;9;191;2008;POINT(-49.5655134 -25.4545031)
PR;4104204;9;196;2008;POINT(-49.5763109 -25.482194)
PR;4104204;9;202;2008;
PR;4104204;9;27;2008;POINT(-49.52982 -25.45953)
PR;4104204;9;28;2008;POINT(-49.52982 -25.45953)
PR;4104204;9;30;2008;POINT(-49.52982 -25.45953)
PR;4104204;9;37;2008;POINT(-49.52982 -25.45953)
PR;4104204;9;39;2008;
PR;4104204;9;52;2008;POINT(-49.531512 -25.467133)
PR;4104204;9;61;2008;
PR;4104204;9;70;2008;
PR;4104204;9;78;2008;
PR;4104204;9;86;2008;POINT(-49.5624751 -25.4690617)
PR;4104204;9;91;2008;
PR;4104303;183;109;2008;
PR;4104303;183;11;2008;POINT(-52.41931 -24.05539)
PR;4104303;183;110;2008;
PR;4104303;183;122;2008;POINT(-52.3631258 -23.9977209)
PR;4104303;183;25;2008;POINT(-52.3702914 -24.0236521)
PR;4104303;183;29;2008;
PR;4104303;183;37;2008;POINT(-52.403388 -24.049387)
PR;4104303;183;41;2008;POINT(-52.41001 -24.05584)
PR;4104303;183;44;2008;POINT(-52.41001 -24.05584)
PR;4104303;183;45;2008;POINT(-52.41001 -24.05584)
PR;4104303;183;46;2008;POINT(-52.41001 -24.05584)
PR;4104303;183;47;2008;POINT(-52.41001 -24.05584)
PR;4104303;183;52;2008;POINT(-52.3631258 -23.9977209)
PR;4104303;183;59;2008;
PR;4104303;183;75;2008;POINT(-52.41001 -24.05584)
PR;4104303;183;78;2008;POINT(-52.354285 -24.019304)
PR;4104303;183;84;2008;POINT(-52.356064 -24.022113)
PR;4104303;183;87;2008;POINT(-52.3773525 -24.0780552)
PR;4104303;183;92;2008;
PR;4104303;183;95;2008;
PR;4104303;183;99;2008;
PR;4104303;31;124;2008;POINT(-52.37406 -24.03228)
PR;4104303;31;131;2008;
PR;4104303;31;167;2008;
PR;4104303;31;170;2008;
PR;4104303;31;182;2008;POINT(-52.3703839 -24.0327293)
PR;4104303;31;200;2008;
PR;4104303;31;26;2008;
PR;4104303;31;30;2008;
PR;4104303;31;43;2008;
PR;4104303;31;47;2008;
PR;4104303;31;56;2008;
PR;4104303;31;6;2008;
PR;4104402;106;21;2008;
PR;4104402;106;31;2008;
PR;4104402;106;34;2008;
PR;4104402;106;49;2008;
PR;4104402;106;52;2008;
PR;4104402;106;8;2008;
PR;4104451;203;130;2008;
PR;4104451;203;138;2008;
PR;4104451;203;163;2008;POINT(-52.12536 -25.37364)
PR;4104451;203;174;2008;
PR;4104451;203;183;2008;
PR;4104501;107;104;2008;
PR;4104501;107;12;2008;POINT(-53.79981 -25.66688)
PR;4104501;107;154;2008;
PR;4104501;107;18;2008;
PR;4104501;107;3;2008;POINT(-53.81149 -25.67163)
PR;4104501;107;30;2008;
PR;4104501;107;38;2008;POINT(-53.764843 -25.6477755)
PR;4104501;107;43;2008;
PR;4104501;107;63;2008;
PR;4104501;107;70;2008;
PR;4104501;107;76;2008;
PR;4104501;107;83;2008;
PR;4104501;107;90;2008;
PR;4104600;165;1;2008;POINT(-53.61079 -25.48065)
PR;4104600;165;11;2008;
PR;4104600;165;12;2008;
PR;4104600;165;16;2008;
PR;4104600;165;24;2008;
PR;4104600;165;57;2008;
PR;4104709;56;12;2008;
PR;4104709;56;15;2008;
PR;4104709;56;2;2008;POINT(-49.72065 -23.4263)
PR;4104709;56;20;2008;
PR;4104709;56;26;2008;POINT(-49.72065 -23.4263)
PR;4104808;143;122;2008;POINT(-53.47374 -24.97266)
PR;4104808;143;163;2008;
PR;4104808;143;166;2008;
PR;4104808;143;179;2008;
PR;4104808;143;182;2008;POINT(-53.4731329 -24.9574103)
PR;4104808;143;193;2008;
PR;4104808;143;197;2008;
PR;4104808;143;288;2008;
PR;4104808;143;300;2008;POINT(-53.4582339 -24.9608436)
PR;4104808;143;302;2008;
PR;4104808;143;306;2008;
PR;4104808;143;313;2008;
PR;4104808;143;52;2008;
PR;4104808;143;58;2008;
PR;4104808;184;1;2008;POINT(-53.4036535 -24.9367031)
PR;4104808;184;106;2008;
PR;4104808;184;113;2008;POINT(-53.443 -24.99078)
PR;4104808;184;114;2008;
PR;4104808;184;137;2008;
PR;4104808;184;139;2008;
PR;4104808;184;22;2008;
PR;4104808;184;31;2008;
PR;4104808;184;34;2008;
PR;4104808;184;49;2008;POINT(-53.4209518 -24.9698963)
PR;4104808;184;53;2008;POINT(-53.4209518 -24.9698963)
PR;4104808;184;57;2008;
PR;4104808;184;6;2008;POINT(-53.4036535 -24.9367031)
PR;4104808;184;61;2008;
PR;4104808;184;79;2008;POINT(-53.4490919 -24.9880535)
PR;4104808;184;85;2008;POINT(-53.4507473 -24.9570014)
PR;4104808;184;87;2008;
PR;4104808;185;102;2008;
PR;4104808;185;104;2008;
PR;4104808;185;110;2008;
PR;4104808;185;112;2008;
PR;4104808;185;116;2008;POINT(-53.4195322 -24.9118318)
PR;4104808;185;126;2008;POINT(-53.4251645 -24.9387608)
PR;4104808;185;26;2008;
PR;4104808;185;27;2008;
PR;4104808;185;37;2008;
PR;4104808;185;4;2008;
PR;4104808;185;42;2008;
PR;4104808;185;5;2008;
PR;4104808;185;55;2008;
PR;4104808;185;78;2008;POINT(-53.42493 -24.93028)
PR;4104808;185;87;2008;
PR;4104808;185;99;2008;
PR;4104808;68;12;2008;POINT(-53.473197 -24.9433512)
PR;4104808;68;125;2008;POINT(-53.4556167 -24.9541314)
PR;4104808;68;13;2008;POINT(-53.473197 -24.9433512)
PR;4104808;68;161;2008;POINT(-53.4556167 -24.9541314)
PR;4104808;68;28;2008;
PR;4104808;68;301;2008;
PR;4104808;68;311;2008;
PR;4104808;68;313;2008;
PR;4104808;68;348;2008;
PR;4104808;68;360;2008;
PR;4104808;68;367;2008;POINT(-53.4351204 -24.9200835)
PR;4104808;68;372;2008;
PR;4104808;68;375;2008;POINT(-53.4830682 -24.9638055)
PR;4104808;68;376;2008;
PR;4104808;68;379;2008;POINT(-53.4954219 -24.9590101)
PR;4104808;68;381;2008;
PR;4104808;68;382;2008;POINT(-53.4351204 -24.9200835)
PR;4104808;68;388;2008;POINT(-53.4830682 -24.9638055)
PR;4104808;68;394;2008;POINT(-53.4351204 -24.9200835)
PR;4104808;68;395;2008;POINT(-53.421281 -24.923917)
PR;4104808;68;68;2008;POINT(-53.4954219 -24.9590101)
PR;4104808;68;88;2008;
PR;4104808;68;90;2008;
PR;4104907;16;10;2008;POINT(-50.0129727 -24.7933827)
PR;4104907;16;100;2008;POINT(-50.0111061 -24.7882258)
PR;4104907;16;149;2008;POINT(-50.0116007 -24.787925)
PR;4104907;16;20;2008;POINT(-50.0009 -24.78817)
PR;4104907;16;9;2008;POINT(-50.0129727 -24.7933827)
PR;4104907;16;91;2008;
PR;4105003;166;14;2008;
PR;4105003;166;26;2008;
PR;4105003;166;31;2008;
PR;4105003;166;59;2008;
PR;4105003;166;60;2008;
PR;4105003;166;81;2008;
PR;4105003;166;86;2008;POINT(-53.1526939 -25.2113571)
PR;4105003;166;87;2008;
PR;4105102;159;21;2008;POINT(-51.5977249 -22.8264563)
PR;4105102;159;32;2008;POINT(-51.5987776 -22.8133383)
PR;4105102;159;4;2008;
PR;4105102;159;54;2008;POINT(-51.5977249 -22.8264563)
PR;4105201;7;1;2008;POINT(-49.26251 -24.82509)
PR;4105201;7;30;2008;
PR;4105201;7;35;2008;
PR;4105201;7;38;2008;
PR;4105201;7;51;2008;POINT(-49.2631791 -24.824583)
PR;4105201;7;56;2008;POINT(-49.263905 -24.8255277)
PR;4105201;7;60;2008;
PR;4105201;7;64;2008;
PR;4105201;7;82;2008;
PR;4105409;103;14;2008;
PR;4105409;103;144;2008;
PR;4105409;103;164;2008;
PR;4105409;103;4;2008;POINT(-52.5277407 -25.8514112)
PR;4105508;149;56;2008;
PR;4105508;149;69;2008;
PR;4105508;88;10;2008;POINT(-52.6105897 -23.6468529)
PR;4105508;88;107;2008;
PR;4105508;88;117;2008;POINT(-52.5977088 -23.6597193)
PR;4105508;88;134;2008;POINT(-52.6323589 -23.681603)
PR;4105508;88;14;2008;POINT(-52.6105897 -23.6468529)
PR;4105508;88;15;2008;POINT(-52.6105897 -23.6468529)
PR;4105508;88;37;2008;POINT(-52.5977088 -23.6597193)
PR;4105508;88;40;2008;POINT(-52.5977088 -23.6597193)
PR;4105508;88;43;2008;
PR;4105508;88;55;2008;
PR;4105508;88;57;2008;
PR;4105508;88;63;2008;
PR;4105508;88;77;2008;
PR;4105508;88;83;2008;
PR;4105508;88;89;2008;POINT(-52.6113079 -23.669565)
PR;4105508;88;93;2008;
PR;4105508;88;94;2008;POINT(-52.5977088 -23.6597193)
PR;4105508;88;98;2008;POINT(-52.6105897 -23.6468529)
PR;4105607;127;16;2008;POINT(-52.9428463 -23.3876571)
PR;4105607;127;18;2008;POINT(-52.9428463 -23.3876571)
PR;4105607;127;67;2008;
PR;4105706;47;26;2008;POINT(-52.34721 -26.40218)
PR;4105706;47;50;2008;
PR;4105706;47;74;2008;
PR;4105706;47;8;2008;POINT(-52.358003 -26.4082947)
PR;4105805;186;108;2008;POINT(-49.1480849 -25.3271998)
PR;4105805;186;113;2008;
PR;4105805;186;122;2008;
PR;4105805;186;141;2008;
PR;4105805;186;143;2008;POINT(-49.1933354 -25.3681867)
PR;4105805;186;147;2008;POINT(-49.1480849 -25.3271998)
PR;4105805;186;148;2008;POINT(-49.14354758 -25.30751393)
PR;4105805;186;149;2008;
PR;4105805;186;153;2008;
PR;4105805;186;160;2008;
PR;4105805;186;169;2008;
PR;4105805;186;170;2008;POINT(-49.20153 -25.3738355)
PR;4105805;186;172;2008;POINT(-49.1866737 -25.3790423)
PR;4105805;186;191;2008;POINT(-49.14478 -25.37666)
PR;4105805;186;195;2008;
PR;4105805;186;206;2008;POINT(-49.20153 -25.3738355)
PR;4105805;186;222;2008;POINT(-49.160797 -25.3752851)
PR;4105805;186;224;2008;POINT(-49.1578571 -25.3853996)
PR;4105805;186;225;2008;
PR;4105805;186;3;2008;
PR;4105805;186;30;2008;
PR;4105805;186;44;2008;
PR;4105805;186;45;2008;
PR;4105805;186;54;2008;POINT(-49.1866737 -25.3790423)
PR;4105805;186;81;2008;
PR;4105805;186;82;2008;
PR;4105805;186;95;2008;POINT(-49.1806459 -25.3893842)
PR;4105805;49;111;2008;
PR;4105805;49;119;2008;POINT(-49.2301914 -25.2923358)
PR;4105805;49;135;2008;
PR;4105805;49;162;2008;
PR;4105805;49;166;2008;
PR;4105805;49;167;2008;
PR;4105805;49;191;2008;
PR;4105805;49;192;2008;
PR;4105805;49;197;2008;POINT(-49.180615 -25.340626)
PR;4105805;49;203;2008;
PR;4105805;49;205;2008;
PR;4105805;49;217;2008;POINT(-49.235106 -25.3255701)
PR;4105805;49;221;2008;
PR;4105805;49;226;2008;
PR;4105805;49;26;2008;POINT(-49.2085415 -25.3458476)
PR;4105805;49;29;2008;
PR;4105904;95;109;2008;POINT(-51.96905 -22.83528)
PR;4105904;95;15;2008;POINT(-51.96905 -22.83528)
PR;4105904;95;16;2008;POINT(-51.96905 -22.83528)
PR;4105904;95;2;2008;POINT(-51.97641 -22.83542)
PR;4105904;95;30;2008;POINT(-51.9691786 -22.8351273)
PR;4105904;95;41;2008;
PR;4105904;95;42;2008;
PR;4105904;95;79;2008;
PR;4105904;95;96;2008;POINT(-51.96905 -22.83528)
PR;4106308;126;1;2008;
PR;4106308;126;36;2008;
PR;4106308;126;5;2008;
PR;4106308;126;8;2008;
PR;4106407;26;107;2008;POINT(-50.6514516 -23.1812303)
PR;4106407;26;11;2008;
PR;4106407;26;141;2008;
PR;4106407;26;142;2008;
PR;4106407;26;145;2008;
PR;4106407;26;16;2008;POINT(-50.6442205 -23.1767087)
PR;4106407;26;22;2008;POINT(-50.6442205 -23.1767087)
PR;4106407;26;26;2008;
PR;4106407;26;30;2008;
PR;4106407;26;36;2008;
PR;4106407;26;37;2008;
PR;4106407;26;43;2008;POINT(-50.66046 -23.1828)
PR;4106407;26;48;2008;POINT(-50.66185 -23.1831)
PR;4106407;26;51;2008;
PR;4106407;26;71;2008;POINT(-50.64407 -23.18725)
PR;4106407;26;8;2008;
PR;4106407;26;90;2008;POINT(-50.6577555 -23.182145)
PR;4106506;101;117;2008;
PR;4106506;101;51;2008;POINT(-52.5680478 -25.9842772)
PR;4106506;101;80;2008;
PR;4106506;101;95;2008;
PR;4106605;86;139;2008;
PR;4106605;86;157;2008;
PR;4106605;86;162;2008;
PR;4106605;86;183;2008;
PR;4106605;86;20;2008;POINT(-53.0731717 -23.7897146)
PR;4106605;86;31;2008;POINT(-53.07638 -23.77816)
PR;4106605;86;63;2008;POINT(-53.0794379 -23.7867813)
PR;4106902;1;129;2008;POINT(-49.2812937 -25.4087511)
PR;4106902;1;148;2008;
PR;4106902;1;152;2008;POINT(-49.2812937 -25.4087511)
PR;4106902;1;189;2008;POINT(-49.29 -25.39682)
PR;4106902;1;192;2008;POINT(-49.29 -25.39682)
PR;4106902;1;206;2008;POINT(-49.2718 -25.41516)
PR;4106902;1;208;2008;POINT(-49.2718 -25.41516)
PR;4106902;1;213;2008;POINT(-49.29478 -25.38875)
PR;4106902;1;362;2008;POINT(-49.26578 -25.4039)
PR;4106902;1;368;2008;POINT(-49.26578 -25.4039)
PR;4106902;1;382;2008;
PR;4106902;1;383;2008;
PR;4106902;1;392;2008;POINT(-49.2625269 -25.4246984)
PR;4106902;1;394;2008;POINT(-49.2625269 -25.4246984)
PR;4106902;1;401;2008;POINT(-49.2638309 -25.4182409)
PR;4106902;1;418;2008;POINT(-49.257854 -25.376371)
PR;4106902;1;421;2008;POINT(-49.257854 -25.376371)
PR;4106902;1;443;2008;POINT(-49.26999 -25.51644)
PR;4106902;1;455;2008;POINT(-49.2475183 -25.3920358)
PR;4106902;1;461;2008;POINT(-49.27421 -25.41544)
PR;4106902;1;465;2008;POINT(-49.27421 -25.41544)
PR;4106902;1;489;2008;POINT(-49.27208 -25.39805)
PR;4106902;1;519;2008;POINT(-49.300712 -25.3926956)
PR;4106902;1;529;2008;POINT(-49.2373071 -25.3842702)
PR;4106902;1;53;2008;POINT(-49.2749684 -25.4252319)
PR;4106902;1;550;2008;POINT(-49.274054 -25.4499445)
PR;4106902;1;551;2008;POINT(-49.2551185 -25.3530632)
PR;4106902;1;557;2008;POINT(-49.274054 -25.4499445)
PR;4106902;1;56;2008;POINT(-49.2749684 -25.4252319)
PR;4106902;1;563;2008;
PR;4106902;1;577;2008;POINT(-49.26825 -25.37229)
PR;4106902;1;578;2008;POINT(-49.29478 -25.38875)
PR;4106902;1;581;2008;POINT(-49.274054 -25.4499445)
PR;4106902;1;583;2008;POINT(-49.2683156 -25.3898801)
PR;4106902;1;587;2008;POINT(-49.300712 -25.3926956)
PR;4106902;145;333;2008;POINT(-49.3000709 -25.5184881)
PR;4106902;145;335;2008;POINT(-49.3000709 -25.5184881)
PR;4106902;145;343;2008;POINT(-49.29161 -25.53232833)
PR;4106902;145;346;2008;POINT(-49.29161 -25.53232833)
PR;4106902;145;349;2008;POINT(-49.29161 -25.53232833)
PR;4106902;145;357;2008;POINT(-49.274446 -25.5364367)
PR;4106902;145;359;2008;POINT(-49.2761753 -25.5449172)
PR;4106902;145;361;2008;POINT(-49.2706265 -25.529529)
PR;4106902;145;363;2008;POINT(-49.2706265 -25.529529)
PR;4106902;145;368;2008;POINT(-49.2684788 -25.534911)
PR;4106902;145;371;2008;POINT(-49.2684788 -25.534911)
PR;4106902;145;381;2008;POINT(-49.28355086 -25.54451019)
PR;4106902;145;418;2008;POINT(-49.26999 -25.51644)
PR;4106902;145;435;2008;POINT(-49.27687 -25.51508)
PR;4106902;145;437;2008;POINT(-49.27687 -25.51508)
PR;4106902;145;446;2008;POINT(-49.2631859 -25.5117184)
PR;4106902;145;452;2008;
PR;4106902;145;487;2008;POINT(-49.275227 -25.55281)
PR;4106902;145;489;2008;POINT(-49.2612093 -25.5426579)
PR;4106902;145;507;2008;
PR;4106902;145;527;2008;POINT(-49.3045 -25.51961)
PR;4106902;145;536;2008;POINT(-49.2706265 -25.529529)
PR;4106902;145;543;2008;POINT(-49.2775085 -25.53769096)
PR;4106902;145;552;2008;POINT(-49.2793624 -25.5054199)
PR;4106902;145;624;2008;POINT(-49.268077 -25.5264044)
PR;4106902;145;632;2008;POINT(-49.2881236 -25.5319088)
PR;4106902;145;640;2008;POINT(-49.2673125 -25.498324)
PR;4106902;145;641;2008;POINT(-49.2615862 -25.5337644)
PR;4106902;145;642;2008;POINT(-49.2749559 -25.5276174)
PR;4106902;145;643;2008;POINT(-49.2857188 -25.5688387)
PR;4106902;145;652;2008;POINT(-49.2767852 -25.5931538)
PR;4106902;145;657;2008;POINT(-49.2522683 -25.5439566)
PR;4106902;145;675;2008;POINT(-49.295719 -25.5344734)
PR;4106902;145;693;2008;POINT(-49.2770538 -25.5176358)
PR;4106902;145;700;2008;POINT(-49.267798 -25.546852)
PR;4106902;145;713;2008;POINT(-49.2832717 -25.5356551)
PR;4106902;145;714;2008;POINT(-49.2711969 -25.5453222)
PR;4106902;145;726;2008;POINT(-49.247129 -25.5539096)
PR;4106902;145;740;2008;POINT(-49.2740937 -25.5067359)
PR;4106902;145;741;2008;POINT(-49.2541311 -25.5368991)
PR;4106902;174;105;2008;POINT(-49.23956 -25.53596)
PR;4106902;174;116;2008;POINT(-49.2524904 -25.5080968)
PR;4106902;174;124;2008;POINT(-49.25339 -25.50324)
PR;4106902;174;132;2008;POINT(-49.23816 -25.52102)
PR;4106902;174;188;2008;POINT(-49.24114 -25.52971)
PR;4106902;174;193;2008;POINT(-49.2491992 -25.5169744)
PR;4106902;174;22;2008;POINT(-49.2214002 -25.5070192)
PR;4106902;174;24;2008;POINT(-49.2214002 -25.5070192)
PR;4106902;174;243;2008;POINT(-49.23882 -25.53702)
PR;4106902;174;254;2008;POINT(-49.22847 -25.51021)
PR;4106902;174;269;2008;POINT(-49.237771 -25.4634239)
PR;4106902;174;272;2008;POINT(-49.23816 -25.52102)
PR;4106902;174;276;2008;POINT(-49.2551163 -25.5316222)
PR;4106902;174;282;2008;POINT(-49.2352613 -25.4983168)
PR;4106902;174;301;2008;POINT(-49.233785 -25.52399)
PR;4106902;174;309;2008;POINT(-49.23882 -25.53702)
PR;4106902;174;317;2008;POINT(-49.233785 -25.52399)
PR;4106902;174;325;2008;POINT(-49.2247213 -25.5153987)
PR;4106902;174;326;2008;POINT(-49.2357525 -25.4995741)
PR;4106902;174;333;2008;POINT(-49.2490291 -25.5232951)
PR;4106902;174;341;2008;POINT(-49.2490291 -25.5232951)
PR;4106902;174;38;2008;POINT(-49.2357525 -25.4995741)
PR;4106902;174;56;2008;
PR;4106902;174;73;2008;POINT(-49.24814 -25.47571)
PR;4106902;174;76;2008;POINT(-49.24814 -25.47571)
PR;4106902;174;78;2008;POINT(-49.25489 -25.5319)
PR;4106902;174;80;2008;POINT(-49.25489 -25.5319)
PR;4106902;175;118;2008;POINT(-49.2928794 -25.5510796)
PR;4106902;175;128;2008;POINT(-49.33553 -25.49496)
PR;4106902;175;138;2008;POINT(-49.325341 -25.5079879)
PR;4106902;175;146;2008;POINT(-49.3234288 -25.5959735)
PR;4106902;175;147;2008;POINT(-49.31665 -25.49636)
PR;4106902;175;153;2008;POINT(-49.3483639 -25.501447)
PR;4106902;175;173;2008;POINT(-49.2809825 -25.4963996)
PR;4106902;175;174;2008;POINT(-49.28963 -25.50226)
PR;4106902;175;219;2008;POINT(-49.3483639 -25.501447)
PR;4106902;175;220;2008;POINT(-49.2809825 -25.4963996)
PR;4106902;175;222;2008;POINT(-49.33431 -25.52744)
PR;4106902;175;235;2008;POINT(-49.2969375 -25.5061683)
PR;4106902;175;236;2008;POINT(-49.33679 -25.57298)
PR;4106902;175;238;2008;POINT(-49.2905083 -25.4960569)
PR;4106902;175;242;2008;POINT(-49.3528905 -25.6168749)
PR;4106902;175;244;2008;POINT(-49.3367948 -25.5728677)
PR;4106902;175;245;2008;POINT(-49.33854 -25.49549)
PR;4106902;175;264;2008;
PR;4106902;175;27;2008;
PR;4106902;175;277;2008;POINT(-49.339091 -25.560104)
PR;4106902;175;290;2008;POINT(-49.33745 -25.58663)
PR;4106902;175;291;2008;POINT(-49.33854 -25.49549)
PR;4106902;175;297;2008;POINT(-49.33854 -25.49549)
PR;4106902;175;298;2008;POINT(-49.3445 -25.49933)
PR;4106902;175;313;2008;POINT(-49.34962 -25.49396)
PR;4106902;175;58;2008;POINT(-49.325341 -25.5079879)
PR;4106902;175;6;2008;POINT(-49.33553 -25.49496)
PR;4106902;175;68;2008;POINT(-49.2809825 -25.4963996)
PR;4106902;175;72;2008;POINT(-49.28963 -25.50226)
PR;4106902;175;76;2008;POINT(-49.28963 -25.50226)
PR;4106902;175;78;2008;POINT(-49.2969375 -25.5061683)
PR;4106902;175;8;2008;POINT(-49.33553 -25.49496)
PR;4106902;175;89;2008;POINT(-49.3014253 -25.5012632)
PR;4106902;175;92;2008;POINT(-49.2905083 -25.4960569)
PR;4106902;175;95;2008;
PR;4106902;175;96;2008;
PR;4106902;176;100;2008;POINT(-49.2730758 -25.4837511)
PR;4106902;176;101;2008;POINT(-49.2730758 -25.4837511)
PR;4106902;176;102;2008;POINT(-49.2768784 -25.4816169)
PR;4106902;176;113;2008;
PR;4106902;176;115;2008;
PR;4106902;176;117;2008;
PR;4106902;176;139;2008;POINT(-49.2869249 -25.483503)
PR;4106902;176;142;2008;POINT(-49.3068422 -25.4876098)
PR;4106902;176;161;2008;POINT(-49.287804 -25.487723)
PR;4106902;176;162;2008;POINT(-49.287804 -25.487723)
PR;4106902;176;186;2008;POINT(-49.27992 -25.4734)
PR;4106902;176;210;2008;
PR;4106902;176;213;2008;POINT(-49.3221816 -25.4805233)
PR;4106902;176;215;2008;POINT(-49.287804 -25.487723)
PR;4106902;176;231;2008;POINT(-49.2781343 -25.4863896)
PR;4106902;176;234;2008;POINT(-49.27992 -25.4734)
PR;4106902;176;241;2008;POINT(-49.3221816 -25.4805233)
PR;4106902;176;243;2008;POINT(-49.2709061 -25.4796328)
PR;4106902;176;251;2008;POINT(-49.287804 -25.487723)
PR;4106902;176;264;2008;POINT(-49.29276 -25.4943803)
PR;4106902;176;40;2008;POINT(-49.27992 -25.4734)
PR;4106902;176;64;2008;POINT(-49.3241493 -25.4883321)
PR;4106902;176;71;2008;POINT(-49.3260419 -25.4868624)
PR;4106902;176;72;2008;POINT(-49.3260419 -25.4868624)
PR;4106902;176;81;2008;POINT(-49.3313362 -25.4801901)
PR;4106902;176;85;2008;POINT(-49.2777089 -25.4882713)
PR;4106902;176;9;2008;POINT(-49.249537 -25.4493088)
PR;4106902;177;106;2008;POINT(-49.268599 -25.4435359)
PR;4106902;177;107;2008;POINT(-49.268599 -25.4435359)
PR;4106902;177;118;2008;POINT(-49.2655397 -25.4496903)
PR;4106902;177;120;2008;POINT(-49.2655397 -25.4496903)
PR;4106902;177;129;2008;POINT(-49.2830736 -25.4633836)
PR;4106902;177;152;2008;POINT(-49.2938067 -25.4518101)
PR;4106902;177;165;2008;POINT(-49.27931 -25.45246)
PR;4106902;177;175;2008;POINT(-49.2817537 -25.4527323)
PR;4106902;177;176;2008;POINT(-49.2817537 -25.4527323)
PR;4106902;177;216;2008;POINT(-49.3104921 -25.4523612)
PR;4106902;177;220;2008;POINT(-49.2966205 -25.4470337)
PR;4106902;177;236;2008;POINT(-49.269632 -25.4391353)
PR;4106902;177;237;2008;
PR;4106902;177;243;2008;POINT(-49.305231 -25.438827)
PR;4106902;177;259;2008;POINT(-49.2860389 -25.4447491)
PR;4106902;177;26;2008;POINT(-49.29583 -25.44574)
PR;4106902;177;27;2008;POINT(-49.2966205 -25.4470337)
PR;4106902;177;276;2008;
PR;4106902;177;277;2008;
PR;4106902;177;28;2008;POINT(-49.2966205 -25.4470337)
PR;4106902;177;283;2008;POINT(-49.27931 -25.45246)
PR;4106902;177;287;2008;POINT(-49.29583 -25.44574)
PR;4106902;177;297;2008;POINT(-49.28853 -25.457786)
PR;4106902;177;31;2008;POINT(-49.312368 -25.444278)
PR;4106902;177;319;2008;POINT(-49.3436443 -25.4280576)
PR;4106902;177;330;2008;POINT(-49.2655397 -25.4496903)
PR;4106902;177;34;2008;POINT(-49.305231 -25.438827)
PR;4106902;177;346;2008;POINT(-49.3057665 -25.435366)
PR;4106902;177;347;2008;POINT(-49.3550246 -25.4218483)
PR;4106902;177;348;2008;
PR;4106902;177;351;2008;POINT(-49.2836206 -25.4367648)
PR;4106902;177;353;2008;
PR;4106902;177;38;2008;POINT(-49.305231 -25.438827)
PR;4106902;177;4;2008;POINT(-49.2836206 -25.4367648)
PR;4106902;177;40;2008;POINT(-49.305231 -25.438827)
PR;4106902;177;57;2008;POINT(-49.3436443 -25.4280576)
PR;4106902;177;59;2008;
PR;4106902;177;66;2008;POINT(-49.3468519 -25.4194396)
PR;4106902;177;72;2008;POINT(-49.3434352 -25.4171433)
PR;4106902;177;78;2008;
PR;4106902;177;82;2008;POINT(-49.355816 -25.421093)
PR;4106902;177;96;2008;POINT(-49.269632 -25.4391353)
PR;4106902;178;106;2008;POINT(-49.33089 -25.40207)
PR;4106902;178;147;2008;POINT(-49.33089 -25.40207)
PR;4106902;178;159;2008;POINT(-49.2671314 -25.4231326)
PR;4106902;178;165;2008;POINT(-49.2694 -25.42525)
PR;4106902;178;167;2008;POINT(-49.2694 -25.42525)
PR;4106902;178;169;2008;POINT(-49.2694 -25.42525)
PR;4106902;178;178;2008;POINT(-49.2677116 -25.4291044)
PR;4106902;178;18;2008;POINT(-49.28285 -25.42786)
PR;4106902;178;180;2008;POINT(-49.2677116 -25.4291044)
PR;4106902;178;207;2008;POINT(-49.2660216 -25.4318219)
PR;4106902;178;23;2008;
PR;4106902;178;233;2008;POINT(-49.273819 -25.4331939)
PR;4106902;178;238;2008;POINT(-49.273819 -25.4331939)
PR;4106902;178;242;2008;POINT(-49.2797468 -25.4345197)
PR;4106902;178;276;2008;POINT(-49.33089 -25.40207)
PR;4106902;178;277;2008;POINT(-49.2671314 -25.4231326)
PR;4106902;178;28;2008;POINT(-49.2805389 -25.4276737)
PR;4106902;178;282;2008;POINT(-49.28285 -25.42786)
PR;4106902;178;295;2008;POINT(-49.26028 -25.4288019)
PR;4106902;178;296;2008;POINT(-49.3341387 -25.3809703)
PR;4106902;178;3;2008;POINT(-49.273819 -25.4331939)
PR;4106902;178;306;2008;POINT(-49.2897279 -25.4151416)
PR;4106902;178;311;2008;POINT(-49.2941563 -25.4284846)
PR;4106902;178;321;2008;POINT(-49.3549165 -25.3908891)
PR;4106902;178;43;2008;POINT(-49.2790404 -25.435741)
PR;4106902;178;69;2008;POINT(-49.2941563 -25.4284846)
PR;4106902;178;75;2008;POINT(-49.2941563 -25.4284846)
PR;4106902;178;86;2008;POINT(-49.2900532 -25.4224801)
PR;4106902;178;90;2008;POINT(-49.2900532 -25.4224801)
PR;4106902;2;114;2008;POINT(-49.207209 -25.403648)
PR;4106902;2;115;2008;POINT(-49.207209 -25.403648)
PR;4106902;2;117;2008;POINT(-49.207209 -25.403648)
PR;4106902;2;188;2008;POINT(-49.2346756 -25.390976)
PR;4106902;2;202;2008;POINT(-49.23888 -25.47663)
PR;4106902;2;211;2008;
PR;4106902;2;257;2008;POINT(-49.2318129 -25.4127713)
PR;4106902;2;268;2008;POINT(-49.2595286 -25.4243117)
PR;4106902;2;273;2008;POINT(-49.2595286 -25.4243117)
PR;4106902;2;296;2008;POINT(-49.2323836 -25.3640325)
PR;4106902;2;304;2008;POINT(-49.241678 -25.373525)
PR;4106902;2;306;2008;POINT(-49.2242298 -25.3742506)
PR;4106902;2;308;2008;POINT(-49.2242298 -25.3742506)
PR;4106902;2;313;2008;POINT(-49.2242298 -25.3742506)
PR;4106902;2;319;2008;POINT(-49.2242298 -25.3742506)
PR;4106902;2;346;2008;POINT(-49.2200878 -25.3921445)
PR;4106902;2;358;2008;POINT(-49.22957 -25.38386)
PR;4106902;2;359;2008;POINT(-49.22957 -25.38386)
PR;4106902;2;361;2008;POINT(-49.22957 -25.38386)
PR;4106902;2;389;2008;POINT(-49.2037 -25.42486)
PR;4106902;2;395;2008;POINT(-49.2578107 -25.4285549)
PR;4106902;2;416;2008;POINT(-49.2379722 -25.3967237)
PR;4106902;2;425;2008;
PR;4106902;2;431;2008;POINT(-49.20368 -25.394645)
PR;4106902;2;436;2008;POINT(-49.2242298 -25.3742506)
PR;4106902;2;439;2008;POINT(-49.2346756 -25.390976)
PR;4106902;2;458;2008;
PR;4106902;2;460;2008;POINT(-49.2323836 -25.3640325)
PR;4106902;2;471;2008;POINT(-49.2037 -25.42486)
PR;4106902;2;472;2008;
PR;4106902;2;493;2008;POINT(-49.23888 -25.47663)
PR;4106902;2;497;2008;POINT(-49.21045 -25.36702)
PR;4106902;2;507;2008;POINT(-49.2308586 -25.3766974)
PR;4106902;2;509;2008;POINT(-49.207209 -25.403648)
PR;4106902;2;526;2008;POINT(-49.22957 -25.38386)
PR;4106902;2;527;2008;POINT(-49.2346756 -25.390976)
PR;4106902;2;65;2008;POINT(-49.24451 -25.40109)
PR;4106902;2;68;2008;POINT(-49.24451 -25.40109)
PR;4106902;2;84;2008;POINT(-49.21726 -25.39661)
PR;4106902;2;86;2008;POINT(-49.21726 -25.39661)
PR;4106902;2;92;2008;POINT(-49.2379722 -25.3967237)
PR;4106902;3;100;2008;POINT(-49.218163 -25.450697)
PR;4106902;3;117;2008;POINT(-49.2048528 -25.4648614)
PR;4106902;3;134;2008;POINT(-49.2190492 -25.434159)
PR;4106902;3;136;2008;POINT(-49.2190492 -25.434159)
PR;4106902;3;138;2008;POINT(-49.2190492 -25.434159)
PR;4106902;3;148;2008;POINT(-49.20471 -25.4416355)
PR;4106902;3;158;2008;
PR;4106902;3;165;2008;
PR;4106902;3;166;2008;
PR;4106902;3;205;2008;POINT(-49.24546 -25.4313226)
PR;4106902;3;215;2008;POINT(-49.2460047 -25.4342342)
PR;4106902;3;225;2008;POINT(-49.2483875 -25.4311794)
PR;4106902;3;263;2008;POINT(-49.2287596 -25.4563821)
PR;4106902;3;306;2008;POINT(-49.2187363 -25.4972071)
PR;4106902;3;311;2008;POINT(-49.2187363 -25.4972071)
PR;4106902;3;313;2008;POINT(-49.2263855 -25.4862273)
PR;4106902;3;353;2008;POINT(-49.218163 -25.450697)
PR;4106902;3;357;2008;POINT(-49.2147135 -25.4517873)
PR;4106902;3;366;2008;POINT(-49.208267 -25.4525898)
PR;4106902;3;372;2008;POINT(-49.218163 -25.450697)
PR;4106902;3;387;2008;POINT(-49.2389964 -25.4445704)
PR;4106902;3;393;2008;POINT(-49.2024886 -25.4699211)
PR;4106902;3;395;2008;POINT(-49.203019 -25.479242)
PR;4106902;3;400;2008;POINT(-49.2299948 -25.4496345)
PR;4106902;3;404;2008;POINT(-49.20406 -25.48565)
PR;4106902;3;405;2008;
PR;4106902;3;415;2008;POINT(-49.19483 -25.47621)
PR;4106902;3;426;2008;POINT(-49.2024886 -25.4699211)
PR;4106902;3;434;2008;POINT(-49.2460047 -25.4342342)
PR;4106902;3;450;2008;POINT(-49.1920514 -25.4709788)
PR;4106902;3;481;2008;POINT(-49.21581 -25.448286)
PR;4106902;3;500;2008;POINT(-49.239771 -25.4781578)
PR;4106902;3;508;2008;POINT(-49.2048528 -25.4648614)
PR;4106902;3;523;2008;POINT(-49.20406 -25.48565)
PR;4106902;3;533;2008;
PR;4106902;3;535;2008;
PR;4106902;3;547;2008;POINT(-49.2360544 -25.4568269)
PR;4106902;3;552;2008;
PR;4106902;3;564;2008;POINT(-49.208267 -25.4525898)
PR;4106902;3;570;2008;POINT(-49.22937 -25.44037)
PR;4106902;3;571;2008;POINT(-49.2023576 -25.4890365)
PR;4106902;3;578;2008;POINT(-49.1920514 -25.4709788)
PR;4106902;3;593;2008;POINT(-49.2187363 -25.4972071)
PR;4106902;3;600;2008;POINT(-49.203019 -25.479242)
PR;4106902;3;61;2008;POINT(-49.22008 -25.45518)
PR;4106902;3;632;2008;POINT(-49.21139 -25.42925)
PR;4106902;3;636;2008;POINT(-49.2187363 -25.4972071)
PR;4106902;3;66;2008;POINT(-49.22008 -25.45518)
PR;4106902;3;74;2008;POINT(-49.2039442 -25.4709507)
PR;4106902;3;78;2008;POINT(-49.2147135 -25.4517873)
PR;4106902;3;79;2008;POINT(-49.2147135 -25.4517873)
PR;4106902;3;86;2008;POINT(-49.218163 -25.450697)
PR;4106902;3;91;2008;POINT(-49.218163 -25.450697)
PR;4106902;3;95;2008;POINT(-49.218163 -25.450697)
PR;4106902;4;182;2008;POINT(-49.29865 -25.46208)
PR;4106902;4;183;2008;POINT(-49.29865 -25.46208)
PR;4106902;4;190;2008;POINT(-49.2964282 -25.4607958)
PR;4106902;4;198;2008;POINT(-49.30754008 -25.45986603)
PR;4106902;4;203;2008;POINT(-49.30754008 -25.45986603)
PR;4106902;4;205;2008;POINT(-49.30883 -25.46318)
PR;4106902;4;223;2008;
PR;4106902;4;226;2008;
PR;4106902;4;228;2008;
PR;4106902;4;237;2008;POINT(-49.29367228 -25.46728319)
PR;4106902;4;239;2008;POINT(-49.29367228 -25.46728319)
PR;4106902;4;246;2008;POINT(-49.2992748 -25.4790794)
PR;4106902;4;248;2008;POINT(-49.2992748 -25.4790794)
PR;4106902;4;251;2008;POINT(-49.30445 -25.4631)
PR;4106902;4;252;2008;POINT(-49.30445 -25.4631)
PR;4106902;4;260;2008;
PR;4106902;4;274;2008;POINT(-49.3165581 -25.4729325)
PR;4106902;4;317;2008;POINT(-49.33656904 -25.47952899)
PR;4106902;4;319;2008;POINT(-49.33656904 -25.47952899)
PR;4106902;4;321;2008;POINT(-49.33656904 -25.47952899)
PR;4106902;4;322;2008;POINT(-49.33656904 -25.47952899)
PR;4106902;4;325;2008;POINT(-49.344883 -25.459897)
PR;4106902;4;327;2008;POINT(-49.3495289 -25.457169)
PR;4106902;4;332;2008;POINT(-49.32575023 -25.45663006)
PR;4106902;4;352;2008;POINT(-49.30754008 -25.45986603)
PR;4106902;4;375;2008;POINT(-49.2992748 -25.4790794)
PR;4106902;4;380;2008;POINT(-49.3495289 -25.457169)
PR;4106902;4;384;2008;POINT(-49.3393963 -25.4742601)
PR;4106902;4;392;2008;POINT(-49.3452188 -25.4445679)
PR;4106902;4;403;2008;
PR;4106902;4;409;2008;POINT(-49.35478 -25.43403)
PR;4106902;4;445;2008;POINT(-49.3393963 -25.4742601)
PR;4106902;4;448;2008;POINT(-49.34995833 -25.48565667)
PR;4106902;4;450;2008;POINT(-49.29367228 -25.46728319)
PR;4106902;4;452;2008;
PR;4106902;4;459;2008;POINT(-49.34995833 -25.48565667)
PR;4106902;4;466;2008;POINT(-49.34995833 -25.48565667)
PR;4106902;4;468;2008;POINT(-49.29367228 -25.46728319)
PR;4106902;4;477;2008;
PR;4106902;4;478;2008;POINT(-49.29367228 -25.46728319)
PR;4106902;4;484;2008;
PR;4106902;4;522;2008;POINT(-49.2996512 -25.4728395)
PR;4106902;4;550;2008;POINT(-49.3337918 -25.4616525)
PR;4106902;4;552;2008;POINT(-49.3165581 -25.4729325)
PR;4107009;119;11;2008;POINT(-50.45838 -24.03342)
PR;4107009;119;13;2008;POINT(-50.45838 -24.03342)
PR;4107009;119;36;2008;
PR;4107009;119;5;2008;POINT(-50.4568786 -24.0376053)
PR;4107009;119;72;2008;
PR;4107009;119;79;2008;
PR;4107009;119;8;2008;POINT(-50.4568786 -24.0376053)
PR;4107009;119;81;2008;
PR;4107207;115;1;2008;
PR;4107207;115;113;2008;POINT(-53.05722 -25.73917)
PR;4107207;115;116;2008;POINT(-53.070883 -25.73094)
PR;4107207;115;119;2008;
PR;4107207;115;15;2008;
PR;4107207;115;152;2008;
PR;4107207;115;190;2008;POINT(-53.0659725 -25.751783)
PR;4107207;115;28;2008;POINT(-53.070883 -25.73094)
PR;4107207;115;4;2008;
PR;4107207;115;51;2008;
PR;4107207;115;55;2008;
PR;4107207;115;83;2008;
PR;4107504;116;1;2008;POINT(-52.2560347 -23.7955355)
PR;4107504;116;19;2008;
PR;4107504;116;21;2008;
PR;4107504;116;4;2008;POINT(-52.2560347 -23.7955355)
PR;4107603;110;13;2008;
PR;4107603;110;34;2008;
PR;4107603;110;47;2008;
PR;4107603;110;57;2008;
PR;4107603;110;61;2008;
PR;4107603;110;70;2008;
PR;4107652;144;103;2008;
PR;4107652;144;106;2008;
PR;4107652;144;130;2008;
PR;4107652;144;136;2008;POINT(-49.3038284 -25.6663468)
PR;4107652;144;137;2008;
PR;4107652;144;144;2008;
PR;4107652;144;154;2008;
PR;4107652;144;185;2008;
PR;4107652;144;190;2008;
PR;4107652;144;214;2008;POINT(-49.30603 -25.65975)
PR;4107652;144;218;2008;
PR;4107652;144;23;2008;
PR;4107652;144;235;2008;
PR;4107652;144;25;2008;
PR;4107652;144;255;2008;POINT(-49.3072027 -25.6736076)
PR;4107652;144;27;2008;
PR;4107652;144;28;2008;
PR;4107652;144;3;2008;
PR;4107652;144;44;2008;
PR;4107652;144;46;2008;
PR;4107652;144;48;2008;
PR;4107652;144;49;2008;
PR;4107652;144;56;2008;POINT(-49.3038284 -25.6663468)
PR;4107652;144;57;2008;POINT(-49.3038284 -25.6663468)
PR;4107652;144;6;2008;
PR;4107652;144;62;2008;
PR;4108205;120;119;2008;
PR;4108205;120;123;2008;
PR;4108205;120;131;2008;POINT(-53.316251 -24.296449)
PR;4108205;120;2;2008;POINT(-53.316251 -24.296449)
PR;4108304;147;100;2008;
PR;4108304;147;101;2008;
PR;4108304;147;103;2008;
PR;4108304;147;188;2008;POINT(-54.58622 -25.46918)
PR;4108304;147;193;2008;POINT(-54.589054 -25.523105)
PR;4108304;147;219;2008;POINT(-54.5719874 -25.4477006)
PR;4108304;147;222;2008;
PR;4108304;147;228;2008;POINT(-54.5773514 -25.4833903)
PR;4108304;147;232;2008;
PR;4108304;147;237;2008;
PR;4108304;147;24;2008;POINT(-54.57502 -25.49901)
PR;4108304;147;242;2008;POINT(-54.570924 -25.4918869)
PR;4108304;147;246;2008;
PR;4108304;147;260;2008;
PR;4108304;147;48;2008;POINT(-54.57502 -25.49901)
PR;4108304;147;59;2008;POINT(-54.57502 -25.49901)
PR;4108304;147;67;2008;POINT(-54.57502 -25.49901)
PR;4108304;147;7;2008;POINT(-54.5900058 -25.5230217)
PR;4108304;147;89;2008;POINT(-54.58622 -25.46918)
PR;4108304;147;9;2008;POINT(-54.5900058 -25.5230217)
PR;4108304;147;94;2008;POINT(-54.58622 -25.46918)
PR;4108304;204;111;2008;POINT(-54.5579988 -25.5403555)
PR;4108304;204;114;2008;POINT(-54.5409983 -25.5338208)
PR;4108304;204;115;2008;POINT(-54.55089 -25.532768)
PR;4108304;204;128;2008;POINT(-54.534475 -25.533543)
PR;4108304;204;132;2008;POINT(-54.55089 -25.532768)
PR;4108304;204;133;2008;
PR;4108304;204;27;2008;POINT(-54.5336626 -25.5251831)
PR;4108304;204;32;2008;
PR;4108304;204;33;2008;
PR;4108304;204;37;2008;
PR;4108304;204;4;2008;POINT(-54.55715 -25.53321)
PR;4108304;204;64;2008;POINT(-54.55688 -25.52391)
PR;4108304;204;67;2008;POINT(-54.54912 -25.54184)
PR;4108304;204;72;2008;POINT(-54.54912 -25.54184)
PR;4108304;204;99;2008;POINT(-54.5579988 -25.5403555)
PR;4108304;205;124;2008;POINT(-54.54038 -25.50072)
PR;4108304;205;134;2008;POINT(-54.5106357 -25.4875515)
PR;4108304;205;14;2008;POINT(-54.50579 -25.48503)
PR;4108304;205;146;2008;POINT(-54.58622 -25.46918)
PR;4108304;205;153;2008;POINT(-54.5106357 -25.4875515)
PR;4108304;205;18;2008;POINT(-54.50579 -25.48503)
PR;4108304;205;27;2008;
PR;4108304;205;37;2008;POINT(-54.51858 -25.48403)
PR;4108304;205;38;2008;POINT(-54.53143 -25.51502)
PR;4108304;205;45;2008;POINT(-54.54038 -25.50072)
PR;4108304;205;89;2008;POINT(-54.54038 -25.50072)
PR;4108304;205;98;2008;POINT(-54.58622 -25.46918)
PR;4108304;46;104;2008;
PR;4108304;46;108;2008;POINT(-54.5868547 -25.5482788)
PR;4108304;46;118;2008;
PR;4108304;46;142;2008;POINT(-54.5714557 -25.5366044)
PR;4108304;46;145;2008;POINT(-54.58384 -25.5788)
PR;4108304;46;153;2008;POINT(-54.5905919 -25.5411652)
PR;4108304;46;160;2008;
PR;4108304;46;161;2008;POINT(-54.5714557 -25.5366044)
PR;4108304;46;166;2008;
PR;4108304;46;170;2008;POINT(-54.5868547 -25.5482788)
PR;4108304;46;187;2008;POINT(-54.5905919 -25.5411652)
PR;4108304;46;192;2008;
PR;4108304;46;2;2008;POINT(-54.58384 -25.5788)
PR;4108304;46;215;2008;POINT(-54.57417 -25.5706)
PR;4108304;46;222;2008;
PR;4108304;46;241;2008;
PR;4108304;46;243;2008;
PR;4108304;46;247;2008;
PR;4108304;46;253;2008;
PR;4108304;46;254;2008;POINT(-54.58222 -25.56717)
PR;4108304;46;37;2008;POINT(-54.58461 -25.54676)
PR;4108304;46;55;2008;
PR;4108304;46;59;2008;POINT(-54.57417 -25.5706)
PR;4108304;46;63;2008;POINT(-54.57417 -25.5706)
PR;4108304;46;8;2008;POINT(-54.572388 -25.5535102)
PR;4108304;46;89;2008;
PR;4108403;140;112;2008;POINT(-53.0525567 -26.0832667)
PR;4108403;140;52;2008;
PR;4108403;140;63;2008;
PR;4108403;140;7;2008;POINT(-53.054652 -26.070931)
PR;4108403;140;82;2008;POINT(-53.0354517 -26.0489915)
PR;4108403;140;89;2008;
PR;4108403;69;118;2008;
PR;4108403;69;125;2008;POINT(-53.03937 -26.07366)
PR;4108403;69;134;2008;
PR;4108403;69;136;2008;
PR;4108403;69;137;2008;
PR;4108403;69;142;2008;
PR;4108403;69;156;2008;
PR;4108403;69;158;2008;
PR;4108403;69;168;2008;
PR;4108403;69;178;2008;
PR;4108403;69;179;2008;
PR;4108403;69;183;2008;POINT(-53.060256 -26.0696154)
PR;4108403;69;196;2008;
PR;4108403;69;197;2008;
PR;4108403;69;2;2008;
PR;4108403;69;212;2008;
PR;4108403;69;252;2008;
PR;4108403;69;258;2008;
PR;4108403;69;26;2008;POINT(-53.03937 -26.07366)
PR;4108403;69;29;2008;POINT(-53.03937 -26.07366)
PR;4108403;69;34;2008;
PR;4108601;92;12;2008;
PR;4108601;92;29;2008;
PR;4108601;92;32;2008;
PR;4108601;92;83;2008;
PR;4108700;136;52;2008;
PR;4108700;136;53;2008;
PR;4108700;136;56;2008;
PR;4108809;90;16;2008;POINT(-54.25583163 -24.08472247)
PR;4108809;90;27;2008;
PR;4108809;90;51;2008;
PR;4108809;90;57;2008;
PR;4108809;90;84;2008;POINT(-54.2570813 -24.0811327)
PR;4108809;90;86;2008;
PR;4109302;112;12;2008;
PR;4109401;43;101;2008;
PR;4109401;43;106;2008;
PR;4109401;43;11;2008;
PR;4109401;43;113;2008;
PR;4109401;43;12;2008;
PR;4109401;43;129;2008;
PR;4109401;43;130;2008;
PR;4109401;43;135;2008;
PR;4109401;43;17;2008;
PR;4109401;43;190;2008;
PR;4109401;43;191;2008;
PR;4109401;43;204;2008;
PR;4109401;43;206;2008;
PR;4109401;43;209;2008;POINT(-51.46231 -25.43383)
PR;4109401;43;219;2008;POINT(-51.45459 -25.40005)
PR;4109401;43;22;2008;POINT(-51.45459 -25.40005)
PR;4109401;43;239;2008;POINT(-51.47837 -25.39)
PR;4109401;43;254;2008;
PR;4109401;43;259;2008;
PR;4109401;43;271;2008;
PR;4109401;43;281;2008;POINT(-51.4771107 -25.3562654)
PR;4109401;43;284;2008;
PR;4109401;43;3;2008;
PR;4109401;43;300;2008;POINT(-51.47452 -25.41302)
PR;4109401;43;305;2008;POINT(-51.4949765 -25.3535446)
PR;4109401;43;309;2008;
PR;4109401;43;316;2008;
PR;4109401;43;44;2008;
PR;4109401;43;68;2008;POINT(-51.46894 -25.399)
PR;4109401;43;73;2008;
PR;4109401;43;82;2008;POINT(-51.4697663 -25.4061597)
PR;4109401;44;157;2008;
PR;4109401;44;181;2008;
PR;4109401;44;227;2008;
PR;4109401;44;25;2008;
PR;4109401;44;254;2008;
PR;4109401;44;270;2008;
PR;4109401;44;277;2008;POINT(-51.4465 -25.38421)
PR;4109401;44;29;2008;
PR;4109401;44;301;2008;POINT(-51.462533 -25.3705937)
PR;4109401;44;312;2008;POINT(-51.459437 -25.364554)
PR;4109401;44;328;2008;
PR;4109401;44;39;2008;
PR;4109401;44;54;2008;
PR;4109401;44;64;2008;
PR;4109401;44;72;2008;
PR;4109401;44;77;2008;
PR;4109401;44;79;2008;
PR;4109609;161;101;2008;
PR;4109609;161;105;2008;POINT(-48.61870692 -25.87933791)
PR;4109609;161;13;2008;
PR;4109609;161;15;2008;POINT(-48.5812497 -25.9225322)
PR;4109609;161;21;2008;
PR;4109609;161;28;2008;
PR;4109609;161;81;2008;POINT(-48.58421938 -25.88452642)
PR;4109708;79;11;2008;POINT(-50.18993009 -23.85047814)
PR;4109708;79;28;2008;POINT(-50.1908389 -23.8419058)
PR;4109708;79;40;2008;
PR;4109708;79;42;2008;
PR;4109708;79;73;2008;
PR;4109708;79;74;2008;
PR;4109708;79;83;2008;
PR;4109807;80;25;2008;
PR;4109807;80;36;2008;
PR;4109807;80;60;2008;POINT(-51.0480488 -23.262328)
PR;4109807;80;72;2008;POINT(-51.0537004 -23.2695592)
PR;4109807;80;82;2008;POINT(-51.0480488 -23.262328)
PR;4109807;80;87;2008;
PR;4109807;80;96;2008;
PR;4109906;172;1;2008;
PR;4109906;172;24;2008;
PR;4110102;29;115;2008;
PR;4110102;29;119;2008;
PR;4110102;29;123;2008;
PR;4110102;29;125;2008;
PR;4110102;29;21;2008;
PR;4110102;29;22;2008;
PR;4110102;29;32;2008;
PR;4110102;29;36;2008;POINT(-50.6030284 -25.2262264)
PR;4110102;29;41;2008;POINT(-50.6030284 -25.2262264)
PR;4110102;29;42;2008;POINT(-50.6030284 -25.2262264)
PR;4110102;29;44;2008;
PR;4110102;29;69;2008;
PR;4110102;29;74;2008;
PR;4110102;29;75;2008;
PR;4110102;29;80;2008;
PR;4110102;29;85;2008;
PR;4110102;29;89;2008;POINT(-50.604019 -25.229125)
PR;4110102;29;97;2008;
PR;4110102;29;98;2008;POINT(-50.604019 -25.229125)
PR;4110508;36;1;2008;
PR;4110508;36;14;2008;POINT(-50.59845 -24.92406)
PR;4110508;36;24;2008;
PR;4110607;97;10;2008;POINT(-53.705228 -24.0047472)
PR;4110607;97;11;2008;
PR;4110607;97;24;2008;
PR;4110607;97;38;2008;
PR;4110607;97;56;2008;
PR;4110706;34;100;2008;
PR;4110706;34;112;2008;
PR;4110706;34;120;2008;POINT(-50.66131 -25.46727)
PR;4110706;34;126;2008;POINT(-50.67375806 -25.48757125)
PR;4110706;34;127;2008;
PR;4110706;34;166;2008;
PR;4110706;34;18;2008;POINT(-50.6486232 -25.4649022)
PR;4110706;34;28;2008;
PR;4110706;34;34;2008;
PR;4110706;34;42;2008;
PR;4110706;34;49;2008;POINT(-50.65873 -25.52276)
PR;4110706;34;52;2008;POINT(-50.6664965 -25.49383884)
PR;4110706;34;64;2008;POINT(-50.66131 -25.46727)
PR;4110706;34;80;2008;
PR;4110706;34;86;2008;POINT(-50.93104547 -25.56591452)
PR;4110706;34;98;2008;
PR;4110805;141;138;2008;
PR;4110805;141;148;2008;
PR;4110805;141;199;2008;
PR;4110805;141;201;2008;POINT(-52.0991551 -24.4221784)
PR;4110805;141;37;2008;POINT(-52.1054211 -24.422542)
PR;4111506;152;18;2008;
PR;4111506;152;20;2008;
PR;4111506;152;24;2008;
PR;4111506;152;48;2008;
PR;4111506;93;137;2008;POINT(-51.68136 -24.23698)
PR;4111506;93;19;2008;POINT(-51.6722658 -24.241484)
PR;4111506;93;4;2008;
PR;4111506;93;60;2008;
PR;4111506;93;61;2008;
PR;4111506;93;62;2008;
PR;4111803;24;103;2008;POINT(-49.9783983 -23.1691361)
PR;4111803;24;11;2008;
PR;4111803;24;17;2008;POINT(-49.975934 -23.153962)
PR;4111803;24;20;2008;POINT(-49.9758571 -23.1611058)
PR;4111803;24;21;2008;POINT(-49.981337 -23.1630215)
PR;4111803;24;24;2008;
PR;4111803;24;41;2008;POINT(-49.9783983 -23.1691361)
PR;4111803;24;47;2008;POINT(-49.981337 -23.1630215)
PR;4111803;24;62;2008;POINT(-49.9738859 -23.1601836)
PR;4111803;24;69;2008;POINT(-49.9801958 -23.1641433)
PR;4111803;24;73;2008;POINT(-49.9738859 -23.1601836)
PR;4111803;24;96;2008;POINT(-49.9799953 -23.1634103)
PR;4111902;64;19;2008;POINT(-51.531098 -23.108315)
PR;4111902;64;29;2008;POINT(-51.537197 -23.11536)
PR;4111902;64;37;2008;POINT(-51.5337817 -23.1092924)
PR;4111902;64;39;2008;POINT(-51.537197 -23.11536)
PR;4111902;64;42;2008;POINT(-51.537197 -23.11536)
PR;4112009;18;40;2008;
PR;4112009;18;65;2008;POINT(-49.73429 -24.27203)
PR;4112108;70;113;2008;POINT(-51.6496593 -23.5971341)
PR;4112108;70;17;2008;POINT(-51.644094 -23.601915)
PR;4112108;70;23;2008;POINT(-51.644094 -23.601915)
PR;4112108;70;25;2008;POINT(-51.6496593 -23.5971341)
PR;4112108;70;34;2008;POINT(-51.6496593 -23.5971341)
PR;4112108;70;36;2008;POINT(-51.6496593 -23.5971341)
PR;4112108;70;52;2008;POINT(-51.6549 -23.59864)
PR;4112801;55;14;2008;
PR;4112801;55;16;2008;
PR;4112801;55;17;2008;
PR;4112801;55;23;2008;POINT(-49.9233521 -23.5031411)
PR;4112801;55;29;2008;
PR;4112801;55;30;2008;
PR;4112801;55;48;2008;
PR;4113205;10;100;2008;
PR;4113205;10;108;2008;
PR;4113205;10;121;2008;
PR;4113205;10;254;2008;POINT(-49.7182247 -25.7679702)
PR;4113205;10;265;2008;POINT(-49.7260249 -25.7669677)
PR;4113205;10;41;2008;POINT(-49.7154565 -25.7709204)
PR;4113205;10;49;2008;POINT(-49.7184401 -25.7768298)
PR;4113205;10;53;2008;POINT(-49.7203653 -25.7700429)
PR;4113205;10;59;2008;POINT(-49.7203653 -25.7700429)
PR;4113205;10;60;2008;POINT(-49.7203653 -25.7700429)
PR;4113205;10;68;2008;
PR;4113205;10;72;2008;POINT(-49.7155201 -25.7628709)
PR;4113205;10;75;2008;
PR;4113205;10;84;2008;
PR;4113205;10;96;2008;
PR;4113304;45;116;2008;
PR;4113304;45;137;2008;
PR;4113304;45;182;2008;
PR;4113304;45;189;2008;POINT(-52.420102 -25.408258)
PR;4113304;45;194;2008;
PR;4113304;45;196;2008;POINT(-52.3955955 -25.3973003)
PR;4113304;45;205;2008;
PR;4113304;45;21;2008;
PR;4113502;85;100;2008;
PR;4113502;85;111;2008;
PR;4113502;85;18;2008;
PR;4113502;85;2;2008;POINT(-53.1345961 -22.925979)
PR;4113502;85;63;2008;
PR;4113502;85;67;2008;
PR;4113502;85;79;2008;
PR;4113502;85;98;2008;
PR;4113700;146;127;2008;POINT(-51.088413 -23.690676)
PR;4113700;146;137;2008;POINT(-51.082986 -23.526414)
PR;4113700;146;145;2008;POINT(-51.1661702 -23.3003011)
PR;4113700;146;146;2008;POINT(-51.1661702 -23.3003011)
PR;4113700;146;156;2008;POINT(-51.2134712 -23.3755077)
PR;4113700;146;175;2008;POINT(-51.088413 -23.690676)
PR;4113700;157;101;2008;POINT(-51.1452848 -23.261292)
PR;4113700;157;104;2008;POINT(-51.1452848 -23.261292)
PR;4113700;157;122;2008;POINT(-51.1395303 -23.2508306)
PR;4113700;157;133;2008;POINT(-51.1409807 -23.2536003)
PR;4113700;157;138;2008;POINT(-51.1482565 -23.2561409)
PR;4113700;157;148;2008;POINT(-51.175633 -23.2676084)
PR;4113700;157;153;2008;POINT(-51.1786783 -23.2600993)
PR;4113700;157;160;2008;
PR;4113700;157;172;2008;
PR;4113700;157;194;2008;POINT(-51.1786783 -23.2600993)
PR;4113700;157;199;2008;POINT(-51.154971 -23.2608707)
PR;4113700;157;203;2008;POINT(-51.1395303 -23.2508306)
PR;4113700;157;239;2008;POINT(-51.1742345 -23.2816825)
PR;4113700;157;252;2008;POINT(-51.1742345 -23.2816825)
PR;4113700;157;63;2008;POINT(-51.1579908 -23.2794989)
PR;4113700;157;68;2008;POINT(-51.163374 -23.2768314)
PR;4113700;157;77;2008;POINT(-51.1727668 -23.2783992)
PR;4113700;189;109;2008;POINT(-51.1241033 -23.2832072)
PR;4113700;189;112;2008;
PR;4113700;189;115;2008;POINT(-51.2012216 -23.2857301)
PR;4113700;189;13;2008;POINT(-51.17556 -23.29464)
PR;4113700;189;24;2008;POINT(-51.19546 -23.29394)
PR;4113700;189;29;2008;POINT(-51.19546 -23.29394)
PR;4113700;189;33;2008;POINT(-51.1981007 -23.2935056)
PR;4113700;189;39;2008;POINT(-51.2022606 -23.2897475)
PR;4113700;189;40;2008;POINT(-51.2022606 -23.2897475)
PR;4113700;189;48;2008;POINT(-51.2022606 -23.2897475)
PR;4113700;189;56;2008;
PR;4113700;189;8;2008;POINT(-51.1824439 -23.2940342)
PR;4113700;189;84;2008;
PR;4113700;189;97;2008;
PR;4113700;190;109;2008;POINT(-51.1438974 -23.3364494)
PR;4113700;190;114;2008;POINT(-51.1438974 -23.3364494)
PR;4113700;190;116;2008;POINT(-51.1297245 -23.3866695)
PR;4113700;190;124;2008;
PR;4113700;190;14;2008;POINT(-51.1263022 -23.3255025)
PR;4113700;190;160;2008;POINT(-51.1384483 -23.318543)
PR;4113700;190;168;2008;POINT(-51.13271 -23.33598)
PR;4113700;190;184;2008;POINT(-51.1384483 -23.318543)
PR;4113700;190;186;2008;
PR;4113700;190;193;2008;POINT(-51.1389459 -23.3676633)
PR;4113700;190;194;2008;POINT(-51.13271 -23.33598)
PR;4113700;190;195;2008;
PR;4113700;190;23;2008;POINT(-51.12943 -23.31814)
PR;4113700;190;27;2008;POINT(-51.1384483 -23.318543)
PR;4113700;190;29;2008;POINT(-51.1384483 -23.318543)
PR;4113700;190;59;2008;POINT(-51.1516377 -23.327986)
PR;4113700;190;65;2008;POINT(-51.1435745 -23.3321856)
PR;4113700;190;70;2008;POINT(-51.1457777 -23.3405319)
PR;4113700;190;82;2008;POINT(-51.1458487 -23.3607956)
PR;4113700;190;91;2008;POINT(-51.1389459 -23.3676633)
PR;4113700;190;96;2008;POINT(-51.129415 -23.3706316)
PR;4113700;191;104;2008;POINT(-51.152104 -23.3755393)
PR;4113700;191;11;2008;POINT(-51.2016784 -23.3013924)
PR;4113700;191;117;2008;POINT(-51.2268286 -23.3194543)
PR;4113700;191;119;2008;POINT(-51.2231709 -23.2926699)
PR;4113700;191;147;2008;POINT(-51.22583 -23.32472)
PR;4113700;191;22;2008;POINT(-51.206715 -23.3044885)
PR;4113700;191;3;2008;POINT(-51.2016784 -23.3013924)
PR;4113700;191;32;2008;POINT(-51.1984404 -23.3080651)
PR;4113700;191;43;2008;POINT(-51.1902224 -23.3065012)
PR;4113700;191;49;2008;POINT(-51.1792477 -23.302361)
PR;4113700;191;5;2008;POINT(-51.2016784 -23.3013924)
PR;4113700;191;54;2008;POINT(-51.18383 -23.3040231)
PR;4113700;191;59;2008;POINT(-51.18383 -23.3040231)
PR;4113700;191;61;2008;POINT(-51.1730032 -23.3033893)
PR;4113700;191;65;2008;POINT(-51.1775745 -23.3103514)
PR;4113700;191;74;2008;POINT(-51.170814 -23.316143)
PR;4113700;191;76;2008;POINT(-51.170814 -23.316143)
PR;4113700;191;84;2008;POINT(-51.18534 -23.3140043)
PR;4113700;191;87;2008;POINT(-51.2268286 -23.3194543)
PR;4113700;191;92;2008;POINT(-51.1555886 -23.3693056)
PR;4113700;41;113;2008;POINT(-51.1440688 -23.294058)
PR;4113700;41;116;2008;POINT(-51.1493751 -23.299962)
PR;4113700;41;157;2008;POINT(-51.1650341 -23.3073988)
PR;4113700;41;171;2008;
PR;4113700;41;198;2008;POINT(-51.1440688 -23.294058)
PR;4113700;41;2;2008;
PR;4113700;41;21;2008;
PR;4113700;41;22;2008;
PR;4113700;41;3;2008;
PR;4113700;41;31;2008;
PR;4113700;41;33;2008;POINT(-51.160889 -23.3106991)
PR;4113700;41;4;2008;
PR;4113700;41;78;2008;POINT(-51.1363723 -23.3119866)
PR;4113700;41;90;2008;
PR;4113700;41;97;2008;POINT(-51.1429888 -23.2997048)
PR;4113700;42;114;2008;POINT(-51.1524137 -23.3587687)
PR;4113700;42;189;2008;POINT(-51.1656 -23.32075)
PR;4113700;42;45;2008;POINT(-51.1602143 -23.3206628)
PR;4113700;42;67;2008;POINT(-51.1656 -23.32075)
PR;4113700;42;84;2008;POINT(-51.1543421 -23.3278916)
PR;4113700;42;93;2008;POINT(-51.1543421 -23.3278916)
PR;4113908;37;2;2008;POINT(-50.8267724 -25.8878646)
PR;4113908;37;31;2008;
PR;4113908;37;32;2008;
PR;4113908;37;33;2008;
PR;4113908;37;42;2008;
PR;4113908;37;6;2008;POINT(-50.8100397 -25.8836799)
PR;4114005;170;37;2008;POINT(-52.528475 -24.3171317)
PR;4114005;170;50;2008;POINT(-52.5757025 -24.4585789)
PR;4114005;170;52;2008;POINT(-52.5757025 -24.4585789)
PR;4114005;170;63;2008;POINT(-52.530196 -24.3098298)
PR;4114104;102;11;2008;
PR;4114104;102;20;2008;
PR;4114104;102;21;2008;
PR;4114104;102;23;2008;
PR;4114104;102;24;2008;
PR;4114104;102;69;2008;
PR;4114203;60;27;2008;POINT(-51.67141 -23.52931)
PR;4114203;60;30;2008;POINT(-51.67141 -23.52931)
PR;4114203;60;35;2008;POINT(-51.67356 -23.51984)
PR;4114203;60;37;2008;POINT(-51.67356 -23.51984)
PR;4114203;60;46;2008;POINT(-51.69755 -23.5111)
PR;4114401;168;10;2008;
PR;4114401;168;31;2008;
PR;4114401;168;37;2008;
PR;4114401;168;44;2008;
PR;4114401;168;47;2008;
PR;4114500;196;113;2008;POINT(-51.6622495 -24.514473)
PR;4114609;121;147;2008;
PR;4114609;121;148;2008;
PR;4114609;121;161;2008;
PR;4114609;121;2;2008;
PR;4114609;121;37;2008;
PR;4114609;121;5;2008;
PR;4114609;121;83;2008;
PR;4114807;81;116;2008;
PR;4114807;81;119;2008;POINT(-51.7937103 -23.479018)
PR;4114807;81;161;2008;
PR;4114807;81;23;2008;
PR;4114807;81;39;2008;POINT(-51.9719901 -23.5537395)
PR;4114807;81;44;2008;
PR;4114906;76;101;2008;
PR;4114906;76;35;2008;
PR;4114906;76;40;2008;POINT(-51.3095183 -23.7451004)
PR;4114906;76;67;2008;POINT(-51.307358 -23.746351)
PR;4114906;76;69;2008;POINT(-51.307358 -23.746351)
PR;4115200;137;139;2008;POINT(-51.9152 -23.39653)
PR;4115200;137;141;2008;POINT(-51.9152 -23.39653)
PR;4115200;137;144;2008;POINT(-51.9152 -23.39653)
PR;4115200;137;146;2008;POINT(-51.9152 -23.39653)
PR;4115200;137;147;2008;POINT(-51.9152 -23.39653)
PR;4115200;137;149;2008;POINT(-51.9152 -23.39653)
PR;4115200;137;150;2008;POINT(-51.9152 -23.39653)
PR;4115200;137;153;2008;POINT(-51.9152 -23.39653)
PR;4115200;137;160;2008;POINT(-51.8881288 -23.4144203)
PR;4115200;137;162;2008;POINT(-51.8881288 -23.4144203)
PR;4115200;137;185;2008;POINT(-51.8972516 -23.4143403)
PR;4115200;137;207;2008;POINT(-51.8881288 -23.4144203)
PR;4115200;137;209;2008;POINT(-51.9049077 -23.3880957)
PR;4115200;137;230;2008;
PR;4115200;137;244;2008;POINT(-51.9023369 -23.4131638)
PR;4115200;137;256;2008;POINT(-51.8865875 -23.4204885)
PR;4115200;137;259;2008;POINT(-51.8983576 -23.4178242)
PR;4115200;137;263;2008;POINT(-51.8952104 -23.3992187)
PR;4115200;137;276;2008;POINT(-51.8952104 -23.3992187)
PR;4115200;137;288;2008;
PR;4115200;137;72;2008;POINT(-51.8944602 -23.4031507)
PR;4115200;137;73;2008;
PR;4115200;137;87;2008;
PR;4115200;137;99;2008;POINT(-51.9127 -23.41481)
PR;4115200;154;103;2008;
PR;4115200;154;127;2008;
PR;4115200;154;131;2008;POINT(-51.9713079 -23.4314621)
PR;4115200;154;136;2008;
PR;4115200;154;139;2008;
PR;4115200;154;140;2008;POINT(-51.9749696 -23.4531417)
PR;4115200;154;147;2008;POINT(-51.8900363 -23.415126)
PR;4115200;154;148;2008;
PR;4115200;154;151;2008;POINT(-51.93438 -23.43804)
PR;4115200;154;170;2008;
PR;4115200;154;187;2008;POINT(-51.9070531 -23.4548583)
PR;4115200;154;189;2008;POINT(-51.9779842 -23.4444173)
PR;4115200;154;190;2008;POINT(-51.959955 -23.4515069)
PR;4115200;154;201;2008;POINT(-51.9124096 -23.4697882)
PR;4115200;154;214;2008;
PR;4115200;154;215;2008;
PR;4115200;154;226;2008;POINT(-51.9070531 -23.4548583)
PR;4115200;154;36;2008;POINT(-51.9146321 -23.4310336)
PR;4115200;154;52;2008;POINT(-51.8967323 -23.4279468)
PR;4115200;154;58;2008;POINT(-51.919624 -23.4614971)
PR;4115200;154;75;2008;POINT(-51.9496 -23.4369)
PR;4115200;154;87;2008;POINT(-51.959955 -23.4515069)
PR;4115200;154;97;2008;
PR;4115200;192;11;2008;POINT(-51.92914 -23.40536)
PR;4115200;192;13;2008;POINT(-51.92914 -23.40536)
PR;4115200;192;170;2008;POINT(-51.9399913 -23.404717)
PR;4115200;192;173;2008;POINT(-51.9320347 -23.3798585)
PR;4115200;192;48;2008;POINT(-51.9541303 -23.414595)
PR;4115200;192;65;2008;
PR;4115200;192;75;2008;POINT(-51.9319653 -23.4027688)
PR;4115200;192;77;2008;POINT(-51.94073 -23.38171)
PR;4115200;192;79;2008;POINT(-51.94073 -23.38171)
PR;4115200;192;83;2008;POINT(-51.94073 -23.38171)
PR;4115200;192;98;2008;
PR;4115200;193;115;2008;POINT(-51.9532894 -23.422096)
PR;4115200;193;122;2008;POINT(-51.9486746 -23.4161349)
PR;4115200;193;125;2008;POINT(-51.9786649 -23.3967141)
PR;4115200;193;14;2008;POINT(-51.9588432 -23.433587)
PR;4115200;193;15;2008;POINT(-51.9588432 -23.433587)
PR;4115200;193;17;2008;POINT(-51.9588432 -23.433587)
PR;4115200;193;21;2008;POINT(-51.96832 -23.42593)
PR;4115200;193;24;2008;
PR;4115200;193;31;2008;POINT(-51.954531 -23.4226729)
PR;4115200;193;61;2008;POINT(-51.95909 -23.40499)
PR;4115200;193;67;2008;POINT(-52.0608244 -23.3739047)
PR;4115200;193;69;2008;POINT(-52.06462 -23.37141)
PR;4115200;193;7;2008;
PR;4115200;193;94;2008;POINT(-51.9674957 -23.3944286)
PR;4115200;66;112;2008;POINT(-51.9356974 -23.4121941)
PR;4115200;66;129;2008;POINT(-51.9257084 -23.4158849)
PR;4115200;66;137;2008;POINT(-51.9314925 -23.4158064)
PR;4115200;66;14;2008;POINT(-51.930693 -23.421784)
PR;4115200;66;147;2008;POINT(-51.9314925 -23.4158064)
PR;4115200;66;154;2008;POINT(-51.9257084 -23.4158849)
PR;4115200;66;159;2008;POINT(-51.9314925 -23.4158064)
PR;4115200;66;30;2008;POINT(-51.9393146 -23.4278876)
PR;4115200;66;31;2008;POINT(-51.9393146 -23.4278876)
PR;4115200;66;42;2008;POINT(-51.9395457 -23.4330841)
PR;4115200;66;53;2008;POINT(-51.9197915 -23.422946)
PR;4115200;66;54;2008;POINT(-51.9197915 -23.422946)
PR;4115200;66;55;2008;POINT(-51.9197915 -23.422946)
PR;4115200;66;56;2008;POINT(-51.9197915 -23.422946)
PR;4115200;66;62;2008;POINT(-51.9263473 -23.4270055)
PR;4115200;66;7;2008;POINT(-51.94222 -23.4270698)
PR;4115606;118;101;2008;
PR;4115606;118;103;2008;
PR;4115606;118;128;2008;
PR;4115606;118;25;2008;
PR;4115606;118;27;2008;
PR;4115606;118;31;2008;
PR;4115606;118;56;2008;
PR;4115606;118;76;2008;
PR;4115606;118;80;2008;
PR;4115705;194;107;2008;POINT(-48.53574 -25.81826)
PR;4115705;194;113;2008;POINT(-48.5285955 -25.7972218)
PR;4115705;194;117;2008;
PR;4115705;194;120;2008;POINT(-48.53608 -25.82066)
PR;4115705;194;130;2008;
PR;4115705;194;137;2008;
PR;4115705;194;147;2008;POINT(-48.53608 -25.82066)
PR;4115705;194;154;2008;
PR;4115705;194;157;2008;
PR;4115705;194;159;2008;
PR;4115705;194;167;2008;
PR;4115705;194;61;2008;
PR;4115705;194;80;2008;
PR;4115705;194;98;2008;
PR;4115804;114;107;2008;
PR;4115804;114;154;2008;
PR;4115804;114;16;2008;POINT(-54.0995702 -25.2963022)
PR;4115804;114;27;2008;POINT(-54.1002293 -25.2934815)
PR;4115804;114;35;2008;POINT(-54.0916489 -25.2857569)
PR;4115804;114;44;2008;POINT(-54.0976379 -25.3057972)
PR;4115804;114;47;2008;
PR;4115804;114;5;2008;POINT(-54.0948739 -25.3002304)
PR;4115804;114;51;2008;
PR;4115804;114;64;2008;
PR;4115804;114;72;2008;
PR;4115804;114;85;2008;
PR;4115804;114;91;2008;
PR;4116208;51;15;2008;
PR;4116208;51;17;2008;
PR;4116208;51;26;2008;
PR;4116901;71;105;2008;
PR;4116901;71;108;2008;
PR;4116901;71;11;2008;
PR;4116901;71;12;2008;
PR;4116901;71;25;2008;POINT(-52.20122 -23.18488)
PR;4116901;71;26;2008;POINT(-52.20122 -23.18488)
PR;4116901;71;28;2008;POINT(-52.20122 -23.18488)
PR;4116901;71;30;2008;POINT(-52.20122 -23.18488)
PR;4116901;71;32;2008;POINT(-52.20122 -23.18488)
PR;4116901;71;48;2008;POINT(-52.2052701 -23.1856551)
PR;4116901;71;59;2008;POINT(-52.2067117 -23.1817512)
PR;4116901;71;61;2008;POINT(-52.197695 -23.1850182)
PR;4116901;71;71;2008;
PR;4116901;71;72;2008;
PR;4116901;71;73;2008;
PR;4116901;71;77;2008;
PR;4116901;71;83;2008;POINT(-52.18527 -23.1833429)
PR;4117008;108;3;2008;POINT(-50.56029 -23.43488)
PR;4117107;96;23;2008;
PR;4117107;96;27;2008;
PR;4117107;96;48;2008;POINT(-53.0005454 -22.7629656)
PR;4117107;96;50;2008;POINT(-52.9900219 -22.7633956)
PR;4117107;96;69;2008;POINT(-52.9849035 -22.7614489)
PR;4117107;96;71;2008;
PR;4117305;167;1;2008;
PR;4117305;167;14;2008;POINT(-50.9214641 -24.2183587)
PR;4117305;167;19;2008;POINT(-50.926357 -24.211393)
PR;4117305;167;2;2008;
PR;4117305;167;36;2008;
PR;4117305;167;72;2008;
PR;4117305;167;8;2008;POINT(-50.9261873 -24.205822)
PR;4117305;167;88;2008;POINT(-50.926357 -24.211393)
PR;4117602;32;100;2008;
PR;4117602;32;11;2008;POINT(-51.9900906 -26.487646)
PR;4117602;32;24;2008;POINT(-51.9877 -26.48004)
PR;4117602;32;40;2008;POINT(-52.0033496 -26.4705206)
PR;4117602;32;45;2008;
PR;4117602;32;7;2008;POINT(-51.9871821 -26.4800403)
PR;4117602;32;79;2008;POINT(-51.9900906 -26.487646)
PR;4117602;32;8;2008;POINT(-51.9871821 -26.4800403)
PR;4117602;32;9;2008;POINT(-51.9895336 -26.4815268)
PR;4117602;32;92;2008;POINT(-51.9831732 -26.4772993)
PR;4117602;32;97;2008;POINT(-52.0085383 -26.4702093)
PR;4117701;13;21;2008;
PR;4117701;13;22;2008;POINT(-49.9939897 -25.4181627)
PR;4117701;13;26;2008;
PR;4117701;13;28;2008;
PR;4117701;13;39;2008;
PR;4117701;13;45;2008;
PR;4117701;13;53;2008;
PR;4117701;13;54;2008;
PR;4117701;13;85;2008;POINT(-49.82194 -25.42505)
PR;4117701;13;86;2008;POINT(-49.9939897 -25.4181627)
PR;4117800;134;100;2008;
PR;4117800;134;106;2008;
PR;4117800;134;31;2008;POINT(-52.2124976 -24.8854657)
PR;4117800;134;33;2008;
PR;4117800;134;61;2008;
PR;4117800;134;66;2008;
PR;4117909;124;26;2008;POINT(-53.844949 -24.2802067)
PR;4117909;124;29;2008;
PR;4117909;124;4;2008;
PR;4117909;124;44;2008;
PR;4118006;100;12;2008;
PR;4118006;100;15;2008;
PR;4118006;100;44;2008;
PR;4118006;100;7;2008;
PR;4118204;158;118;2008;
PR;4118204;158;135;2008;
PR;4118204;158;140;2008;
PR;4118204;158;159;2008;
PR;4118204;158;184;2008;
PR;4118204;158;201;2008;
PR;4118204;158;21;2008;
PR;4118204;158;212;2008;POINT(-48.5507117 -25.5278736)
PR;4118204;158;221;2008;
PR;4118204;158;35;2008;
PR;4118204;158;38;2008;
PR;4118204;158;45;2008;
PR;4118204;158;46;2008;
PR;4118204;158;71;2008;
PR;4118204;158;73;2008;
PR;4118204;5;122;2008;
PR;4118204;5;140;2008;
PR;4118204;5;16;2008;
PR;4118204;5;170;2008;POINT(-48.52045 -25.53138)
PR;4118204;5;171;2008;POINT(-48.52045 -25.53138)
PR;4118204;5;176;2008;
PR;4118204;5;180;2008;
PR;4118204;5;191;2008;
PR;4118204;5;199;2008;
PR;4118204;5;30;2008;
PR;4118204;5;49;2008;
PR;4118204;5;53;2008;
PR;4118204;5;64;2008;
PR;4118204;5;66;2008;
PR;4118204;5;69;2008;
PR;4118204;5;71;2008;
PR;4118204;5;72;2008;
PR;4118402;138;104;2008;
PR;4118402;138;24;2008;POINT(-52.4513401 -23.080493)
PR;4118402;138;52;2008;POINT(-52.408586 -23.0742797)
PR;4118402;138;84;2008;
PR;4118402;138;92;2008;POINT(-52.467088 -23.0589066)
PR;4118402;72;18;2008;POINT(-52.4787417 -23.0959718)
PR;4118402;72;20;2008;POINT(-52.4787417 -23.0959718)
PR;4118402;72;22;2008;POINT(-52.4787417 -23.0959718)
PR;4118402;72;49;2008;POINT(-52.4491197 -23.092073)
PR;4118402;72;52;2008;POINT(-52.4491197 -23.092073)
PR;4118402;72;57;2008;POINT(-52.4688444 -23.079443)
PR;4118402;72;92;2008;POINT(-52.4688444 -23.079443)
PR;4118402;72;97;2008;POINT(-52.4539561 -23.084552)
PR;4118501;151;11;2008;
PR;4118501;151;2;2008;
PR;4118501;151;20;2008;
PR;4118501;151;60;2008;
PR;4118501;151;65;2008;
PR;4118501;151;69;2008;
PR;4118501;151;71;2008;
PR;4118501;73;101;2008;
PR;4118501;73;11;2008;POINT(-52.68071 -26.24535)
PR;4118501;73;114;2008;POINT(-52.702819 -26.241998)
PR;4118501;73;133;2008;POINT(-52.6691 -26.22803)
PR;4118501;73;134;2008;
PR;4118501;73;136;2008;POINT(-52.666286 -26.225298)
PR;4118501;73;137;2008;POINT(-52.664244 -26.229777)
PR;4118501;73;143;2008;
PR;4118501;73;154;2008;POINT(-52.6675191 -26.219958)
PR;4118501;73;167;2008;
PR;4118501;73;170;2008;
PR;4118501;73;177;2008;
PR;4118501;73;178;2008;
PR;4118501;73;184;2008;POINT(-52.702819 -26.241998)
PR;4118501;73;28;2008;
PR;4118501;73;3;2008;POINT(-52.67661 -26.21601)
PR;4118501;73;30;2008;
PR;4118501;73;4;2008;POINT(-52.67661 -26.21601)
PR;4118501;73;41;2008;POINT(-52.6691 -26.22803)
PR;4118501;73;59;2008;POINT(-52.666286 -26.225298)
PR;4118501;73;6;2008;POINT(-52.67661 -26.21601)
PR;4118501;73;74;2008;
PR;4118501;73;81;2008;
PR;4118501;73;82;2008;
PR;4118808;74;101;2008;
PR;4118808;74;25;2008;POINT(-52.3453053 -23.9126136)
PR;4118808;74;3;2008;
PR;4118808;74;51;2008;
PR;4118808;74;94;2008;POINT(-52.3453053 -23.9126136)
PR;4118808;74;96;2008;
PR;4118808;74;97;2008;POINT(-52.3453053 -23.9126136)
PR;4118907;135;34;2008;POINT(-53.68893 -23.80473)
PR;4118907;135;35;2008;
PR;4118907;135;37;2008;POINT(-53.6794183 -23.8008271)
PR;4118907;135;43;2008;
PR;4118907;135;5;2008;
PR;4119152;187;103;2008;POINT(-49.161846 -25.42892)
PR;4119152;187;131;2008;POINT(-49.16681 -25.43913)
PR;4119152;187;136;2008;POINT(-49.16465 -25.44171)
PR;4119152;187;141;2008;POINT(-49.176004 -25.4312001)
PR;4119152;187;185;2008;POINT(-49.179901 -25.399453)
PR;4119152;188;104;2008;POINT(-49.1850692 -25.4502242)
PR;4119152;188;130;2008;POINT(-49.1821221 -25.4183338)
PR;4119152;188;133;2008;POINT(-49.1821221 -25.4183338)
PR;4119152;188;134;2008;POINT(-49.1821221 -25.4183338)
PR;4119152;188;135;2008;POINT(-49.1821221 -25.4183338)
PR;4119152;188;137;2008;
PR;4119152;188;168;2008;
PR;4119152;188;233;2008;POINT(-49.1912489 -25.3925357)
PR;4119152;188;243;2008;POINT(-49.1854084 -25.4540872)
PR;4119152;188;260;2008;
PR;4119152;188;261;2008;
PR;4119152;188;268;2008;POINT(-49.1831012 -25.4567388)
PR;4119152;188;274;2008;POINT(-49.1854875 -25.4571688)
PR;4119152;188;313;2008;POINT(-49.1865724 -25.4620199)
PR;4119301;160;1;2008;
PR;4119301;160;102;2008;
PR;4119301;160;11;2008;POINT(-51.663895 -25.7010285)
PR;4119301;160;18;2008;POINT(-51.39131 -25.69922)
PR;4119301;160;3;2008;
PR;4119301;160;46;2008;
PR;4119301;160;51;2008;
PR;4119301;160;58;2008;POINT(-51.64798 -25.6978)
PR;4119301;160;63;2008;POINT(-51.64798 -25.6978)
PR;4119301;160;94;2008;
PR;4119301;160;95;2008;
PR;4119301;160;96;2008;
PR;4119301;160;99;2008;
PR;4119400;27;38;2008;
PR;4119400;27;39;2008;
PR;4119400;27;4;2008;
PR;4119400;27;8;2008;
PR;4119509;155;109;2008;POINT(-49.0475 -25.47917)
PR;4119509;155;112;2008;POINT(-49.0475 -25.47917)
PR;4119509;155;139;2008;POINT(-49.10297 -25.45436)
PR;4119509;155;141;2008;POINT(-49.10297 -25.45436)
PR;4119509;155;142;2008;POINT(-49.10297 -25.45436)
PR;4119509;155;163;2008;POINT(-49.1569318 -25.4601663)
PR;4119509;155;164;2008;POINT(-49.1569318 -25.4601663)
PR;4119509;155;223;2008;POINT(-49.0928981 -25.4372454)
PR;4119509;155;227;2008;POINT(-49.06548 -25.44589)
PR;4119509;155;234;2008;POINT(-49.06548 -25.44589)
PR;4119509;155;288;2008;POINT(-49.1569318 -25.4601663)
PR;4119509;155;294;2008;POINT(-49.0928981 -25.4372454)
PR;4119509;155;311;2008;POINT(-49.16444 -25.45611)
PR;4119509;155;313;2008;POINT(-49.0498384 -25.4521428)
PR;4119509;155;33;2008;POINT(-49.06084 -25.44277)
PR;4119509;155;331;2008;POINT(-49.0928981 -25.4372454)
PR;4119509;155;337;2008;POINT(-49.1572977 -25.4570625)
PR;4119509;155;338;2008;POINT(-49.1270573 -25.4555301)
PR;4119509;155;377;2008;POINT(-49.10297 -25.45436)
PR;4119608;38;143;2008;
PR;4119608;38;213;2008;
PR;4119608;38;215;2008;
PR;4119608;38;218;2008;
PR;4119608;38;224;2008;
PR;4119608;38;272;2008;POINT(-52.0413 -24.71531)
PR;4119608;38;290;2008;
PR;4119608;38;51;2008;POINT(-51.7645351 -24.7593111)
PR;4119905;139;122;2008;POINT(-50.1627066 -25.0978341)
PR;4119905;139;189;2008;
PR;4119905;139;194;2008;
PR;4119905;139;204;2008;POINT(-50.20583 -25.06778)
PR;4119905;139;209;2008;POINT(-50.2043224 -25.0947572)
PR;4119905;139;226;2008;
PR;4119905;139;23;2008;POINT(-50.18542 -25.08624)
PR;4119905;139;233;2008;POINT(-50.1704145 -25.1460652)
PR;4119905;139;36;2008;
PR;4119905;139;4;2008;POINT(-50.1858013 -25.065029)
PR;4119905;139;44;2008;
PR;4119905;139;45;2008;
PR;4119905;139;57;2008;
PR;4119905;139;58;2008;
PR;4119905;139;6;2008;
PR;4119905;139;72;2008;
PR;4119905;139;98;2008;
PR;4119905;14;106;2008;POINT(-50.15487 -25.10535)
PR;4119905;14;116;2008;POINT(-50.1366796 -25.0917591)
PR;4119905;14;14;2008;POINT(-50.15968 -25.093)
PR;4119905;14;149;2008;POINT(-50.1468333 -25.0985923)
PR;4119905;14;152;2008;
PR;4119905;14;172;2008;
PR;4119905;14;176;2008;
PR;4119905;14;32;2008;POINT(-50.15968 -25.093)
PR;4119905;14;48;2008;POINT(-50.1579282 -25.0894721)
PR;4119905;14;66;2008;POINT(-50.1468333 -25.0985923)
PR;4119905;14;73;2008;POINT(-50.1435005 -25.120685)
PR;4119905;15;111;2008;
PR;4119905;15;119;2008;POINT(-50.1660871 -25.1059559)
PR;4119905;15;138;2008;POINT(-50.15998 -25.13588)
PR;4119905;15;148;2008;POINT(-50.15998 -25.13588)
PR;4119905;15;35;2008;POINT(-50.1660871 -25.1059559)
PR;4119905;15;38;2008;POINT(-50.1660871 -25.1059559)
PR;4119905;15;47;2008;
PR;4119905;15;58;2008;POINT(-50.1560742 -25.1145)
PR;4119905;15;61;2008;
PR;4119905;15;74;2008;POINT(-50.1700207 -25.0926783)
PR;4119905;15;96;2008;POINT(-50.1695143 -25.0933858)
PR;4119905;197;101;2008;
PR;4119905;197;17;2008;POINT(-50.1545586 -25.0859666)
PR;4119905;197;29;2008;
PR;4119905;197;33;2008;
PR;4119905;197;37;2008;POINT(-50.1320915 -25.0747833)
PR;4119905;197;38;2008;POINT(-50.1320915 -25.0747833)
PR;4119905;197;4;2008;
PR;4119905;197;40;2008;POINT(-50.1320915 -25.0747833)
PR;4119905;197;42;2008;POINT(-50.1320915 -25.0747833)
PR;4119905;197;44;2008;POINT(-50.1320915 -25.0747833)
PR;4119905;197;6;2008;
PR;4119905;197;74;2008;
PR;4119905;197;76;2008;
PR;4119905;197;93;2008;POINT(-50.1284741 -25.0779244)
PR;4119905;198;106;2008;
PR;4119905;198;17;2008;POINT(-50.0463 -25.22033)
PR;4119905;198;20;2008;
PR;4119905;198;36;2008;
PR;4119905;198;40;2008;POINT(-50.1182655 -25.0921731)
PR;4119905;198;43;2008;POINT(-50.1182655 -25.0921731)
PR;4119905;198;61;2008;
PR;4119905;198;73;2008;
PR;4119905;198;9;2008;POINT(-50.102252 -25.083017)
PR;4119905;198;92;2008;
PR;4119905;198;93;2008;POINT(-50.1213541 -25.0670128)
PR;4120002;65;21;2008;
PR;4120002;65;48;2008;
PR;4120002;65;57;2008;POINT(-51.3743687 -22.7578369)
PR;4120002;65;67;2008;
PR;4120002;65;90;2008;POINT(-51.3794947 -22.7563516)
PR;4120507;104;13;2008;
PR;4120507;104;17;2008;
PR;4120507;104;5;2008;POINT(-51.022942 -22.848737)
PR;4120606;30;113;2008;
PR;4120606;30;119;2008;POINT(-50.9890252 -25.2106472)
PR;4120606;30;12;2008;
PR;4120606;30;155;2008;
PR;4120606;30;37;2008;
PR;4120606;30;48;2008;
PR;4120606;30;49;2008;
PR;4120606;30;5;2008;
PR;4120606;30;63;2008;
PR;4120606;30;72;2008;
PR;4120606;30;80;2008;
PR;4120903;163;100;2008;
PR;4120903;163;11;2008;
PR;4120903;163;17;2008;
PR;4120903;163;19;2008;
PR;4120903;163;26;2008;
PR;4120903;163;56;2008;
PR;4120903;163;67;2008;
PR;4120903;163;87;2008;
PR;4120903;163;92;2008;
PR;4121406;130;158;2008;
PR;4121406;130;37;2008;
PR;4121505;62;13;2008;POINT(-50.55706645 -25.68151979)
PR;4121505;62;14;2008;
PR;4121505;62;16;2008;POINT(-50.58564657 -25.70897505)
PR;4121505;62;22;2008;POINT(-50.6927736 -25.62230904)
PR;4121505;62;49;2008;
PR;4121505;62;55;2008;
PR;4121505;62;56;2008;
PR;4121505;62;83;2008;
PR;4121703;39;18;2008;
PR;4121703;39;29;2008;POINT(-50.9608367 -24.41643)
PR;4121703;39;3;2008;
PR;4121703;39;36;2008;
PR;4121703;39;42;2008;POINT(-50.9166152 -24.817046)
PR;4121703;39;49;2008;
PR;4121703;39;53;2008;POINT(-50.8455732 -24.655526)
PR;4121703;39;6;2008;
PR;4121703;39;7;2008;
PR;4121802;23;15;2008;
PR;4121802;23;26;2008;
PR;4121901;82;29;2008;POINT(-50.3551 -23.40659)
PR;4121901;82;45;2008;
PR;4121901;82;53;2008;
PR;4122206;156;101;2008;
PR;4122206;156;103;2008;
PR;4122206;156;104;2008;
PR;4122206;156;109;2008;
PR;4122206;156;112;2008;
PR;4122206;156;114;2008;
PR;4122206;156;140;2008;
PR;4122206;156;148;2008;
PR;4122206;156;168;2008;
PR;4122206;156;181;2008;POINT(-49.3134227 -25.1887107)
PR;4122206;156;188;2008;
PR;4122206;156;190;2008;
PR;4122206;156;201;2008;
PR;4122206;156;202;2008;
PR;4122206;156;206;2008;POINT(-49.3156276 -25.1802616)
PR;4122206;156;208;2008;POINT(-49.3213427 -25.2042245)
PR;4122206;156;211;2008;
PR;4122206;156;219;2008;POINT(-49.3156276 -25.1802616)
PR;4122206;156;223;2008;
PR;4122206;156;224;2008;
PR;4122206;156;227;2008;
PR;4122206;156;229;2008;
PR;4122206;156;233;2008;
PR;4122305;11;100;2008;
PR;4122305;11;102;2008;
PR;4122305;11;119;2008;
PR;4122305;11;132;2008;
PR;4122305;11;152;2008;POINT(-49.780981 -26.1054498)
PR;4122305;11;170;2008;
PR;4122305;11;24;2008;
PR;4122305;11;25;2008;
PR;4122305;11;37;2008;
PR;4122305;11;39;2008;
PR;4122305;11;50;2008;
PR;4122305;11;73;2008;POINT(-49.7933726 -26.1001432)
PR;4122305;11;75;2008;POINT(-49.7933726 -26.1001432)
PR;4122305;11;79;2008;
PR;4122305;11;86;2008;
PR;4122404;59;106;2008;
PR;4122404;59;107;2008;
PR;4122404;59;121;2008;
PR;4122404;59;130;2008;
PR;4122404;59;26;2008;
PR;4122404;59;39;2008;
PR;4122404;59;4;2008;POINT(-51.3654705 -23.3115083)
PR;4122404;59;50;2008;
PR;4122404;59;81;2008;POINT(-51.3654705 -23.3115083)
PR;4122404;59;9;2008;
PR;4123006;162;119;2008;
PR;4123006;162;122;2008;
PR;4123006;162;19;2008;
PR;4123006;162;29;2008;
PR;4123006;162;3;2008;
PR;4123006;162;32;2008;
PR;4123006;162;33;2008;
PR;4123006;162;34;2008;
PR;4123006;162;41;2008;
PR;4123006;162;82;2008;
PR;4123006;162;90;2008;POINT(-53.27757 -25.72021)
PR;4123501;129;1;2008;POINT(-54.3303101 -24.8591729)
PR;4123501;129;15;2008;
PR;4123501;129;16;2008;
PR;4123501;129;2;2008;POINT(-54.3303101 -24.8591729)
PR;4123501;129;6;2008;
PR;4123501;129;61;2008;POINT(-54.329252 -24.859601)
PR;4123501;129;74;2008;POINT(-54.3294953 -24.86018)
PR;4123501;129;80;2008;
PR;4123501;129;82;2008;POINT(-54.329252 -24.859601)
PR;4123501;129;85;2008;
PR;4123907;109;16;2008;
PR;4123907;109;21;2008;
PR;4123907;109;26;2008;POINT(-50.59050946 -22.95500205)
PR;4123907;109;37;2008;POINT(-50.59050946 -22.95500205)
PR;4123907;109;8;2008;
PR;4124103;22;20;2008;POINT(-50.07799 -23.29134)
PR;4124103;22;25;2008;POINT(-50.07799 -23.29134)
PR;4124103;22;35;2008;
PR;4124103;22;43;2008;
PR;4124103;22;58;2008;
PR;4124103;22;75;2008;
PR;4124103;22;92;2008;
PR;4124400;83;36;2008;
PR;4124400;83;9;2008;
PR;4124400;83;90;2008;POINT(-53.72183 -26.0554)
PR;4124707;63;23;2008;POINT(-50.740144 -23.724765)
PR;4124707;63;27;2008;
PR;4124707;63;29;2008;
PR;4124707;63;39;2008;
PR;4125001;132;11;2008;
PR;4125001;132;12;2008;
PR;4125001;132;2;2008;POINT(-51.8173097 -23.9878026)
PR;4125001;132;26;2008;
PR;4125001;132;30;2008;POINT(-51.8173097 -23.9878026)
PR;4125001;132;31;2008;
PR;4125100;52;13;2008;
PR;4125100;52;36;2008;POINT(-50.30306 -25.68585)
PR;4125100;52;6;2008;
PR;4125506;199;11;2008;
PR;4125506;199;124;2008;POINT(-49.148751 -25.484441)
PR;4125506;199;130;2008;POINT(-49.1487216 -25.473076)
PR;4125506;199;134;2008;
PR;4125506;199;15;2008;POINT(-49.08936 -25.53304)
PR;4125506;199;16;2008;POINT(-49.08936 -25.53304)
PR;4125506;199;170;2008;POINT(-49.08834077 -25.53228811)
PR;4125506;199;177;2008;POINT(-49.08834077 -25.53228811)
PR;4125506;199;19;2008;POINT(-49.08936 -25.53304)
PR;4125506;199;49;2008;
PR;4125506;199;71;2008;POINT(-49.18775418 -25.52443088)
PR;4125506;199;84;2008;
PR;4125506;200;1;2008;
PR;4125506;200;108;2008;POINT(-49.15452961 -25.54053155)
PR;4125506;200;110;2008;POINT(-49.16051062 -25.56379887)
PR;4125506;200;128;2008;POINT(-49.1551982 -25.54769323)
PR;4125506;200;142;2008;POINT(-49.1551982 -25.54769323)
PR;4125506;200;145;2008;POINT(-49.16815345 -25.54405421)
PR;4125506;200;16;2008;POINT(-49.1914455 -25.537353)
PR;4125506;200;3;2008;POINT(-49.1588046 -25.4924473)
PR;4125506;200;31;2008;POINT(-49.16051062 -25.56379887)
PR;4125506;200;32;2008;
PR;4125506;200;36;2008;POINT(-49.1835 -25.5543)
PR;4125506;200;37;2008;POINT(-49.1680908 -25.6055429)
PR;4125506;200;49;2008;POINT(-49.23726459 -25.66076967)
PR;4125506;200;5;2008;POINT(-49.24103996 -25.74991605)
PR;4125506;200;84;2008;POINT(-49.1765149 -25.6143971)
PR;4125506;200;85;2008;POINT(-49.1695314 -25.5204566)
PR;4125506;200;90;2008;POINT(-49.16051062 -25.56379887)
PR;4125506;8;110;2008;
PR;4125506;8;196;2008;
PR;4125506;8;22;2008;
PR;4125506;8;222;2008;
PR;4125506;8;234;2008;POINT(-49.2074632 -25.5338112)
PR;4125506;8;250;2008;
PR;4125506;8;252;2008;
PR;4125506;8;267;2008;
PR;4125506;8;271;2008;POINT(-49.2085 -25.55591)
PR;4125506;8;272;2008;
PR;4125506;8;39;2008;
PR;4125506;8;40;2008;
PR;4125506;8;77;2008;POINT(-49.20690348 -25.53506263)
PR;4125506;8;81;2008;POINT(-49.20690348 -25.53506263)
PR;4125506;8;88;2008;POINT(-49.2027306 -25.5407531)
PR;4125605;12;102;2008;
PR;4125605;12;123;2008;
PR;4125605;12;19;2008;
PR;4125605;12;24;2008;
PR;4125605;12;29;2008;POINT(-50.3828613 -25.8737201)
PR;4125605;12;36;2008;
PR;4125605;12;48;2008;
PR;4125605;12;68;2008;
PR;4125605;12;85;2008;
PR;4125704;122;2;2008;
PR;4125704;122;28;2008;POINT(-54.1594 -25.37134)
PR;4125704;122;29;2008;POINT(-54.1594 -25.37134)
PR;4125704;122;54;2008;
PR;4125704;122;89;2008;POINT(-54.2501912 -25.3564639)
PR;4126256;206;100;2008;
PR;4126256;206;106;2008;
PR;4126256;206;111;2008;POINT(-51.8749598 -23.4202479)
PR;4126256;206;112;2008;POINT(-51.8796297 -23.4482716)
PR;4126256;206;127;2008;POINT(-51.8806949 -23.4241656)
PR;4126256;206;128;2008;POINT(-51.8788339 -23.4288621)
PR;4126256;206;129;2008;
PR;4126256;206;145;2008;POINT(-51.8717157 -23.4507648)
PR;4126256;206;23;2008;
PR;4126256;206;31;2008;POINT(-51.86988 -23.44737)
PR;4126256;206;35;2008;POINT(-51.86988 -23.44737)
PR;4126256;206;36;2008;POINT(-51.86988 -23.44737)
PR;4126256;206;5;2008;POINT(-51.87431 -23.44315)
PR;4126256;206;66;2008;POINT(-51.8717157 -23.4507648)
PR;4126256;206;69;2008;POINT(-51.8717157 -23.4507648)
PR;4126256;206;72;2008;
PR;4126256;206;86;2008;
PR;4126256;206;9;2008;POINT(-51.87431 -23.44315)
PR;4126256;206;95;2008;POINT(-51.86988 -23.44737)
PR;4126306;54;2;2008;POINT(-49.472138 -24.1152749)
PR;4126306;54;21;2008;
PR;4126306;54;29;2008;
PR;4126306;54;4;2008;
PR;4126306;54;40;2008;
PR;4126306;54;9;2008;POINT(-49.472138 -24.1152749)
PR;4126504;40;2;2008;POINT(-51.0428733 -23.0574254)
PR;4126504;40;22;2008;
PR;4126504;40;28;2008;POINT(-51.0341572 -23.0580651)
PR;4126504;40;32;2008;POINT(-51.0341572 -23.0580651)
PR;4126603;21;18;2008;POINT(-49.8217916 -23.6837174)
PR;4126603;21;24;2008;POINT(-49.8313411 -23.688788)
PR;4126603;21;45;2008;POINT(-49.8393003 -23.6907117)
PR;4126603;21;48;2008;POINT(-49.8393003 -23.6907117)
PR;4126603;21;50;2008;POINT(-49.8313411 -23.688788)
PR;4127007;53;28;2008;POINT(-50.46259 -25.37651)
PR;4127007;53;7;2008;
PR;4127106;111;100;2008;POINT(-50.6310694 -24.325176)
PR;4127106;111;120;2008;
PR;4127106;111;123;2008;
PR;4127106;111;129;2008;
PR;4127106;111;134;2008;POINT(-50.6325975 -24.331744)
PR;4127106;111;148;2008;
PR;4127106;111;153;2008;
PR;4127106;111;170;2008;
PR;4127106;111;171;2008;
PR;4127106;111;176;2008;
PR;4127106;111;184;2008;POINT(-50.620094 -24.32782)
PR;4127106;111;196;2008;POINT(-50.6381437 -24.3222299)
PR;4127106;111;224;2008;POINT(-50.6376553 -24.3225348)
PR;4127106;111;70;2008;POINT(-50.620094 -24.32782)
PR;4127106;111;79;2008;POINT(-50.61733 -24.3293)
PR;4127106;111;81;2008;POINT(-50.61733 -24.3293)
PR;4127106;111;82;2008;POINT(-50.61733 -24.3293)
PR;4127106;111;96;2008;
PR;4127205;173;1;2008;POINT(-52.452849 -23.7745417)
PR;4127205;173;22;2008;POINT(-52.4434128 -23.7712423)
PR;4127205;173;26;2008;POINT(-52.4597026 -23.7672381)
PR;4127205;173;28;2008;
PR;4127205;173;35;2008;
PR;4127304;105;17;2008;POINT(-52.6231503 -22.7330314)
PR;4127304;105;22;2008;POINT(-52.6231503 -22.7330314)
PR;4127304;105;26;2008;
PR;4127304;105;29;2008;
PR;4127304;105;7;2008;POINT(-52.6229552 -22.7235407)
PR;4127403;125;23;2008;
PR;4127403;125;7;2008;POINT(-54.100764 -24.1674241)
PR;4127403;125;73;2008;POINT(-54.100764 -24.1674241)
PR;4127403;125;74;2008;
PR;4127502;17;18;2008;
PR;4127502;17;28;2008;POINT(-50.4157484 -24.5118122)
PR;4127502;17;34;2008;POINT(-50.4157484 -24.5118122)
PR;4127502;17;45;2008;
PR;4127502;17;53;2008;
PR;4127502;17;56;2008;POINT(-50.4157484 -24.5118122)
PR;4127502;17;60;2008;
PR;4127700;148;5;2008;
PR;4127700;201;113;2008;POINT(-53.748211 -24.764182)
PR;4127700;201;19;2008;
PR;4127700;201;20;2008;
PR;4127700;201;43;2008;POINT(-53.7387256 -24.7502391)
PR;4127700;201;50;2008;POINT(-53.70697 -24.736321)
PR;4127700;201;52;2008;POINT(-53.70697 -24.736321)
PR;4127700;201;71;2008;
PR;4127700;201;88;2008;POINT(-53.748211 -24.764182)
PR;4127700;201;9;2008;
PR;4127700;75;13;2008;POINT(-53.7527931 -24.7244836)
PR;4127700;75;140;2008;POINT(-53.7449562 -24.7296643)
PR;4127700;75;150;2008;POINT(-53.766596 -24.717198)
PR;4127700;75;159;2008;POINT(-53.766596 -24.717198)
PR;4127700;75;184;2008;POINT(-53.7574 -24.722609)
PR;4127700;75;185;2008;POINT(-53.7676104 -24.7112369)
PR;4127700;75;25;2008;
PR;4127700;75;4;2008;POINT(-53.7449562 -24.7296643)
PR;4127700;75;41;2008;POINT(-53.7404172 -24.7168446)
PR;4127700;75;48;2008;POINT(-53.7413695 -24.721686)
PR;4127700;75;57;2008;
PR;4127700;75;59;2008;
PR;4127700;75;63;2008;
PR;4127700;75;67;2008;
PR;4127700;75;8;2008;POINT(-53.7449562 -24.7296643)
PR;4127809;19;24;2008;
PR;4127809;19;41;2008;
PR;4127809;19;5;2008;
PR;4127809;19;6;2008;
PR;4127809;19;62;2008;
PR;4128005;98;154;2008;POINT(-52.99609 -24.5402)
PR;4128005;98;64;2008;POINT(-52.99609 -24.5402)
PR;4128005;98;80;2008;
PR;4128005;98;84;2008;
PR;4128005;98;87;2008;
PR;4128005;98;88;2008;
PR;4128005;98;96;2008;
PR;4128104;142;52;2008;
PR;4128104;142;57;2008;
PR;4128104;142;61;2008;
PR;4128104;142;76;2008;
PR;4128104;202;34;2008;POINT(-53.30018 -23.76726)
PR;4128104;202;39;2008;
PR;4128104;202;47;2008;
PR;4128104;202;49;2008;
PR;4128104;202;73;2008;POINT(-53.3853244 -23.6158526)
PR;4128104;89;104;2008;
PR;4128104;89;209;2008;POINT(-53.32489 -23.77776)
PR;4128104;89;238;2008;POINT(-53.3166652 -23.7496627)
PR;4128104;89;79;2008;
PR;4128104;89;81;2008;
PR;4128104;89;87;2008;POINT(-53.3166652 -23.7496627)
PR;4128203;153;118;2008;
PR;4128203;33;106;2008;
PR;4128203;33;14;2008;
PR;4128203;33;149;2008;POINT(-51.0687516 -26.232017)
PR;4128203;33;18;2008;
PR;4128203;33;25;2008;POINT(-51.09406 -26.220925)
PR;4128203;33;40;2008;
PR;4128203;33;42;2008;
PR;4128203;33;62;2008;POINT(-51.0912199 -26.2422392)
PR;4128203;33;69;2008;POINT(-51.0912199 -26.2422392)
PR;4128203;33;80;2008;POINT(-51.0687516 -26.232017)
PR;4128203;33;81;2008;POINT(-51.0687516 -26.232017)
PR;4128203;33;93;2008;
PR;4128401;84;49;2008;
PR;4128401;84;53;2008;
PR;4128401;84;61;2008;
PR;4128500;20;100;2008;POINT(-49.8031601 -23.8781154)
PR;4128500;20;103;2008;POINT(-49.8031601 -23.8781154)
PR;4128500;20;105;2008;
PR;4128500;20;114;2008;
PR;4128500;20;115;2008;
PR;4128500;20;116;2008;
PR;4128500;20;22;2008;
PR;4128500;20;48;2008;POINT(-49.8031601 -23.8781154)
PR;4128500;20;56;2008;POINT(-49.8031601 -23.8781154)
PR;4128500;20;58;2008;POINT(-49.81001 -23.8799)
PR;4128500;20;63;2008;
PR;4128500;20;89;2008;POINT(-49.81001 -23.8799)
PR;4128807;117;11;2008;
PR;4128807;117;25;2008;
PR;4100103;82;52;2014;POINT(-50.3137657 -23.3033626)
PR;4100103;82;67;2014;POINT(-50.3129843 -23.3042477)
PR;4100202;48;6;2014;
PR;4100301;144;16;2014;POINT(-49.30848801 -26.10021016)
PR;4100301;144;8;2014;POINT(-49.36226413 -26.01568428)
PR;4100400;171;117;2014;
PR;4100400;171;118;2014;
PR;4100400;171;123;2014;
PR;4100400;171;125;2014;
PR;4100400;171;127;2014;
PR;4100400;171;142;2014;
PR;4100400;171;143;2014;
PR;4100400;171;151;2014;POINT(-49.30879 -25.31601)
PR;4100400;171;154;2014;
PR;4100400;171;163;2014;
PR;4100400;171;177;2014;
PR;4100400;171;189;2014;
PR;4100400;171;195;2014;POINT(-49.29312 -25.3473)
PR;4100400;171;20;2014;
PR;4100400;171;208;2014;
PR;4100400;171;21;2014;
PR;4100400;171;213;2014;
PR;4100400;171;221;2014;
PR;4100400;171;34;2014;
PR;4100400;171;45;2014;
PR;4100400;171;49;2014;
PR;4100400;171;72;2014;
PR;4100400;171;99;2014;POINT(-49.34005 -25.27373)
PR;4100459;169;71;2014;POINT(-52.715952 -24.798984)
PR;4100509;123;1;2014;POINT(-53.9039522 -23.8732803)
PR;4100509;123;16;2014;POINT(-53.8953092 -23.871701)
PR;4100509;123;17;2014;POINT(-53.8953092 -23.871701)
PR;4100509;123;20;2014;POINT(-53.8953092 -23.871701)
PR;4100509;123;42;2014;POINT(-53.94822 -23.95215)
PR;4100509;123;47;2014;POINT(-53.80648 -23.92934)
PR;4100608;87;13;2014;POINT(-52.3180779 -23.1330207)
PR;4100608;87;16;2014;POINT(-52.3180779 -23.1330207)
PR;4100608;87;2;2014;POINT(-52.3172433 -23.1326688)
PR;4100608;87;21;2014;
PR;4100608;87;22;2014;
PR;4100608;87;48;2014;POINT(-52.3230737 -23.1304308)
PR;4100707;128;1;2014;
PR;4100707;128;10;2014;
PR;4100707;128;41;2014;
PR;4100707;128;9;2014;
PR;4100806;77;55;2014;POINT(-51.22767 -22.7804)
PR;4100806;77;6;2014;POINT(-51.22767 -22.7804)
PR;4100806;77;64;2014;POINT(-51.230598 -22.7828849)
PR;4100905;138;4;2014;POINT(-52.7871935 -23.0924088)
PR;4101002;130;9;2014;POINT(-53.47282 -25.9208154)
PR;4101051;126;34;2014;POINT(-53.1335926 -24.6432162)
PR;4101051;126;36;2014;POINT(-53.1335926 -24.6432162)
PR;4101051;126;48;2014;POINT(-53.1669265 -24.6945444)
PR;4101101;57;18;2014;POINT(-50.221532 -23.054212)
PR;4101101;57;23;2014;
PR;4101101;57;68;2014;
PR;4101200;6;1;2014;POINT(-48.7502739 -25.2293384)
PR;4101200;6;11;2014;POINT(-48.729389 -25.434949)
PR;4101200;6;17;2014;POINT(-48.7116957 -25.4311973)
PR;4101200;6;2;2014;POINT(-48.7502739 -25.2293384)
PR;4101200;6;49;2014;POINT(-48.747987 -25.437427)
PR;4101200;6;50;2014;POINT(-48.747987 -25.437427)
PR;4101200;6;67;2014;POINT(-48.71645 -25.43045)
PR;4101200;6;74;2014;POINT(-48.70768 -25.43813)
PR;4101309;12;105;2014;
PR;4101309;12;114;2014;
PR;4101309;12;118;2014;
PR;4101408;179;110;2014;POINT(-51.4384919 -23.551369)
PR;4101408;179;118;2014;POINT(-51.435447 -23.529855)
PR;4101408;179;122;2014;
PR;4101408;179;126;2014;
PR;4101408;179;14;2014;
PR;4101408;179;142;2014;POINT(-51.4280765 -23.5770531)
PR;4101408;179;146;2014;POINT(-51.4923776 -23.5567571)
PR;4101408;179;157;2014;POINT(-51.4482 -23.56136)
PR;4101408;179;17;2014;POINT(-51.4482 -23.56136)
PR;4101408;179;190;2014;POINT(-51.4588 -23.52752)
PR;4101408;179;30;2014;
PR;4101408;179;39;2014;POINT(-51.45021 -23.554811)
PR;4101408;179;48;2014;POINT(-51.44889 -23.5525)
PR;4101408;179;58;2014;POINT(-51.4384919 -23.551369)
PR;4101408;179;72;2014;POINT(-51.4588 -23.52752)
PR;4101408;179;87;2014;
PR;4101408;179;9;2014;
PR;4101408;179;90;2014;POINT(-51.4384919 -23.551369)
PR;4101408;28;102;2014;POINT(-51.46074 -23.55837)
PR;4101408;28;12;2014;POINT(-51.4605833 -23.5457458)
PR;4101408;28;18;2014;POINT(-51.4605833 -23.5457458)
PR;4101408;28;195;2014;POINT(-51.4059232 -23.6099334)
PR;4101408;28;20;2014;
PR;4101408;28;31;2014;POINT(-51.4679999 -23.5539422)
PR;4101408;28;39;2014;POINT(-51.4679999 -23.5539422)
PR;4101408;28;40;2014;POINT(-51.4679999 -23.5539422)
PR;4101408;28;45;2014;POINT(-51.4679999 -23.5539422)
PR;4101507;180;107;2014;POINT(-51.4502694 -23.3920905)
PR;4101507;180;115;2014;
PR;4101507;180;116;2014;POINT(-51.426567 -23.426694)
PR;4101507;180;18;2014;POINT(-51.42969984 -23.4202779)
PR;4101507;180;19;2014;POINT(-51.42969984 -23.4202779)
PR;4101507;180;21;2014;POINT(-51.433881 -23.414043)
PR;4101507;180;23;2014;POINT(-51.433881 -23.414043)
PR;4101507;180;34;2014;POINT(-51.4449132 -23.4099334)
PR;4101507;180;44;2014;POINT(-51.4449132 -23.4099334)
PR;4101507;180;55;2014;
PR;4101507;180;70;2014;
PR;4101507;180;73;2014;POINT(-51.433881 -23.414043)
PR;4101507;180;91;2014;POINT(-51.426567 -23.426694)
PR;4101507;180;95;2014;
PR;4101507;61;130;2014;POINT(-51.4334774 -23.4102942)
PR;4101507;61;131;2014;POINT(-51.4334774 -23.4102942)
PR;4101507;61;137;2014;POINT(-51.4295637 -23.3988738)
PR;4101507;61;15;2014;POINT(-51.4192279 -23.3940309)
PR;4101507;61;150;2014;POINT(-51.419226 -23.396344)
PR;4101507;61;182;2014;POINT(-51.4192279 -23.3940309)
PR;4101507;61;189;2014;POINT(-51.427014 -23.412366)
PR;4101507;61;4;2014;POINT(-51.4403566 -23.4031157)
PR;4101507;61;58;2014;POINT(-51.4365801 -23.4049604)
PR;4101507;61;62;2014;POINT(-51.4403566 -23.4031157)
PR;4101507;61;78;2014;POINT(-51.4255639 -23.417222)
PR;4101507;61;84;2014;POINT(-51.445694 -23.4022995)
PR;4101606;164;1;2014;POINT(-49.82630658 -24.14696696)
PR;4101606;164;14;2014;POINT(-49.82549009 -24.14731952)
PR;4101606;164;15;2014;POINT(-49.82549009 -24.14731952)
PR;4101606;164;17;2014;POINT(-49.82549009 -24.14731952)
PR;4101606;164;23;2014;POINT(-49.88534241 -24.0676093)
PR;4101606;164;35;2014;POINT(-49.81804313 -24.13792885)
PR;4101606;164;4;2014;POINT(-49.82630658 -24.14696696)
PR;4101606;164;44;2014;POINT(-49.82630658 -24.14696696)
PR;4101606;164;50;2014;POINT(-49.82549009 -24.14731952)
PR;4101606;164;51;2014;POINT(-49.83003936 -24.13966874)
PR;4101705;74;1;2014;POINT(-52.497876 -23.93419)
PR;4101705;74;102;2014;POINT(-52.4914815 -23.9286497)
PR;4101705;74;11;2014;POINT(-52.4914815 -23.9286497)
PR;4101705;74;99;2014;POINT(-52.4914815 -23.9286497)
PR;4101804;50;106;2014;POINT(-49.4043163 -25.5782086)
PR;4101804;50;118;2014;POINT(-49.3916986 -25.5771095)
PR;4101804;50;12;2014;POINT(-49.3991528 -25.5893685)
PR;4101804;50;121;2014;POINT(-49.39731 -25.5942)
PR;4101804;50;124;2014;POINT(-49.4043163 -25.5782086)
PR;4101804;50;131;2014;POINT(-49.3717374 -25.6034202)
PR;4101804;50;137;2014;
PR;4101804;50;139;2014;POINT(-49.4087814 -25.5925836)
PR;4101804;50;144;2014;POINT(-49.3811631 -25.5414685)
PR;4101804;50;147;2014;POINT(-49.3916986 -25.5771095)
PR;4101804;50;152;2014;POINT(-49.4059157 -25.5942646)
PR;4101804;50;153;2014;
PR;4101804;50;158;2014;POINT(-49.3943797 -25.5524251)
PR;4101804;50;160;2014;POINT(-49.3929605 -25.5476473)
PR;4101804;50;162;2014;POINT(-49.3811631 -25.5414685)
PR;4101804;50;168;2014;
PR;4101804;50;170;2014;POINT(-49.3717374 -25.6034202)
PR;4101804;50;18;2014;POINT(-49.4051 -25.59121)
PR;4101804;50;184;2014;POINT(-49.3863665 -25.5880128)
PR;4101804;50;186;2014;POINT(-49.3749143 -25.6213197)
PR;4101804;50;192;2014;POINT(-49.3894189 -25.565587)
PR;4101804;50;204;2014;POINT(-49.3909654 -25.7531553)
PR;4101804;50;217;2014;POINT(-49.3847811 -25.5544961)
PR;4101804;50;218;2014;POINT(-49.3734327 -25.614072)
PR;4101804;50;232;2014;POINT(-49.3847811 -25.5544961)
PR;4101804;50;237;2014;POINT(-49.3863665 -25.5880128)
PR;4101804;50;243;2014;POINT(-49.421094 -25.5744)
PR;4101804;50;244;2014;POINT(-49.3768621 -25.5961129)
PR;4101804;50;247;2014;POINT(-49.3656197 -25.6188427)
PR;4101804;50;260;2014;POINT(-49.3717056 -25.5993805)
PR;4101804;50;264;2014;POINT(-49.390116 -25.595828)
PR;4101804;50;271;2014;POINT(-49.390116 -25.595828)
PR;4101804;50;275;2014;POINT(-49.3943797 -25.5524251)
PR;4101804;50;282;2014;POINT(-49.3734327 -25.614072)
PR;4101804;50;286;2014;POINT(-49.421094 -25.5744)
PR;4101804;50;287;2014;POINT(-49.3943797 -25.5524251)
PR;4101804;50;36;2014;POINT(-49.406626 -25.576786)
PR;4101804;50;57;2014;POINT(-49.3882719 -25.5515397)
PR;4101804;50;66;2014;POINT(-49.3628624 -25.5317859)
PR;4101804;50;67;2014;POINT(-49.3628624 -25.5317859)
PR;4101804;50;71;2014;POINT(-49.3717756 -25.5172966)
PR;4101804;50;75;2014;
PR;4101804;50;82;2014;
PR;4101804;50;94;2014;POINT(-49.3867079 -25.6102258)
PR;4101804;50;95;2014;POINT(-49.39731 -25.5942)
PR;4101853;152;107;2014;
PR;4101853;152;94;2014;
PR;4101903;35;21;2014;
PR;4101903;35;86;2014;POINT(-50.8430904 -23.3711843)
PR;4102000;113;10;2014;POINT(-53.5018025 -24.39805)
PR;4102000;113;15;2014;POINT(-53.5018025 -24.39805)
PR;4102000;113;21;2014;
PR;4102000;113;35;2014;POINT(-53.5221977 -24.4080078)
PR;4102000;113;5;2014;POINT(-53.5120383 -24.4029249)
PR;4102000;113;54;2014;POINT(-53.61574 -24.61391)
PR;4102000;113;56;2014;POINT(-53.61574 -24.61391)
PR;4102000;113;61;2014;POINT(-53.656311 -24.417163)
PR;4102000;113;69;2014;POINT(-53.5033917 -24.4054773)
PR;4102000;113;73;2014;POINT(-53.52417 -24.38028)
PR;4102000;113;77;2014;
PR;4102109;67;1;2014;POINT(-51.6692179 -23.2390535)
PR;4102109;67;110;2014;POINT(-51.6654634 -23.2370395)
PR;4102109;67;129;2014;
PR;4102208;71;5;2014;POINT(-52.0851258 -23.1157079)
PR;4102307;182;107;2014;
PR;4102307;182;6;2014;POINT(-49.6284417 -25.5859518)
PR;4102406;58;101;2014;POINT(-50.3703639 -23.1065676)
PR;4102406;58;30;2014;POINT(-50.3727438 -23.106001)
PR;4102406;58;31;2014;POINT(-50.3727438 -23.106001)
PR;4102406;58;36;2014;POINT(-50.3676946 -23.1129878)
PR;4102406;58;4;2014;POINT(-50.3700816 -23.1059023)
PR;4102406;58;51;2014;POINT(-50.3750027 -23.1060565)
PR;4102406;58;59;2014;
PR;4102406;58;73;2014;POINT(-50.3700816 -23.1059023)
PR;4102406;58;74;2014;POINT(-50.3703639 -23.1065676)
PR;4102406;58;79;2014;POINT(-50.3750027 -23.1060565)
PR;4102406;58;86;2014;POINT(-50.3700816 -23.1059023)
PR;4102406;58;99;2014;
PR;4102505;133;15;2014;POINT(-52.0056503 -24.0291864)
PR;4102505;133;18;2014;POINT(-52.01283 -24.03147)
PR;4102505;133;40;2014;POINT(-52.220276 -24.1820239)
PR;4102604;131;26;2014;
PR;4102604;131;33;2014;
PR;4102604;131;6;2014;
PR;4102604;131;74;2014;
PR;4102802;77;34;2014;POINT(-51.1901531 -22.9992144)
PR;4102802;77;35;2014;POINT(-51.1901531 -22.9992144)
PR;4102802;77;37;2014;POINT(-51.1901531 -22.9992144)
PR;4102802;77;45;2014;POINT(-51.1902157 -22.9987584)
PR;4102901;153;10;2014;POINT(-51.5549219 -26.1607891)
PR;4102901;153;120;2014;POINT(-51.3676046 -26.1110298)
PR;4102901;153;121;2014;POINT(-51.517675 -26.2176797)
PR;4102901;153;136;2014;POINT(-51.536773 -26.1612595)
PR;4103008;170;14;2014;POINT(-52.78738 -24.24521)
PR;4103008;170;21;2014;
PR;4103040;38;151;2014;
PR;4103040;38;161;2014;
PR;4103040;38;213;2014;
PR;4103040;38;22;2014;POINT(-51.5436505 -24.8825921)
PR;4103057;165;48;2014;POINT(-53.406518 -25.440779)
PR;4103057;165;55;2014;POINT(-53.406518 -25.440779)
PR;4103057;165;63;2014;POINT(-53.41016 -25.3793)
PR;4103057;165;76;2014;POINT(-53.4067686 -25.4427853)
PR;4103107;48;27;2014;POINT(-49.1128528 -25.2081827)
PR;4103107;48;39;2014;POINT(-49.11548 -25.2068)
PR;4103107;48;44;2014;POINT(-49.11548 -25.2068)
PR;4103107;48;57;2014;POINT(-49.11548 -25.2068)
PR;4103107;48;67;2014;POINT(-49.10383302 -25.2201513)
PR;4103156;131;14;2014;
PR;4103156;131;25;2014;
PR;4103206;70;10;2014;POINT(-51.76796 -23.71312)
PR;4103206;70;5;2014;POINT(-51.76796 -23.71312)
PR;4103305;110;14;2014;POINT(-51.5921499 -23.937452)
PR;4103305;110;4;2014;POINT(-51.59021 -23.93837)
PR;4103305;110;7;2014;POINT(-51.5935843 -23.9376375)
PR;4103354;126;49;2014;POINT(-53.1161309 -24.8175068)
PR;4103354;126;50;2014;POINT(-53.1161309 -24.8175068)
PR;4103453;126;100;2014;POINT(-53.3245 -24.61799)
PR;4103453;126;74;2014;POINT(-53.3243572 -24.6186863)
PR;4103453;126;77;2014;POINT(-53.3243572 -24.6186863)
PR;4103453;126;78;2014;POINT(-53.326 -24.61918)
PR;4103479;97;34;2014;
PR;4103479;97;35;2014;
PR;4103479;97;37;2014;
PR;4103479;97;40;2014;
PR;4103503;76;112;2014;
PR;4103503;76;53;2014;POINT(-51.35587 -23.66457)
PR;4103503;76;57;2014;POINT(-51.35587 -23.66457)
PR;4103602;25;1;2014;POINT(-50.0755524 -23.04307)
PR;4103602;25;2;2014;POINT(-50.0755524 -23.04307)
PR;4103602;25;26;2014;POINT(-50.0724643 -23.0482404)
PR;4103602;25;29;2014;POINT(-50.08170637 -23.04295508)
PR;4103602;25;36;2014;POINT(-50.07753309 -23.03695201)
PR;4103602;25;44;2014;POINT(-50.0751258 -23.0430428)
PR;4103602;25;6;2014;POINT(-50.0755524 -23.04307)
PR;4103602;25;7;2014;POINT(-50.0755524 -23.04307)
PR;4103701;181;103;2014;POINT(-51.25753 -23.26882)
PR;4103701;181;118;2014;POINT(-51.25753 -23.26882)
PR;4103701;181;120;2014;POINT(-51.24368 -23.29029)
PR;4103701;181;15;2014;POINT(-51.21624 -23.3069)
PR;4103701;181;19;2014;POINT(-51.21881 -23.31163)
PR;4103701;181;21;2014;POINT(-51.21881 -23.31163)
PR;4103701;181;24;2014;POINT(-51.21881 -23.31163)
PR;4103701;181;27;2014;POINT(-51.2259623 -23.3058856)
PR;4103701;181;35;2014;POINT(-51.24368 -23.29029)
PR;4103701;181;42;2014;POINT(-51.24368 -23.29029)
PR;4103701;181;43;2014;POINT(-51.24368 -23.29029)
PR;4103701;181;48;2014;POINT(-51.25407 -23.27339)
PR;4103701;181;76;2014;POINT(-51.25407 -23.27339)
PR;4103701;181;84;2014;
PR;4103701;181;89;2014;POINT(-51.235961 -23.3033259)
PR;4103701;78;1;2014;POINT(-51.27831949 -23.27740568)
PR;4103701;78;107;2014;POINT(-51.2863591 -23.28424693)
PR;4103701;78;129;2014;POINT(-51.26726246 -23.28047669)
PR;4103701;78;131;2014;POINT(-51.26703947 -23.28246671)
PR;4103701;78;132;2014;POINT(-51.27937466 -23.28962175)
PR;4103701;78;145;2014;POINT(-51.26703947 -23.28246671)
PR;4103701;78;26;2014;POINT(-51.28461438 -23.27538196)
PR;4103701;78;3;2014;POINT(-51.27831949 -23.27740568)
PR;4103701;78;46;2014;POINT(-51.26703947 -23.28246671)
PR;4103701;78;62;2014;POINT(-51.26726246 -23.28047669)
PR;4103800;179;168;2014;POINT(-51.57697 -23.59832)
PR;4103800;179;174;2014;POINT(-51.57697 -23.59832)
PR;4103909;169;25;2014;POINT(-52.8063221 -24.5915864)
PR;4103909;169;36;2014;POINT(-52.7998514 -24.594251)
PR;4103909;169;41;2014;
PR;4103909;169;6;2014;POINT(-52.79896 -24.5909)
PR;4103909;169;95;2014;
PR;4104006;195;10;2014;POINT(-49.05418 -25.30411)
PR;4104006;195;104;2014;POINT(-49.0830648 -25.3459682)
PR;4104006;195;129;2014;POINT(-49.1091248 -25.35668)
PR;4104006;195;131;2014;
PR;4104006;195;136;2014;POINT(-49.0995363 -25.362218)
PR;4104006;195;138;2014;POINT(-49.05418 -25.30411)
PR;4104006;195;14;2014;
PR;4104006;195;27;2014;POINT(-48.83648 -25.11122)
PR;4104006;195;39;2014;POINT(-49.107308 -25.36639)
PR;4104006;195;42;2014;
PR;4104006;195;86;2014;POINT(-49.1091248 -25.35668)
PR;4104006;195;93;2014;
PR;4104006;195;95;2014;POINT(-49.0995363 -25.362218)
PR;4104055;112;86;2014;POINT(-52.9945831 -25.0294305)
PR;4104105;11;11;2014;POINT(-49.68162662 -25.97843568)
PR;4104105;11;3;2014;POINT(-49.68309889 -25.97777694)
PR;4104204;182;101;2014;
PR;4104204;182;126;2014;POINT(-49.4553532 -25.4393186)
PR;4104204;182;24;2014;
PR;4104204;182;28;2014;POINT(-49.481509 -25.448578)
PR;4104204;182;71;2014;POINT(-49.4317769 -25.4663835)
PR;4104204;182;72;2014;POINT(-49.50763 -25.35639)
PR;4104204;182;94;2014;POINT(-49.3890007 -25.4550974)
PR;4104204;9;145;2014;POINT(-49.531512 -25.467133)
PR;4104204;9;163;2014;POINT(-49.5313605 -25.4679132)
PR;4104204;9;184;2014;POINT(-49.5406069 -25.4632627)
PR;4104204;9;187;2014;POINT(-49.527086 -25.454418)
PR;4104204;9;197;2014;
PR;4104204;9;200;2014;
PR;4104204;9;201;2014;
PR;4104204;9;205;2014;POINT(-49.527086 -25.454418)
PR;4104204;9;209;2014;POINT(-49.5763109 -25.482194)
PR;4104204;9;226;2014;
PR;4104204;9;228;2014;POINT(-49.5315616 -25.4534441)
PR;4104204;9;256;2014;POINT(-49.529297 -25.4600009)
PR;4104204;9;266;2014;
PR;4104204;9;49;2014;POINT(-49.531512 -25.467133)
PR;4104204;9;54;2014;POINT(-49.5253245 -25.4608864)
PR;4104204;9;58;2014;POINT(-49.5253245 -25.4608864)
PR;4104204;9;59;2014;POINT(-49.5253245 -25.4608864)
PR;4104204;9;66;2014;POINT(-49.554422 -25.4538658)
PR;4104204;9;81;2014;POINT(-49.57277 -25.467)
PR;4104204;9;87;2014;POINT(-49.5624751 -25.4690617)
PR;4104253;171;136;2014;POINT(-49.42604363 -25.3701275)
PR;4104253;171;204;2014;POINT(-49.35973432 -25.37677889)
PR;4104253;171;205;2014;POINT(-49.42604363 -25.3701275)
PR;4104253;171;234;2014;POINT(-49.3599471 -25.37648005)
PR;4104253;171;59;2014;POINT(-49.450435 -25.3709796)
PR;4104303;183;13;2014;POINT(-52.41931 -24.05539)
PR;4104303;183;141;2014;POINT(-52.3511833 -24.0073446)
PR;4104303;183;19;2014;POINT(-52.3702914 -24.0236521)
PR;4104303;183;24;2014;POINT(-52.3702914 -24.0236521)
PR;4104303;183;34;2014;POINT(-52.403388 -24.049387)
PR;4104303;183;36;2014;POINT(-52.403388 -24.049387)
PR;4104303;183;42;2014;POINT(-52.41001 -24.05584)
PR;4104303;183;56;2014;
PR;4104303;183;61;2014;
PR;4104303;183;74;2014;POINT(-52.3702914 -24.0236521)
PR;4104303;183;76;2014;POINT(-52.3631258 -23.9977209)
PR;4104303;183;78;2014;POINT(-52.354285 -24.019304)
PR;4104303;183;80;2014;POINT(-52.3511833 -24.0073446)
PR;4104303;31;116;2014;POINT(-52.3722419 -24.0519787)
PR;4104303;31;123;2014;POINT(-52.37406 -24.03228)
PR;4104303;31;124;2014;POINT(-52.37406 -24.03228)
PR;4104303;31;168;2014;POINT(-52.3703839 -24.0327293)
PR;4104303;31;188;2014;POINT(-52.380832 -24.040509)
PR;4104303;31;200;2014;POINT(-52.3722419 -24.0519787)
PR;4104303;31;26;2014;
PR;4104303;31;27;2014;
PR;4104303;31;28;2014;
PR;4104303;31;3;2014;POINT(-52.3866534 -24.0436079)
PR;4104303;31;30;2014;
PR;4104303;31;33;2014;POINT(-52.3703839 -24.0327293)
PR;4104303;31;50;2014;POINT(-52.3866534 -24.0436079)
PR;4104303;31;54;2014;POINT(-52.3792615 -24.0449664)
PR;4104303;31;63;2014;
PR;4104303;31;67;2014;
PR;4104402;106;52;2014;
PR;4104402;106;58;2014;POINT(-51.34437 -24.57331)
PR;4104402;106;62;2014;
PR;4104428;44;14;2014;
PR;4104428;44;185;2014;
PR;4104428;44;227;2014;
PR;4104428;44;70;2014;
PR;4104451;203;156;2014;POINT(-52.12536 -25.37364)
PR;4104451;203;166;2014;
PR;4104451;203;170;2014;POINT(-52.15524 -25.41564)
PR;4104451;203;171;2014;
PR;4104501;107;10;2014;POINT(-53.79981 -25.66688)
PR;4104501;107;159;2014;POINT(-53.8085 -25.65893)
PR;4104501;107;162;2014;
PR;4104501;107;163;2014;POINT(-53.81149 -25.67163)
PR;4104501;107;19;2014;
PR;4104501;107;33;2014;
PR;4104501;107;36;2014;
PR;4104501;107;37;2014;
PR;4104501;107;58;2014;POINT(-53.81149 -25.67163)
PR;4104600;165;22;2014;
PR;4104600;165;45;2014;
PR;4104600;165;77;2014;POINT(-53.61079 -25.48065)
PR;4104659;16;132;2014;POINT(-50.1115651 -24.9526757)
PR;4104659;16;144;2014;
PR;4104659;16;147;2014;
PR;4104659;16;203;2014;
PR;4104659;16;204;2014;POINT(-50.12799 -24.9449)
PR;4104659;16;35;2014;POINT(-50.1115651 -24.9526757)
PR;4104709;56;13;2014;POINT(-49.7267848 -23.4317179)
PR;4104709;56;17;2014;POINT(-49.7221086 -23.4264435)
PR;4104709;56;27;2014;POINT(-49.72065 -23.4263)
PR;4104709;56;30;2014;POINT(-49.72065 -23.4263)
PR;4104709;56;33;2014;POINT(-49.7111133 -23.431026)
PR;4104709;56;36;2014;POINT(-49.7111133 -23.431026)
PR;4104709;56;9;2014;POINT(-49.72065 -23.4263)
PR;4104808;143;114;2014;POINT(-53.4660122 -24.9775758)
PR;4104808;143;119;2014;POINT(-53.4660122 -24.9775758)
PR;4104808;143;130;2014;POINT(-53.4636832 -24.9601027)
PR;4104808;143;145;2014;
PR;4104808;143;150;2014;POINT(-53.442003 -24.987108)
PR;4104808;143;166;2014;
PR;4104808;143;175;2014;POINT(-53.4716776 -24.968124)
PR;4104808;143;282;2014;POINT(-53.4637423 -24.9951388)
PR;4104808;143;312;2014;POINT(-53.47374 -24.97266)
PR;4104808;143;315;2014;POINT(-53.4637423 -24.9951388)
PR;4104808;143;320;2014;POINT(-53.45907 -24.95752)
PR;4104808;143;51;2014;POINT(-53.4839749 -24.9862866)
PR;4104808;184;10;2014;POINT(-53.417014 -24.953805)
PR;4104808;184;108;2014;POINT(-53.4490919 -24.9880535)
PR;4104808;184;112;2014;POINT(-53.4557318 -24.9891952)
PR;4104808;184;117;2014;POINT(-53.4366162 -24.9536458)
PR;4104808;184;122;2014;POINT(-53.43934 -24.92884)
PR;4104808;184;125;2014;POINT(-53.443 -24.99078)
PR;4104808;184;146;2014;
PR;4104808;184;149;2014;POINT(-53.43934 -24.92884)
PR;4104808;184;154;2014;POINT(-53.4507473 -24.9570014)
PR;4104808;184;31;2014;POINT(-53.4025662 -24.9616875)
PR;4104808;184;47;2014;
PR;4104808;184;5;2014;POINT(-53.4036813 -24.936828)
PR;4104808;184;57;2014;POINT(-53.4502454 -24.9703243)
PR;4104808;184;58;2014;POINT(-53.4502454 -24.9703243)
PR;4104808;184;68;2014;
PR;4104808;184;77;2014;POINT(-53.4490919 -24.9880535)
PR;4104808;184;8;2014;POINT(-53.4036813 -24.936828)
PR;4104808;184;82;2014;POINT(-53.4507473 -24.9570014)
PR;4104808;184;87;2014;
PR;4104808;184;9;2014;POINT(-53.4036813 -24.936828)
PR;4104808;184;95;2014;POINT(-53.4557318 -24.9891952)
PR;4104808;184;98;2014;
PR;4104808;185;102;2014;POINT(-53.4380516 -24.9164811)
PR;4104808;185;133;2014;POINT(-53.42493 -24.93028)
PR;4104808;185;136;2014;POINT(-53.41377 -24.93985)
PR;4104808;185;2;2014;POINT(-53.4287014 -24.9453204)
PR;4104808;185;31;2014;POINT(-53.4380516 -24.9164811)
PR;4104808;185;35;2014;POINT(-53.4251645 -24.9387608)
PR;4104808;185;73;2014;POINT(-53.41377 -24.93985)
PR;4104808;68;106;2014;POINT(-53.4845102 -24.9532219)
PR;4104808;68;107;2014;POINT(-53.4845102 -24.9532219)
PR;4104808;68;117;2014;POINT(-53.4556167 -24.9541314)
PR;4104808;68;120;2014;POINT(-53.4556167 -24.9541314)
PR;4104808;68;323;2014;POINT(-53.4833109 -24.9466555)
PR;4104808;68;332;2014;POINT(-53.4351204 -24.9200835)
PR;4104808;68;34;2014;
PR;4104808;68;353;2014;
PR;4104808;68;363;2014;POINT(-53.4833109 -24.9466555)
PR;4104808;68;370;2014;
PR;4104808;68;372;2014;
PR;4104808;68;375;2014;POINT(-53.4822298 -24.9634848)
PR;4104808;68;390;2014;
PR;4104808;68;69;2014;POINT(-53.4909386 -24.9613997)
PR;4104808;68;99;2014;POINT(-53.4822298 -24.9634848)
PR;4104907;16;11;2014;POINT(-50.0129727 -24.7933827)
PR;4104907;16;116;2014;POINT(-50.0071623 -24.7735689)
PR;4104907;16;118;2014;
PR;4104907;16;129;2014;POINT(-50.0071623 -24.7735689)
PR;4104907;16;13;2014;POINT(-50.0129727 -24.7933827)
PR;4104907;16;140;2014;
PR;4104907;16;148;2014;POINT(-49.9984108 -24.8100701)
PR;4104907;16;151;2014;POINT(-50.0129727 -24.7933827)
PR;4104907;16;157;2014;POINT(-49.9912654 -24.8047038)
PR;4104907;16;161;2014;POINT(-49.87833656 -24.60202035)
PR;4104907;16;198;2014;POINT(-49.9984108 -24.8100701)
PR;4104907;16;207;2014;POINT(-50.0071623 -24.7735689)
PR;4104907;16;209;2014;POINT(-49.9896324 -24.8027755)
PR;4104907;16;215;2014;POINT(-49.9876231 -24.7853266)
PR;4104907;16;39;2014;
PR;4104907;16;51;2014;
PR;4104907;16;54;2014;POINT(-50.009496 -24.779153)
PR;4105003;166;31;2014;
PR;4105003;166;35;2014;POINT(-53.1526939 -25.2113571)
PR;4105102;159;24;2014;POINT(-51.5965533 -22.8214991)
PR;4105102;159;30;2014;POINT(-51.5947237 -22.8240807)
PR;4105102;159;31;2014;POINT(-51.5987776 -22.8133383)
PR;4105102;159;46;2014;POINT(-51.5936115 -22.8200962)
PR;4105201;7;2;2014;POINT(-49.26251 -24.82509)
PR;4105201;7;23;2014;
PR;4105201;7;25;2014;
PR;4105201;7;4;2014;POINT(-49.26251 -24.82509)
PR;4105201;7;49;2014;POINT(-49.26251 -24.82509)
PR;4105201;7;62;2014;
PR;4105201;7;70;2014;POINT(-49.2631791 -24.824583)
PR;4105201;7;83;2014;
PR;4105201;7;88;2014;POINT(-49.263905 -24.8255277)
PR;4105300;118;125;2014;POINT(-53.8512823 -25.156684)
PR;4105300;118;135;2014;POINT(-53.8511802 -25.1490292)
PR;4105300;118;67;2014;POINT(-53.8478132 -25.1462194)
PR;4105300;118;75;2014;
PR;4105300;118;76;2014;
PR;4105409;103;16;2014;POINT(-52.5259635 -25.8581052)
PR;4105409;103;183;2014;POINT(-52.520298 -25.8472719)
PR;4105409;103;3;2014;POINT(-52.5277407 -25.8514112)
PR;4105409;103;6;2014;POINT(-52.5274335 -25.8547448)
PR;4105508;88;112;2014;POINT(-52.5977088 -23.6597193)
PR;4105508;88;128;2014;POINT(-52.6105897 -23.6468529)
PR;4105508;88;140;2014;POINT(-52.6105897 -23.6468529)
PR;4105508;88;141;2014;POINT(-52.6296306 -23.6683363)
PR;4105508;88;144;2014;POINT(-52.6174 -23.66309)
PR;4105508;88;16;2014;POINT(-52.6105897 -23.6468529)
PR;4105508;88;18;2014;POINT(-52.6105897 -23.6468529)
PR;4105508;88;19;2014;POINT(-52.6105897 -23.6468529)
PR;4105508;88;22;2014;POINT(-52.5946582 -23.6698116)
PR;4105508;88;25;2014;POINT(-52.5946582 -23.6698116)
PR;4105508;88;27;2014;POINT(-52.5946582 -23.6698116)
PR;4105508;88;3;2014;
PR;4105508;88;37;2014;POINT(-52.5977088 -23.6597193)
PR;4105508;88;56;2014;POINT(-52.5914699 -23.6691439)
PR;4105508;88;72;2014;POINT(-52.6296306 -23.6683363)
PR;4105508;88;79;2014;
PR;4105607;127;92;2014;POINT(-52.9535446 -23.3849551)
PR;4105706;47;10;2014;
PR;4105706;47;12;2014;
PR;4105706;47;17;2014;POINT(-52.366415 -26.4110413)
PR;4105706;47;2;2014;POINT(-52.358003 -26.4082947)
PR;4105706;47;69;2014;POINT(-52.3492434 -26.4043074)
PR;4105706;47;70;2014;POINT(-52.3591555 -26.4032357)
PR;4105706;47;72;2014;
PR;4105706;47;9;2014;
PR;4105805;186;101;2014;POINT(-49.1866737 -25.3790423)
PR;4105805;186;112;2014;POINT(-49.175947 -25.3473531)
PR;4105805;186;117;2014;POINT(-49.1480849 -25.3271998)
PR;4105805;186;135;2014;POINT(-49.1680455 -25.3823709)
PR;4105805;186;14;2014;POINT(-49.1933354 -25.3681867)
PR;4105805;186;151;2014;POINT(-49.1861928 -25.3613441)
PR;4105805;186;154;2014;POINT(-49.1866737 -25.3790423)
PR;4105805;186;162;2014;POINT(-49.179636 -25.3661472)
PR;4105805;186;171;2014;POINT(-49.1910035 -25.3560626)
PR;4105805;186;177;2014;POINT(-49.160797 -25.3752851)
PR;4105805;186;18;2014;POINT(-49.16530218 -25.35334976)
PR;4105805;186;182;2014;POINT(-49.1861928 -25.3613441)
PR;4105805;186;184;2014;POINT(-49.1578571 -25.3853996)
PR;4105805;186;185;2014;POINT(-49.1658116 -25.3540271)
PR;4105805;186;189;2014;POINT(-49.179636 -25.3661472)
PR;4105805;186;209;2014;
PR;4105805;186;216;2014;POINT(-49.1578571 -25.3853996)
PR;4105805;186;217;2014;POINT(-49.1464308 -25.3617656)
PR;4105805;186;227;2014;
PR;4105805;186;246;2014;
PR;4105805;186;25;2014;POINT(-49.16530218 -25.35334976)
PR;4105805;186;259;2014;POINT(-49.19797 -25.36685)
PR;4105805;186;27;2014;POINT(-49.16530218 -25.35334976)
PR;4105805;186;29;2014;POINT(-49.175947 -25.3473531)
PR;4105805;186;4;2014;POINT(-49.19208 -25.35631)
PR;4105805;186;48;2014;
PR;4105805;186;56;2014;POINT(-49.1861928 -25.3613441)
PR;4105805;186;61;2014;POINT(-49.1861928 -25.3613441)
PR;4105805;186;68;2014;POINT(-49.179164 -25.372321)
PR;4105805;186;69;2014;POINT(-49.14354758 -25.30751393)
PR;4105805;186;83;2014;POINT(-49.1901168 -25.3834929)
PR;4105805;49;112;2014;POINT(-49.1955709 -25.3427858)
PR;4105805;49;140;2014;POINT(-49.1955709 -25.3427858)
PR;4105805;49;154;2014;
PR;4105805;49;182;2014;
PR;4105805;49;189;2014;
PR;4105805;49;2;2014;POINT(-49.2222662 -25.2906191)
PR;4105805;49;215;2014;POINT(-49.2301914 -25.2923358)
PR;4105805;49;217;2014;POINT(-49.235106 -25.3255701)
PR;4105805;49;223;2014;
PR;4105805;49;224;2014;POINT(-49.180615 -25.340626)
PR;4105805;49;230;2014;POINT(-49.2273985 -25.291643)
PR;4105805;49;234;2014;POINT(-49.19707 -25.34336)
PR;4105805;49;246;2014;POINT(-49.1882819 -25.3482124)
PR;4105805;49;3;2014;POINT(-49.2222662 -25.2906191)
PR;4105805;49;80;2014;POINT(-49.2273985 -25.291643)
PR;4105805;49;89;2014;
PR;4105805;49;9;2014;POINT(-49.1997429 -25.3492255)
PR;4105904;95;10;2014;POINT(-51.96905 -22.83528)
PR;4105904;95;103;2014;POINT(-51.9672737 -22.8278469)
PR;4105904;95;27;2014;POINT(-51.9691786 -22.8351273)
PR;4105904;95;29;2014;POINT(-51.9691786 -22.8351273)
PR;4105904;95;4;2014;POINT(-51.97641 -22.83542)
PR;4106001;99;30;2014;POINT(-50.5546534 -23.5497856)
PR;4106100;79;5;2014;POINT(-50.171631 -23.6244109)
PR;4106209;10;140;2014;POINT(-49.52764 -25.6785)
PR;4106209;10;23;2014;POINT(-49.5369605 -25.6786556)
PR;4106209;10;246;2014;POINT(-49.52764 -25.6785)
PR;4106308;126;112;2014;
PR;4106308;126;120;2014;POINT(-53.3021239 -24.8056629)
PR;4106308;126;18;2014;POINT(-53.2897831 -24.7982016)
PR;4106308;126;23;2014;POINT(-53.295651 -24.7988027)
PR;4106407;26;115;2014;POINT(-50.664155 -23.179667)
PR;4106407;26;12;2014;POINT(-50.643259 -23.176955)
PR;4106407;26;121;2014;POINT(-50.64407 -23.18725)
PR;4106407;26;131;2014;POINT(-50.66046 -23.1828)
PR;4106407;26;144;2014;
PR;4106407;26;69;2014;POINT(-50.64407 -23.18725)
PR;4106407;26;74;2014;POINT(-50.6399998 -23.1900149)
PR;4106456;32;45;2014;
PR;4106456;32;76;2014;
PR;4106506;101;106;2014;
PR;4106506;101;54;2014;POINT(-52.5680478 -25.9842772)
PR;4106555;133;28;2014;POINT(-52.11516 -24.1)
PR;4106555;133;32;2014;POINT(-52.11516 -24.1)
PR;4106555;133;34;2014;POINT(-52.11516 -24.1)
PR;4106571;115;118;2014;POINT(-53.1323852 -25.6166008)
PR;4106571;115;36;2014;POINT(-53.10585667 -25.56104167)
PR;4106605;86;137;2014;
PR;4106605;86;30;2014;POINT(-53.07638 -23.77816)
PR;4106803;153;115;2014;POINT(-51.4381584 -26.0572471)
PR;4106803;153;156;2014;
PR;4106803;153;34;2014;POINT(-51.3497856 -26.0192465)
PR;4106803;153;35;2014;POINT(-51.3497856 -26.0192465)
PR;4106852;110;63;2014;POINT(-51.4442524 -23.9922934)
PR;4106852;110;70;2014;
PR;4106852;110;71;2014;
PR;4106902;1;124;2014;POINT(-49.2799325 -25.4194307)
PR;4106902;1;136;2014;POINT(-49.2799325 -25.4194307)
PR;4106902;1;148;2014;
PR;4106902;1;149;2014;
PR;4106902;1;204;2014;POINT(-49.2843755 -25.3886582)
PR;4106902;1;213;2014;POINT(-49.29478 -25.38875)
PR;4106902;1;327;2014;POINT(-49.3038053 -25.4121705)
PR;4106902;1;328;2014;POINT(-49.2977652 -25.3993228)
PR;4106902;1;340;2014;POINT(-49.2813219 -25.4088672)
PR;4106902;1;346;2014;POINT(-49.2726582 -25.3825729)
PR;4106902;1;350;2014;POINT(-49.271778 -25.382015)
PR;4106902;1;392;2014;POINT(-49.2625269 -25.4246984)
PR;4106902;1;412;2014;POINT(-49.26447 -25.3668)
PR;4106902;1;431;2014;POINT(-49.26006 -25.36691)
PR;4106902;1;463;2014;POINT(-49.27421 -25.41544)
PR;4106902;1;506;2014;POINT(-49.2603046 -25.4076555)
PR;4106902;1;523;2014;POINT(-49.2634917 -25.4133635)
PR;4106902;1;53;2014;POINT(-49.2749684 -25.4252319)
PR;4106902;1;54;2014;POINT(-49.2749684 -25.4252319)
PR;4106902;1;555;2014;POINT(-49.300712 -25.3926956)
PR;4106902;1;563;2014;POINT(-49.2528525 -25.3751086)
PR;4106902;1;566;2014;POINT(-49.2428801 -25.3919541)
PR;4106902;1;577;2014;POINT(-49.26825 -25.37229)
PR;4106902;1;584;2014;POINT(-49.2528525 -25.3751086)
PR;4106902;1;591;2014;POINT(-49.27831 -25.37481)
PR;4106902;1;592;2014;POINT(-49.2977652 -25.3993228)
PR;4106902;1;593;2014;
PR;4106902;1;595;2014;POINT(-49.2428801 -25.3919541)
PR;4106902;1;603;2014;POINT(-49.29478 -25.38875)
PR;4106902;1;605;2014;POINT(-49.2683156 -25.3898801)
PR;4106902;1;611;2014;POINT(-49.2683156 -25.3898801)
PR;4106902;1;614;2014;POINT(-49.2596922 -25.3883615)
PR;4106902;1;620;2014;POINT(-49.2373071 -25.3842702)
PR;4106902;1;621;2014;POINT(-49.2904608 -25.4000803)
PR;4106902;1;622;2014;POINT(-49.2977652 -25.3993228)
PR;4106902;1;632;2014;POINT(-49.274039 -25.355547)
PR;4106902;145;291;2014;POINT(-49.29161 -25.53232833)
PR;4106902;145;323;2014;POINT(-49.3000709 -25.5184881)
PR;4106902;145;365;2014;POINT(-49.2706265 -25.529529)
PR;4106902;145;370;2014;POINT(-49.2684788 -25.534911)
PR;4106902;145;372;2014;POINT(-49.2684788 -25.534911)
PR;4106902;145;374;2014;POINT(-49.28355086 -25.54451019)
PR;4106902;145;394;2014;POINT(-49.2857188 -25.5688387)
PR;4106902;145;397;2014;POINT(-49.2767852 -25.5931538)
PR;4106902;145;409;2014;POINT(-49.2658 -25.50003)
PR;4106902;145;424;2014;POINT(-49.27687 -25.51508)
PR;4106902;145;433;2014;POINT(-49.27687 -25.51508)
PR;4106902;145;441;2014;POINT(-49.27687 -25.51508)
PR;4106902;145;495;2014;POINT(-49.2658 -25.50003)
PR;4106902;145;497;2014;POINT(-49.274446 -25.5364367)
PR;4106902;145;503;2014;POINT(-49.2612093 -25.5426579)
PR;4106902;145;504;2014;POINT(-49.29161 -25.53232833)
PR;4106902;145;506;2014;POINT(-49.268077 -25.5264044)
PR;4106902;145;511;2014;POINT(-49.2631859 -25.5117184)
PR;4106902;145;514;2014;POINT(-49.2767852 -25.5931538)
PR;4106902;145;528;2014;
PR;4106902;145;552;2014;POINT(-49.2793624 -25.5054199)
PR;4106902;145;571;2014;POINT(-49.296779 -25.5350154)
PR;4106902;145;581;2014;POINT(-49.27293577 -25.54247471)
PR;4106902;145;584;2014;POINT(-49.2631859 -25.5117184)
PR;4106902;145;590;2014;POINT(-49.296779 -25.5350154)
PR;4106902;145;616;2014;
PR;4106902;145;618;2014;POINT(-49.2825599 -25.530053)
PR;4106902;145;622;2014;POINT(-49.295719 -25.5344734)
PR;4106902;145;637;2014;POINT(-49.26999 -25.51644)
PR;4106902;145;687;2014;POINT(-49.257019 -25.544061)
PR;4106902;145;705;2014;
PR;4106902;145;712;2014;POINT(-49.2673125 -25.498324)
PR;4106902;145;717;2014;POINT(-49.269696 -25.503799)
PR;4106902;145;726;2014;POINT(-49.247129 -25.5539096)
PR;4106902;145;733;2014;POINT(-49.247129 -25.5539096)
PR;4106902;145;755;2014;POINT(-49.280369 -25.5588668)
PR;4106902;145;756;2014;POINT(-49.27293577 -25.54247471)
PR;4106902;145;772;2014;POINT(-49.2825599 -25.530053)
PR;4106902;145;781;2014;POINT(-49.27833 -25.565927)
PR;4106902;145;785;2014;POINT(-49.2571549 -25.557938)
PR;4106902;145;790;2014;POINT(-49.2711969 -25.5453222)
PR;4106902;145;797;2014;POINT(-49.2711969 -25.5453222)
PR;4106902;145;800;2014;
PR;4106902;145;801;2014;POINT(-49.2808359 -25.5414708)
PR;4106902;174;104;2014;POINT(-49.23956 -25.53596)
PR;4106902;174;112;2014;POINT(-49.24114 -25.52971)
PR;4106902;174;122;2014;POINT(-49.25339 -25.50324)
PR;4106902;174;130;2014;POINT(-49.2453555 -25.4886471)
PR;4106902;174;145;2014;POINT(-49.2441424 -25.5025933)
PR;4106902;174;155;2014;POINT(-49.2491992 -25.5169744)
PR;4106902;174;158;2014;POINT(-49.261717 -25.491654)
PR;4106902;174;164;2014;POINT(-49.2427686 -25.495382)
PR;4106902;174;166;2014;POINT(-49.2427686 -25.495382)
PR;4106902;174;174;2014;POINT(-49.25393 -25.48025)
PR;4106902;174;18;2014;POINT(-49.2247213 -25.5153987)
PR;4106902;174;181;2014;POINT(-49.25393 -25.48025)
PR;4106902;174;190;2014;
PR;4106902;174;203;2014;POINT(-49.2453555 -25.4886471)
PR;4106902;174;212;2014;POINT(-49.2214002 -25.5070192)
PR;4106902;174;222;2014;POINT(-49.23882 -25.53702)
PR;4106902;174;229;2014;POINT(-49.2424251 -25.4982057)
PR;4106902;174;230;2014;POINT(-49.2491992 -25.5169744)
PR;4106902;174;232;2014;POINT(-49.233785 -25.52399)
PR;4106902;174;233;2014;POINT(-49.2551163 -25.5316222)
PR;4106902;174;25;2014;POINT(-49.2214002 -25.5070192)
PR;4106902;174;250;2014;POINT(-49.25339 -25.50324)
PR;4106902;174;28;2014;POINT(-49.2352613 -25.4983168)
PR;4106902;174;289;2014;POINT(-49.2214002 -25.5070192)
PR;4106902;174;292;2014;
PR;4106902;174;30;2014;POINT(-49.2357525 -25.4995741)
PR;4106902;174;311;2014;POINT(-49.2524904 -25.5080968)
PR;4106902;174;312;2014;POINT(-49.24814 -25.47571)
PR;4106902;174;319;2014;POINT(-49.2551163 -25.5316222)
PR;4106902;174;320;2014;POINT(-49.2576373 -25.4896496)
PR;4106902;174;322;2014;POINT(-49.2462154 -25.514719)
PR;4106902;174;327;2014;POINT(-49.25339 -25.50324)
PR;4106902;174;331;2014;POINT(-49.238481 -25.536838)
PR;4106902;174;333;2014;POINT(-49.2490291 -25.5232951)
PR;4106902;174;347;2014;POINT(-49.2340225 -25.5148791)
PR;4106902;174;357;2014;POINT(-49.233785 -25.52399)
PR;4106902;174;367;2014;POINT(-49.2464187 -25.5299817)
PR;4106902;174;371;2014;
PR;4106902;174;41;2014;POINT(-49.2357525 -25.4995741)
PR;4106902;174;57;2014;POINT(-49.237771 -25.4634239)
PR;4106902;174;61;2014;POINT(-49.237771 -25.4634239)
PR;4106902;174;79;2014;POINT(-49.25489 -25.5319)
PR;4106902;174;82;2014;POINT(-49.25489 -25.5319)
PR;4106902;174;93;2014;POINT(-49.2464187 -25.5299817)
PR;4106902;175;100;2014;
PR;4106902;175;112;2014;POINT(-49.3234288 -25.5959735)
PR;4106902;175;116;2014;POINT(-49.2928794 -25.5510796)
PR;4106902;175;127;2014;POINT(-49.3483639 -25.501447)
PR;4106902;175;131;2014;POINT(-49.32368 -25.50394)
PR;4106902;175;149;2014;POINT(-49.28963 -25.50226)
PR;4106902;175;171;2014;POINT(-49.33679 -25.57298)
PR;4106902;175;184;2014;POINT(-49.3483639 -25.501447)
PR;4106902;175;19;2014;POINT(-49.32368 -25.50394)
PR;4106902;175;2;2014;POINT(-49.33553 -25.49496)
PR;4106902;175;208;2014;POINT(-49.33431 -25.52744)
PR;4106902;175;249;2014;POINT(-49.28963 -25.50226)
PR;4106902;175;253;2014;POINT(-49.339091 -25.560104)
PR;4106902;175;316;2014;POINT(-49.323365 -25.584929)
PR;4106902;175;340;2014;POINT(-49.323365 -25.584929)
PR;4106902;175;343;2014;POINT(-49.3322618 -25.5583048)
PR;4106902;175;357;2014;POINT(-49.2905083 -25.4960569)
PR;4106902;175;360;2014;POINT(-49.323365 -25.584929)
PR;4106902;175;362;2014;POINT(-49.339091 -25.560104)
PR;4106902;175;369;2014;
PR;4106902;175;37;2014;POINT(-49.31665 -25.49636)
PR;4106902;175;380;2014;POINT(-49.323365 -25.584929)
PR;4106902;175;385;2014;POINT(-49.3335656 -25.5661459)
PR;4106902;175;387;2014;POINT(-49.3396897 -25.5452272)
PR;4106902;175;390;2014;POINT(-49.335757 -25.590256)
PR;4106902;175;399;2014;POINT(-49.3367948 -25.5728677)
PR;4106902;175;407;2014;POINT(-49.3156701 -25.5594339)
PR;4106902;175;408;2014;POINT(-49.34962 -25.49396)
PR;4106902;175;409;2014;POINT(-49.3335656 -25.5661459)
PR;4106902;175;47;2014;POINT(-49.33679 -25.57298)
PR;4106902;175;5;2014;POINT(-49.33553 -25.49496)
PR;4106902;175;51;2014;POINT(-49.325341 -25.5079879)
PR;4106902;175;53;2014;POINT(-49.325341 -25.5079879)
PR;4106902;175;58;2014;POINT(-49.325341 -25.5079879)
PR;4106902;175;59;2014;POINT(-49.325341 -25.5079879)
PR;4106902;175;67;2014;POINT(-49.2809825 -25.4963996)
PR;4106902;175;73;2014;POINT(-49.28963 -25.50226)
PR;4106902;175;78;2014;POINT(-49.2969375 -25.5061683)
PR;4106902;175;80;2014;POINT(-49.2969375 -25.5061683)
PR;4106902;175;89;2014;POINT(-49.3014253 -25.5012632)
PR;4106902;176;105;2014;POINT(-49.2768784 -25.4816169)
PR;4106902;176;119;2014;POINT(-49.2928176 -25.4886586)
PR;4106902;176;136;2014;POINT(-49.2869249 -25.483503)
PR;4106902;176;162;2014;POINT(-49.287804 -25.487723)
PR;4106902;176;176;2014;POINT(-49.3221816 -25.4805233)
PR;4106902;176;185;2014;POINT(-49.2781343 -25.4863896)
PR;4106902;176;205;2014;
PR;4106902;176;207;2014;POINT(-49.27992 -25.4734)
PR;4106902;176;21;2014;POINT(-49.262959 -25.46243)
PR;4106902;176;22;2014;POINT(-49.262959 -25.46243)
PR;4106902;176;234;2014;POINT(-49.27992 -25.4734)
PR;4106902;176;241;2014;POINT(-49.3221816 -25.4805233)
PR;4106902;176;242;2014;POINT(-49.29276 -25.4943803)
PR;4106902;176;244;2014;POINT(-49.310103 -25.490444)
PR;4106902;176;249;2014;POINT(-49.3221816 -25.4805233)
PR;4106902;176;25;2014;POINT(-49.262959 -25.46243)
PR;4106902;176;270;2014;POINT(-49.29276 -25.4943803)
PR;4106902;176;276;2014;POINT(-49.2730758 -25.4837511)
PR;4106902;176;28;2014;POINT(-49.262959 -25.46243)
PR;4106902;176;283;2014;POINT(-49.310103 -25.490444)
PR;4106902;176;284;2014;POINT(-49.3033164 -25.4954757)
PR;4106902;176;286;2014;POINT(-49.302271 -25.485103)
PR;4106902;176;298;2014;POINT(-49.2637089 -25.4650153)
PR;4106902;176;3;2014;
PR;4106902;176;31;2014;POINT(-49.2798048 -25.461793)
PR;4106902;176;34;2014;POINT(-49.2798048 -25.461793)
PR;4106902;176;92;2014;POINT(-49.26665 -25.48007)
PR;4106902;176;95;2014;POINT(-49.26665 -25.48007)
PR;4106902;177;1;2014;POINT(-49.2836206 -25.4367648)
PR;4106902;177;118;2014;POINT(-49.2655397 -25.4496903)
PR;4106902;177;141;2014;POINT(-49.2906814 -25.4497758)
PR;4106902;177;147;2014;POINT(-49.27721 -25.4443)
PR;4106902;177;167;2014;POINT(-49.27931 -25.45246)
PR;4106902;177;172;2014;POINT(-49.2817537 -25.4527323)
PR;4106902;177;185;2014;POINT(-49.274054 -25.4499445)
PR;4106902;177;190;2014;
PR;4106902;177;193;2014;
PR;4106902;177;201;2014;POINT(-49.2860389 -25.4447491)
PR;4106902;177;204;2014;POINT(-49.2860389 -25.4447491)
PR;4106902;177;209;2014;POINT(-49.2853708 -25.4390732)
PR;4106902;177;212;2014;POINT(-49.31449 -25.45057)
PR;4106902;177;213;2014;POINT(-49.31449 -25.45057)
PR;4106902;177;220;2014;POINT(-49.2966205 -25.4470337)
PR;4106902;177;223;2014;POINT(-49.2966205 -25.4470337)
PR;4106902;177;224;2014;POINT(-49.2966205 -25.4470337)
PR;4106902;177;231;2014;POINT(-49.2906814 -25.4497758)
PR;4106902;177;239;2014;POINT(-49.3104921 -25.4523612)
PR;4106902;177;24;2014;POINT(-49.29583 -25.44574)
PR;4106902;177;265;2014;POINT(-49.2681076 -25.4547543)
PR;4106902;177;267;2014;POINT(-49.269632 -25.4391353)
PR;4106902;177;272;2014;POINT(-49.3468519 -25.4194396)
PR;4106902;177;277;2014;
PR;4106902;177;287;2014;POINT(-49.29583 -25.44574)
PR;4106902;177;311;2014;POINT(-49.3550246 -25.4218483)
PR;4106902;177;318;2014;POINT(-49.29226 -25.43924)
PR;4106902;177;319;2014;POINT(-49.3436443 -25.4280576)
PR;4106902;177;320;2014;POINT(-49.2786181 -25.4624111)
PR;4106902;177;330;2014;POINT(-49.2655397 -25.4496903)
PR;4106902;177;34;2014;POINT(-49.305231 -25.438827)
PR;4106902;177;369;2014;POINT(-49.29755 -25.44752)
PR;4106902;177;373;2014;POINT(-49.2830736 -25.4633836)
PR;4106902;177;381;2014;POINT(-49.3057665 -25.435366)
PR;4106902;177;389;2014;POINT(-49.29755 -25.44752)
PR;4106902;177;391;2014;
PR;4106902;177;392;2014;
PR;4106902;177;4;2014;POINT(-49.2836206 -25.4367648)
PR;4106902;177;8;2014;POINT(-49.3057665 -25.435366)
PR;4106902;177;84;2014;POINT(-49.355816 -25.421093)
PR;4106902;177;85;2014;POINT(-49.355816 -25.421093)
PR;4106902;178;1;2014;POINT(-49.273819 -25.4331939)
PR;4106902;178;108;2014;POINT(-49.33089 -25.40207)
PR;4106902;178;111;2014;POINT(-49.31855 -25.39747)
PR;4106902;178;116;2014;POINT(-49.31855 -25.39747)
PR;4106902;178;130;2014;POINT(-49.3341387 -25.3809703)
PR;4106902;178;131;2014;POINT(-49.3341387 -25.3809703)
PR;4106902;178;134;2014;POINT(-49.3475269 -25.3950552)
PR;4106902;178;135;2014;POINT(-49.3475269 -25.3950552)
PR;4106902;178;14;2014;POINT(-49.273021 -25.4293724)
PR;4106902;178;155;2014;POINT(-49.2671314 -25.4231326)
PR;4106902;178;163;2014;POINT(-49.2694 -25.42525)
PR;4106902;178;176;2014;POINT(-49.26028 -25.4288019)
PR;4106902;178;195;2014;POINT(-49.2666063 -25.432256)
PR;4106902;178;228;2014;POINT(-49.2752321 -25.4351531)
PR;4106902;178;234;2014;POINT(-49.273819 -25.4331939)
PR;4106902;178;236;2014;POINT(-49.273819 -25.4331939)
PR;4106902;178;238;2014;POINT(-49.273819 -25.4331939)
PR;4106902;178;292;2014;POINT(-49.2752321 -25.4351531)
PR;4106902;178;295;2014;POINT(-49.26028 -25.4288019)
PR;4106902;178;296;2014;POINT(-49.3341387 -25.3809703)
PR;4106902;178;3;2014;POINT(-49.273819 -25.4331939)
PR;4106902;178;307;2014;POINT(-49.2790404 -25.435741)
PR;4106902;178;308;2014;POINT(-49.2677116 -25.4291044)
PR;4106902;178;350;2014;POINT(-49.2671314 -25.4231326)
PR;4106902;178;5;2014;POINT(-49.273819 -25.4331939)
PR;4106902;178;69;2014;POINT(-49.2941563 -25.4284846)
PR;4106902;178;93;2014;POINT(-49.2963915 -25.4175777)
PR;4106902;2;129;2014;POINT(-49.19664 -25.39744)
PR;4106902;2;204;2014;POINT(-49.23888 -25.47663)
PR;4106902;2;261;2014;POINT(-49.2491016 -25.4106033)
PR;4106902;2;267;2014;POINT(-49.2491016 -25.4106033)
PR;4106902;2;275;2014;POINT(-49.2595286 -25.4243117)
PR;4106902;2;277;2014;POINT(-49.23046 -25.41948)
PR;4106902;2;291;2014;POINT(-49.2523913 -25.4140843)
PR;4106902;2;293;2014;POINT(-49.2491016 -25.4106033)
PR;4106902;2;300;2014;POINT(-49.241678 -25.373525)
PR;4106902;2;306;2014;POINT(-49.2242298 -25.3742506)
PR;4106902;2;309;2014;POINT(-49.2242298 -25.3742506)
PR;4106902;2;311;2014;POINT(-49.2242298 -25.3742506)
PR;4106902;2;319;2014;POINT(-49.2242298 -25.3742506)
PR;4106902;2;366;2014;POINT(-49.2595286 -25.4243117)
PR;4106902;2;381;2014;POINT(-49.19664 -25.39744)
PR;4106902;2;389;2014;POINT(-49.2037 -25.42486)
PR;4106902;2;402;2014;POINT(-49.261329 -25.41245)
PR;4106902;2;422;2014;POINT(-49.2200878 -25.3921445)
PR;4106902;2;424;2014;POINT(-49.21726 -25.39661)
PR;4106902;2;432;2014;POINT(-49.2060421 -25.4144442)
PR;4106902;2;435;2014;POINT(-49.2318129 -25.4127713)
PR;4106902;2;436;2014;POINT(-49.2242298 -25.3742506)
PR;4106902;2;437;2014;POINT(-49.24451 -25.40109)
PR;4106902;2;465;2014;POINT(-49.2200878 -25.3921445)
PR;4106902;2;474;2014;POINT(-49.21726 -25.39661)
PR;4106902;2;481;2014;POINT(-49.2308586 -25.3766974)
PR;4106902;2;485;2014;POINT(-49.2243177 -25.3904192)
PR;4106902;2;487;2014;POINT(-49.20368 -25.394645)
PR;4106902;2;501;2014;POINT(-49.2523913 -25.4140843)
PR;4106902;2;508;2014;POINT(-49.21045 -25.36702)
PR;4106902;2;509;2014;POINT(-49.207209 -25.403648)
PR;4106902;2;514;2014;POINT(-49.20368 -25.394645)
PR;4106902;2;519;2014;POINT(-49.2037 -25.42486)
PR;4106902;2;522;2014;POINT(-49.2491016 -25.4106033)
PR;4106902;2;525;2014;POINT(-49.247677 -25.4058436)
PR;4106902;2;531;2014;POINT(-49.2510016 -25.4147539)
PR;4106902;2;536;2014;POINT(-49.2222692 -25.3743)
PR;4106902;2;538;2014;POINT(-49.2308586 -25.3766974)
PR;4106902;2;542;2014;POINT(-49.2510016 -25.4147539)
PR;4106902;2;547;2014;POINT(-49.2308586 -25.3766974)
PR;4106902;2;551;2014;POINT(-49.2510016 -25.4147539)
PR;4106902;2;553;2014;POINT(-49.2037 -25.42486)
PR;4106902;2;560;2014;POINT(-49.2011 -25.38443)
PR;4106902;2;567;2014;POINT(-49.21045 -25.36702)
PR;4106902;2;57;2014;POINT(-49.2011 -25.38443)
PR;4106902;2;59;2014;POINT(-49.2011 -25.38443)
PR;4106902;2;60;2014;POINT(-49.2011 -25.38443)
PR;4106902;2;66;2014;POINT(-49.24451 -25.40109)
PR;4106902;2;71;2014;POINT(-49.24451 -25.40109)
PR;4106902;2;83;2014;POINT(-49.21726 -25.39661)
PR;4106902;2;91;2014;POINT(-49.2379722 -25.3967237)
PR;4106902;2;93;2014;POINT(-49.2379722 -25.3967237)
PR;4106902;2;97;2014;POINT(-49.2379722 -25.3967237)
PR;4106902;3;109;2014;POINT(-49.2048528 -25.4648614)
PR;4106902;3;115;2014;POINT(-49.2048528 -25.4648614)
PR;4106902;3;120;2014;POINT(-49.24934 -25.44072)
PR;4106902;3;129;2014;POINT(-49.24934 -25.44072)
PR;4106902;3;139;2014;POINT(-49.2190492 -25.434159)
PR;4106902;3;142;2014;POINT(-49.2190492 -25.434159)
PR;4106902;3;165;2014;
PR;4106902;3;169;2014;
PR;4106902;3;212;2014;POINT(-49.2460047 -25.4342342)
PR;4106902;3;218;2014;
PR;4106902;3;268;2014;POINT(-49.2287596 -25.4563821)
PR;4106902;3;272;2014;POINT(-49.2287596 -25.4563821)
PR;4106902;3;297;2014;
PR;4106902;3;315;2014;POINT(-49.239771 -25.4781578)
PR;4106902;3;318;2014;POINT(-49.239771 -25.4781578)
PR;4106902;3;326;2014;POINT(-49.2274934 -25.4720809)
PR;4106902;3;337;2014;POINT(-49.22975 -25.47573)
PR;4106902;3;339;2014;POINT(-49.2271 -25.48205)
PR;4106902;3;340;2014;POINT(-49.2271 -25.48205)
PR;4106902;3;347;2014;POINT(-49.2271 -25.48205)
PR;4106902;3;357;2014;POINT(-49.2147135 -25.4517873)
PR;4106902;3;372;2014;POINT(-49.218163 -25.450697)
PR;4106902;3;379;2014;POINT(-49.2230619 -25.4744174)
PR;4106902;3;398;2014;POINT(-49.2024886 -25.4699211)
PR;4106902;3;426;2014;POINT(-49.2024886 -25.4699211)
PR;4106902;3;434;2014;POINT(-49.2460047 -25.4342342)
PR;4106902;3;443;2014;POINT(-49.2024886 -25.4699211)
PR;4106902;3;455;2014;POINT(-49.21581 -25.448286)
PR;4106902;3;462;2014;POINT(-49.2460047 -25.4342342)
PR;4106902;3;466;2014;POINT(-49.20973 -25.45487)
PR;4106902;3;472;2014;POINT(-49.2024886 -25.4699211)
PR;4106902;3;480;2014;POINT(-49.2360544 -25.4568269)
PR;4106902;3;507;2014;POINT(-49.214703 -25.462207)
PR;4106902;3;51;2014;POINT(-49.203019 -25.479242)
PR;4106902;3;518;2014;POINT(-49.2039442 -25.4709507)
PR;4106902;3;521;2014;POINT(-49.2077934 -25.49268)
PR;4106902;3;522;2014;POINT(-49.2057807 -25.4555083)
PR;4106902;3;531;2014;POINT(-49.2024886 -25.4699211)
PR;4106902;3;540;2014;POINT(-49.2460047 -25.4342342)
PR;4106902;3;546;2014;POINT(-49.2023576 -25.4890365)
PR;4106902;3;547;2014;POINT(-49.2360544 -25.4568269)
PR;4106902;3;566;2014;POINT(-49.2077934 -25.49268)
PR;4106902;3;579;2014;POINT(-49.2360544 -25.4568269)
PR;4106902;3;580;2014;
PR;4106902;3;583;2014;POINT(-49.196085 -25.4748516)
PR;4106902;3;598;2014;
PR;4106902;3;599;2014;POINT(-49.20471 -25.4416355)
PR;4106902;3;608;2014;POINT(-49.2057807 -25.4555083)
PR;4106902;3;610;2014;POINT(-49.1920514 -25.4709788)
PR;4106902;3;612;2014;POINT(-49.2299948 -25.4496345)
PR;4106902;3;624;2014;POINT(-49.218163 -25.450697)
PR;4106902;3;627;2014;POINT(-49.1920514 -25.4709788)
PR;4106902;3;628;2014;POINT(-49.20471 -25.4416355)
PR;4106902;3;642;2014;POINT(-49.218163 -25.450697)
PR;4106902;3;648;2014;POINT(-49.2460047 -25.4342342)
PR;4106902;3;649;2014;POINT(-49.2023576 -25.4890365)
PR;4106902;3;66;2014;POINT(-49.22008 -25.45518)
PR;4106902;3;662;2014;
PR;4106902;3;668;2014;POINT(-49.2083183 -25.4952577)
PR;4106902;3;68;2014;POINT(-49.2039442 -25.4709507)
PR;4106902;3;72;2014;POINT(-49.2039442 -25.4709507)
PR;4106902;3;76;2014;POINT(-49.2147135 -25.4517873)
PR;4106902;3;84;2014;POINT(-49.218163 -25.450697)
PR;4106902;4;180;2014;POINT(-49.29865 -25.46208)
PR;4106902;4;201;2014;POINT(-49.30754008 -25.45986603)
PR;4106902;4;202;2014;POINT(-49.30754008 -25.45986603)
PR;4106902;4;204;2014;POINT(-49.30754008 -25.45986603)
PR;4106902;4;225;2014;POINT(-49.2945606 -25.475402)
PR;4106902;4;231;2014;POINT(-49.2945606 -25.475402)
PR;4106902;4;237;2014;POINT(-49.29367228 -25.46728319)
PR;4106902;4;240;2014;POINT(-49.29367228 -25.46728319)
PR;4106902;4;258;2014;POINT(-49.2945606 -25.475402)
PR;4106902;4;261;2014;POINT(-49.2945606 -25.475402)
PR;4106902;4;262;2014;POINT(-49.2945606 -25.475402)
PR;4106902;4;265;2014;POINT(-49.3111756 -25.4744881)
PR;4106902;4;308;2014;POINT(-49.33656904 -25.47952899)
PR;4106902;4;310;2014;POINT(-49.33656904 -25.47952899)
PR;4106902;4;314;2014;POINT(-49.33656904 -25.47952899)
PR;4106902;4;337;2014;POINT(-49.348595 -25.446704)
PR;4106902;4;374;2014;POINT(-49.3025632 -25.4766986)
PR;4106902;4;401;2014;POINT(-49.35072 -25.436194)
PR;4106902;4;409;2014;POINT(-49.35478 -25.43403)
PR;4106902;4;417;2014;POINT(-49.348595 -25.446704)
PR;4106902;4;421;2014;POINT(-49.34995833 -25.48565667)
PR;4106902;4;424;2014;POINT(-49.3165581 -25.4729325)
PR;4106902;4;437;2014;POINT(-49.3393963 -25.4742601)
PR;4106902;4;453;2014;POINT(-49.2992748 -25.4790794)
PR;4106902;4;454;2014;POINT(-49.34727388 -25.47271511)
PR;4106902;4;461;2014;POINT(-49.29367228 -25.46728319)
PR;4106902;4;465;2014;POINT(-49.344883 -25.459897)
PR;4106902;4;479;2014;POINT(-49.3165581 -25.4729325)
PR;4106902;4;484;2014;POINT(-49.294511 -25.4659575)
PR;4106902;4;487;2014;POINT(-49.29888 -25.45973)
PR;4106902;4;494;2014;POINT(-49.3165581 -25.4729325)
PR;4106902;4;510;2014;POINT(-49.34727388 -25.47271511)
PR;4106902;4;514;2014;POINT(-49.29888 -25.45973)
PR;4106902;4;515;2014;POINT(-49.3165581 -25.4729325)
PR;4106902;4;517;2014;POINT(-49.35478 -25.43403)
PR;4106902;4;523;2014;POINT(-49.34910458 -25.45726652)
PR;4106902;4;528;2014;POINT(-49.3120983 -25.4631808)
PR;4106902;4;535;2014;POINT(-49.34727388 -25.47271511)
PR;4106902;4;540;2014;POINT(-49.3573419 -25.4465464)
PR;4106902;4;559;2014;POINT(-49.29888 -25.45973)
PR;4106902;4;566;2014;POINT(-49.3120983 -25.4631808)
PR;4106902;4;578;2014;POINT(-49.344883 -25.459897)
PR;4106902;4;579;2014;POINT(-49.3272025 -25.4667143)
PR;4106902;4;583;2014;POINT(-49.3452188 -25.4445679)
PR;4106902;4;609;2014;POINT(-49.3025632 -25.4766986)
PR;4106902;4;624;2014;POINT(-49.34910458 -25.45726652)
PR;4107009;119;6;2014;POINT(-50.4568786 -24.0376053)
PR;4107108;96;16;2014;POINT(-52.8587133 -22.6572611)
PR;4107108;96;17;2014;POINT(-52.8587133 -22.6572611)
PR;4107108;96;2;2014;POINT(-52.8587133 -22.6572611)
PR;4107108;96;75;2014;POINT(-52.8587133 -22.6572611)
PR;4107108;96;8;2014;POINT(-52.8587133 -22.6572611)
PR;4107124;112;54;2014;
PR;4107157;129;100;2014;POINT(-54.1016101 -24.9423336)
PR;4107157;129;102;2014;POINT(-54.1016101 -24.9423336)
PR;4107157;129;105;2014;POINT(-54.1016101 -24.9423336)
PR;4107157;129;106;2014;POINT(-54.1016101 -24.9423336)
PR;4107207;115;102;2014;POINT(-53.06589275 -25.75174993)
PR;4107207;115;109;2014;POINT(-53.05547 -25.74874667)
PR;4107207;115;12;2014;POINT(-53.05547 -25.74874667)
PR;4107207;115;18;2014;POINT(-53.06094 -25.75951667)
PR;4107207;115;190;2014;POINT(-53.06589275 -25.75174993)
PR;4107207;115;5;2014;POINT(-53.05716171 -25.73936301)
PR;4107207;115;65;2014;POINT(-53.19431256 -25.72298289)
PR;4107207;115;83;2014;
PR;4107207;115;9;2014;POINT(-53.05547 -25.74874667)
PR;4107256;142;57;2014;POINT(-53.2974838 -23.3814084)
PR;4107256;142;67;2014;
PR;4107306;193;102;2014;POINT(-52.21491 -23.55587)
PR;4107306;193;81;2014;POINT(-52.21491 -23.55587)
PR;4107306;193;82;2014;POINT(-52.21491 -23.55587)
PR;4107306;193;85;2014;POINT(-52.21491 -23.55587)
PR;4107405;69;304;2014;POINT(-53.1635174 -25.9440259)
PR;4107405;69;305;2014;POINT(-53.1635174 -25.9440259)
PR;4107504;116;21;2014;
PR;4107504;116;22;2014;
PR;4107504;116;24;2014;
PR;4107504;116;25;2014;
PR;4107504;116;9;2014;
PR;4107538;121;102;2014;
PR;4107546;163;57;2014;POINT(-52.83627 -25.42508)
PR;4107603;110;39;2014;POINT(-51.32869 -23.99826)
PR;4107603;110;51;2014;POINT(-51.3212447 -24.0005793)
PR;4107603;110;64;2014;
PR;4107603;110;93;2014;POINT(-51.3212447 -24.0005793)
PR;4107652;144;107;2014;POINT(-49.303805 -25.66637441)
PR;4107652;144;111;2014;POINT(-49.3018807 -25.6595773)
PR;4107652;144;143;2014;POINT(-49.3016876 -25.647807)
PR;4107652;144;144;2014;POINT(-49.32850835 -25.6411538)
PR;4107652;144;159;2014;POINT(-49.3085343 -25.6522264)
PR;4107652;144;164;2014;POINT(-49.31809533 -25.64582083)
PR;4107652;144;170;2014;POINT(-49.3018807 -25.6595773)
PR;4107652;144;175;2014;POINT(-49.3085343 -25.6522264)
PR;4107652;144;181;2014;POINT(-49.31809533 -25.64582083)
PR;4107652;144;182;2014;POINT(-49.3267906 -25.6594069)
PR;4107652;144;186;2014;POINT(-49.3018807 -25.6595773)
PR;4107652;144;212;2014;POINT(-49.32667231 -25.64318189)
PR;4107652;144;229;2014;POINT(-49.30632173 -25.6445911)
PR;4107652;144;234;2014;POINT(-49.30544857 -25.65944291)
PR;4107652;144;25;2014;POINT(-49.3085343 -25.6522264)
PR;4107652;144;251;2014;POINT(-49.29123572 -25.66602228)
PR;4107652;144;26;2014;POINT(-49.3085343 -25.6522264)
PR;4107652;144;279;2014;POINT(-49.30544857 -25.65944291)
PR;4107652;144;283;2014;POINT(-49.303805 -25.66637441)
PR;4107652;144;296;2014;POINT(-49.3033641 -25.6747352)
PR;4107652;144;319;2014;POINT(-49.30544857 -25.65944291)
PR;4107702;116;31;2014;POINT(-51.97628 -23.9143)
PR;4107702;116;33;2014;POINT(-51.97628 -23.9143)
PR;4107702;116;40;2014;
PR;4107702;116;60;2014;
PR;4107736;53;36;2014;
PR;4107751;119;39;2014;POINT(-50.4005904 -23.8504884)
PR;4107751;119;47;2014;POINT(-50.4003939 -23.8505096)
PR;4107751;119;50;2014;POINT(-50.4128241 -23.8511408)
PR;4107751;119;55;2014;POINT(-50.4128241 -23.8511408)
PR;4107801;71;13;2014;POINT(-52.3021773 -23.3217258)
PR;4107801;71;16;2014;POINT(-52.3021773 -23.3217258)
PR;4107801;71;17;2014;POINT(-52.2996176 -23.3218666)
PR;4107900;192;100;2014;POINT(-52.082845 -23.6167003)
PR;4108007;65;21;2014;POINT(-51.39043 -22.87272)
PR;4108007;65;78;2014;POINT(-51.39283 -22.86711)
PR;4108007;65;9;2014;POINT(-51.3922117 -22.8605684)
PR;4108106;150;111;2014;POINT(-51.9509777 -23.08373048)
PR;4108106;150;112;2014;POINT(-51.9509777 -23.08373048)
PR;4108205;120;126;2014;POINT(-53.3153869 -24.2960643)
PR;4108205;120;13;2014;POINT(-53.3199618 -24.2990975)
PR;4108205;120;2;2014;POINT(-53.3153869 -24.2960643)
PR;4108304;147;110;2014;
PR;4108304;147;113;2014;
PR;4108304;147;17;2014;POINT(-54.5900058 -25.5230217)
PR;4108304;147;173;2014;
PR;4108304;147;200;2014;POINT(-54.5879824 -25.5254778)
PR;4108304;147;222;2014;
PR;4108304;147;225;2014;POINT(-54.55152 -25.49503)
PR;4108304;147;228;2014;POINT(-54.5773514 -25.4833903)
PR;4108304;147;254;2014;POINT(-54.5754628 -25.51494)
PR;4108304;147;268;2014;POINT(-54.55511 -25.46365)
PR;4108304;147;269;2014;POINT(-54.56101 -25.48222)
PR;4108304;147;4;2014;POINT(-54.5900058 -25.5230217)
PR;4108304;147;48;2014;POINT(-54.57502 -25.49901)
PR;4108304;147;63;2014;POINT(-54.57502 -25.49901)
PR;4108304;147;64;2014;POINT(-54.57502 -25.49901)
PR;4108304;147;67;2014;POINT(-54.57502 -25.49901)
PR;4108304;147;90;2014;POINT(-54.58622 -25.46918)
PR;4108304;147;94;2014;POINT(-54.58622 -25.46918)
PR;4108304;204;10;2014;POINT(-54.55715 -25.53321)
PR;4108304;204;103;2014;POINT(-54.5579988 -25.5403555)
PR;4108304;204;11;2014;POINT(-54.55715 -25.53321)
PR;4108304;204;117;2014;POINT(-54.53884 -25.5202)
PR;4108304;204;120;2014;POINT(-54.53884 -25.5202)
PR;4108304;204;125;2014;POINT(-54.53884 -25.5202)
PR;4108304;204;132;2014;POINT(-54.55089 -25.532768)
PR;4108304;204;134;2014;POINT(-54.534475 -25.533543)
PR;4108304;204;139;2014;POINT(-54.5371288 -25.5854003)
PR;4108304;204;145;2014;POINT(-54.56224 -25.53321)
PR;4108304;204;30;2014;POINT(-54.5336626 -25.5251831)
PR;4108304;204;34;2014;
PR;4108304;204;38;2014;
PR;4108304;204;39;2014;
PR;4108304;204;45;2014;
PR;4108304;204;59;2014;POINT(-54.53525 -25.53354)
PR;4108304;204;63;2014;POINT(-54.55688 -25.52391)
PR;4108304;204;8;2014;POINT(-54.55715 -25.53321)
PR;4108304;204;98;2014;POINT(-54.534475 -25.533543)
PR;4108304;205;107;2014;POINT(-54.53143 -25.51502)
PR;4108304;205;110;2014;POINT(-54.5434686 -25.5144857)
PR;4108304;205;114;2014;POINT(-54.5106357 -25.4875515)
PR;4108304;205;127;2014;POINT(-54.53465 -25.49061)
PR;4108304;205;13;2014;POINT(-54.50579 -25.48503)
PR;4108304;205;132;2014;
PR;4108304;205;138;2014;POINT(-54.5462537 -25.5275171)
PR;4108304;205;139;2014;POINT(-54.5391674 -25.5075845)
PR;4108304;205;140;2014;POINT(-54.5639484 -25.5167192)
PR;4108304;205;154;2014;POINT(-54.5309233 -25.5148034)
PR;4108304;205;155;2014;POINT(-54.5447 -25.5027)
PR;4108304;205;169;2014;POINT(-54.53465 -25.49061)
PR;4108304;205;170;2014;POINT(-54.5543517 -25.517606)
PR;4108304;205;171;2014;POINT(-54.4948 -25.4744)
PR;4108304;205;2;2014;POINT(-54.5743242 -25.5253103)
PR;4108304;205;9;2014;POINT(-54.5743242 -25.5253103)
PR;4108304;205;91;2014;POINT(-54.51858 -25.48403)
PR;4108304;46;113;2014;POINT(-54.58486 -25.54683)
PR;4108304;46;158;2014;POINT(-54.5905919 -25.5411652)
PR;4108304;46;16;2014;POINT(-54.572388 -25.5535102)
PR;4108304;46;197;2014;POINT(-54.5714557 -25.5366044)
PR;4108304;46;216;2014;POINT(-54.5736539 -25.5767606)
PR;4108304;46;224;2014;POINT(-54.57321 -25.5561839)
PR;4108304;46;226;2014;POINT(-54.58384 -25.5788)
PR;4108304;46;247;2014;POINT(-54.5736539 -25.5767606)
PR;4108304;46;248;2014;POINT(-54.58486 -25.54683)
PR;4108304;46;250;2014;POINT(-54.5673123 -25.5655266)
PR;4108304;46;254;2014;POINT(-54.58222 -25.56717)
PR;4108304;46;36;2014;POINT(-54.5843343 -25.5463378)
PR;4108304;46;47;2014;POINT(-54.5790338 -25.5418998)
PR;4108304;46;48;2014;POINT(-54.5790338 -25.5418998)
PR;4108304;46;60;2014;POINT(-54.57417 -25.5706)
PR;4108304;46;62;2014;POINT(-54.57417 -25.5706)
PR;4108304;46;79;2014;
PR;4108304;46;80;2014;
PR;4108320;97;72;2014;POINT(-53.84897 -24.06715)
PR;4108320;97;75;2014;POINT(-53.84897 -24.06715)
PR;4108320;97;82;2014;
PR;4108403;69;146;2014;POINT(-53.064209 -26.078829)
PR;4108403;69;148;2014;POINT(-53.0442228 -26.0872395)
PR;4108403;69;152;2014;
PR;4108403;69;198;2014;
PR;4108403;69;205;2014;
PR;4108403;69;213;2014;
PR;4108403;69;227;2014;
PR;4108403;69;257;2014;
PR;4108403;69;266;2014;POINT(-53.0438 -26.0689)
PR;4108403;69;270;2014;
PR;4108403;69;272;2014;
PR;4108403;69;278;2014;POINT(-53.0438 -26.0689)
PR;4108403;69;288;2014;POINT(-53.05323 -26.04075)
PR;4108403;69;32;2014;POINT(-53.03937 -26.07366)
PR;4108403;69;42;2014;POINT(-53.0442228 -26.0872395)
PR;4108502;153;150;2014;
PR;4108502;153;164;2014;
PR;4108502;153;62;2014;
PR;4108502;153;64;2014;
PR;4108502;153;75;2014;POINT(-51.2839533 -26.3133296)
PR;4108502;153;78;2014;POINT(-51.4260306 -26.4796387)
PR;4108502;153;81;2014;
PR;4108502;153;85;2014;
PR;4108551;132;48;2014;POINT(-51.92176 -24.1921)
PR;4108601;92;12;2014;POINT(-53.03784 -24.18276)
PR;4108601;92;15;2014;POINT(-53.03784 -24.18276)
PR;4108601;92;23;2014;POINT(-53.0256189 -24.1932114)
PR;4108601;92;7;2014;POINT(-53.02463 -24.1881)
PR;4108601;92;8;2014;POINT(-53.02463 -24.1881)
PR;4108601;92;81;2014;
PR;4108650;203;144;2014;
PR;4108650;203;145;2014;
PR;4108650;203;196;2014;
PR;4108700;136;14;2014;
PR;4108700;136;53;2014;
PR;4108809;90;10;2014;POINT(-54.2569847 -24.0849951)
PR;4108809;90;15;2014;POINT(-54.25583163 -24.08472247)
PR;4108809;90;23;2014;POINT(-54.248476 -24.0866113)
PR;4108809;90;27;2014;POINT(-54.248476 -24.0866113)
PR;4108809;90;30;2014;POINT(-54.2475391 -24.0825379)
PR;4108809;90;33;2014;POINT(-54.2475391 -24.0825379)
PR;4108809;90;43;2014;POINT(-54.26591776 -24.08752745)
PR;4108809;90;55;2014;POINT(-54.2475391 -24.0825379)
PR;4108809;90;68;2014;POINT(-54.26687758 -24.2531061)
PR;4108809;90;74;2014;POINT(-54.23844148 -24.07810696)
PR;4108809;90;91;2014;POINT(-54.2041784 -24.0878072)
PR;4108809;90;94;2014;POINT(-54.25978807 -24.09458352)
PR;4108809;90;96;2014;POINT(-54.2041784 -24.0878072)
PR;4108809;90;99;2014;POINT(-54.2041784 -24.0878072)
PR;4108957;29;104;2014;
PR;4108957;29;109;2014;POINT(-50.809555 -25.19232)
PR;4108957;29;17;2014;
PR;4109005;55;1;2014;POINT(-50.04396 -23.51615)
PR;4109005;55;5;2014;POINT(-50.04396 -23.51615)
PR;4109005;55;9;2014;POINT(-50.04396 -23.51615)
PR;4109104;127;21;2014;POINT(-52.77947 -23.34185)
PR;4109203;64;11;2014;POINT(-51.6483217 -22.9745019)
PR;4109203;64;3;2014;POINT(-51.6483217 -22.9745019)
PR;4109203;64;5;2014;POINT(-51.6503843 -22.9731094)
PR;4109302;112;1;2014;POINT(-52.8698722 -25.1022564)
PR;4109302;112;48;2014;POINT(-52.9704534 -25.2784144)
PR;4109302;112;79;2014;
PR;4109302;112;81;2014;POINT(-52.8087132 -25.2228038)
PR;4109302;112;84;2014;
PR;4109302;112;87;2014;
PR;4109401;43;104;2014;POINT(-51.4923593 -25.4009319)
PR;4109401;43;131;2014;POINT(-51.4977666 -25.4088053)
PR;4109401;43;135;2014;POINT(-51.5191459 -25.3978932)
PR;4109401;43;15;2014;POINT(-51.4555291 -25.3850224)
PR;4109401;43;190;2014;POINT(-51.4701629 -25.3926114)
PR;4109401;43;2;2014;POINT(-51.4555291 -25.3850224)
PR;4109401;43;214;2014;POINT(-51.4697663 -25.4061597)
PR;4109401;43;22;2014;POINT(-51.45459 -25.40005)
PR;4109401;43;223;2014;POINT(-51.46231 -25.43383)
PR;4109401;43;225;2014;POINT(-51.4847196 -25.3747264)
PR;4109401;43;228;2014;POINT(-51.4847196 -25.3747264)
PR;4109401;43;233;2014;POINT(-51.4847196 -25.3747264)
PR;4109401;43;236;2014;POINT(-51.4847196 -25.3747264)
PR;4109401;43;237;2014;POINT(-51.4841646 -25.3859602)
PR;4109401;43;245;2014;POINT(-51.4783508 -25.3896772)
PR;4109401;43;248;2014;POINT(-51.4783508 -25.3896772)
PR;4109401;43;265;2014;POINT(-51.4988459 -25.3560187)
PR;4109401;43;275;2014;POINT(-51.4823777 -25.3769863)
PR;4109401;43;279;2014;POINT(-51.4771107 -25.3562654)
PR;4109401;43;299;2014;POINT(-51.4871422 -25.4120869)
PR;4109401;43;305;2014;POINT(-51.4949765 -25.3535446)
PR;4109401;43;31;2014;POINT(-51.45116 -25.3795493)
PR;4109401;43;310;2014;POINT(-51.4909991 -25.3518564)
PR;4109401;43;327;2014;POINT(-51.4949765 -25.3535446)
PR;4109401;43;44;2014;POINT(-51.4704456 -25.3963545)
PR;4109401;43;68;2014;POINT(-51.46894 -25.399)
PR;4109401;43;79;2014;POINT(-51.4697663 -25.4061597)
PR;4109401;43;8;2014;POINT(-51.4701629 -25.3926114)
PR;4109401;43;88;2014;POINT(-51.46231 -25.43383)
PR;4109401;43;99;2014;POINT(-51.4537458 -25.3825802)
PR;4109401;44;195;2014;
PR;4109401;44;249;2014;POINT(-51.4698238 -25.3725693)
PR;4109401;44;254;2014;POINT(-51.4698238 -25.3725693)
PR;4109401;44;261;2014;POINT(-51.44862882 -25.39422858)
PR;4109401;44;264;2014;POINT(-51.44862882 -25.39422858)
PR;4109401;44;265;2014;POINT(-51.44862882 -25.39422858)
PR;4109401;44;276;2014;POINT(-51.44630438 -25.38452247)
PR;4109401;44;3;2014;
PR;4109401;44;312;2014;POINT(-51.459437 -25.364554)
PR;4109401;44;323;2014;
PR;4109401;44;337;2014;POINT(-51.44204666 -25.3923831)
PR;4109401;44;338;2014;
PR;4109401;44;345;2014;POINT(-51.459437 -25.364554)
PR;4109401;44;351;2014;POINT(-51.4450983 -25.3820298)
PR;4109401;44;46;2014;
PR;4109401;44;64;2014;
PR;4109500;6;46;2014;
PR;4109500;6;72;2014;
PR;4109500;6;76;2014;POINT(-48.3285845 -25.2992564)
PR;4109609;161;111;2014;POINT(-48.583621 -25.884705)
PR;4109609;161;119;2014;POINT(-48.583621 -25.884705)
PR;4109609;161;2;2014;POINT(-48.58421938 -25.88452642)
PR;4109609;161;27;2014;POINT(-48.88338259 -25.97795925)
PR;4109609;161;28;2014;POINT(-48.88338259 -25.97795925)
PR;4109609;161;52;2014;POINT(-48.58421938 -25.88452642)
PR;4109609;161;88;2014;POINT(-48.5711492 -25.87418834)
PR;4109609;161;99;2014;POINT(-48.58421938 -25.88452642)
PR;4109658;168;38;2014;POINT(-52.40133 -26.23826)
PR;4109708;79;11;2014;POINT(-50.18993009 -23.85047814)
PR;4109708;79;22;2014;POINT(-50.19071372 -23.84957639)
PR;4109708;79;24;2014;POINT(-50.19071372 -23.84957639)
PR;4109708;79;40;2014;
PR;4109708;79;44;2014;POINT(-50.25534936 -23.91288551)
PR;4109708;79;76;2014;POINT(-50.1898098 -23.8556524)
PR;4109708;79;98;2014;POINT(-50.1803069 -23.8434653)
PR;4109757;166;1;2014;POINT(-53.0162426 -25.117611)
PR;4109757;166;7;2014;POINT(-53.0246726 -25.117825)
PR;4109757;166;91;2014;POINT(-53.0162426 -25.117611)
PR;4109807;80;102;2014;POINT(-51.04801 -23.27715)
PR;4109807;80;108;2014;POINT(-51.072481 -23.2799965)
PR;4109807;80;14;2014;POINT(-51.0473133 -23.2672863)
PR;4109807;80;151;2014;
PR;4109807;80;33;2014;
PR;4109807;80;47;2014;
PR;4109807;80;48;2014;
PR;4109807;80;71;2014;
PR;4109807;80;82;2014;POINT(-51.0480488 -23.262328)
PR;4109807;80;9;2014;POINT(-51.0457903 -23.2678625)
PR;4109906;172;11;2014;POINT(-53.6154893 -23.3948859)
PR;4109906;172;18;2014;POINT(-53.6154893 -23.3948859)
PR;4109906;172;29;2014;
PR;4109906;172;8;2014;POINT(-53.6154893 -23.3948859)
PR;4110003;67;56;2014;POINT(-51.826385 -23.195495)
PR;4110003;67;60;2014;POINT(-51.827307 -23.196057)
PR;4110052;126;31;2014;
PR;4110078;111;120;2014;
PR;4110078;111;222;2014;
PR;4110078;111;231;2014;POINT(-50.7636187 -24.4412539)
PR;4110102;29;112;2014;POINT(-50.604019 -25.229125)
PR;4110102;29;34;2014;POINT(-50.6030284 -25.2262264)
PR;4110102;29;50;2014;POINT(-50.6105346 -25.2297798)
PR;4110102;29;6;2014;
PR;4110102;29;83;2014;
PR;4110201;34;122;2014;POINT(-51.06182523 -25.67731873)
PR;4110201;34;128;2014;POINT(-51.26224207 -25.56590118)
PR;4110201;34;15;2014;POINT(-51.28731459 -25.77207058)
PR;4110201;34;171;2014;
PR;4110201;34;176;2014;POINT(-50.9895342 -25.67656884)
PR;4110300;91;12;2014;POINT(-52.20109768 -22.75419904)
PR;4110409;149;52;2014;POINT(-52.7028545 -23.4815206)
PR;4110508;36;31;2014;
PR;4110508;36;5;2014;POINT(-50.5868177 -25.0230146)
PR;4110607;97;1;2014;POINT(-53.714775 -24.0010205)
PR;4110607;97;22;2014;POINT(-53.7061608 -24.0012836)
PR;4110607;97;25;2014;POINT(-53.7061608 -24.0012836)
PR;4110607;97;27;2014;POINT(-53.7061608 -24.0012836)
PR;4110607;97;43;2014;POINT(-53.705228 -24.0047472)
PR;4110607;97;61;2014;POINT(-53.705228 -24.0047472)
PR;4110656;120;44;2014;POINT(-53.35935 -24.42959)
PR;4110706;34;101;2014;POINT(-50.85196137 -25.56707551)
PR;4110706;34;127;2014;
PR;4110706;34;137;2014;POINT(-50.66579807 -25.4703023)
PR;4110706;34;141;2014;POINT(-50.6540419 -25.4807478)
PR;4110706;34;150;2014;
PR;4110706;34;160;2014;POINT(-50.6539648 -25.4773295)
PR;4110706;34;161;2014;POINT(-50.6987474 -25.38761376)
PR;4110706;34;179;2014;POINT(-50.66579807 -25.4703023)
PR;4110706;34;57;2014;POINT(-50.66242735 -25.47899007)
PR;4110805;141;23;2014;POINT(-52.1025382 -24.4217071)
PR;4110805;141;32;2014;POINT(-52.1054211 -24.422542)
PR;4110805;141;51;2014;POINT(-52.0922132 -24.3927781)
PR;4110904;95;42;2014;POINT(-51.9672406 -22.6176534)
PR;4110953;122;100;2014;POINT(-54.30210312 -25.13974009)
PR;4110953;122;35;2014;POINT(-54.33930442 -25.12715097)
PR;4111001;57;37;2014;POINT(-50.40869 -23.01534)
PR;4111001;57;40;2014;POINT(-50.40869 -23.01534)
PR;4111001;57;42;2014;POINT(-50.40869 -23.01534)
PR;4111001;57;44;2014;POINT(-50.4101474 -22.9911548)
PR;4111001;57;46;2014;POINT(-50.4074809 -23.0158025)
PR;4111001;57;73;2014;POINT(-50.40869 -23.01534)
PR;4111100;81;2;2014;POINT(-51.9902 -23.65841)
PR;4111100;81;4;2014;POINT(-51.9902 -23.65841)
PR;4111209;73;242;2014;
PR;4111209;73;259;2014;POINT(-52.8200985 -25.96387)
PR;4111258;156;141;2014;POINT(-49.3507013 -25.2266597)
PR;4111258;156;144;2014;POINT(-49.35 -25.21838)
PR;4111258;156;231;2014;
PR;4111258;156;232;2014;POINT(-49.35 -25.21838)
PR;4111258;156;238;2014;POINT(-49.3329686 -25.2162077)
PR;4111258;156;245;2014;POINT(-49.3329686 -25.2162077)
PR;4111258;156;246;2014;POINT(-49.35634 -25.21988)
PR;4111308;96;24;2014;POINT(-52.8778633 -22.72856)
PR;4111407;29;146;2014;
PR;4111407;29;68;2014;
PR;4111407;29;97;2014;
PR;4111506;93;1;2014;POINT(-51.6699755 -24.237124)
PR;4111506;93;116;2014;
PR;4111506;93;2;2014;POINT(-51.6699755 -24.237124)
PR;4111506;93;35;2014;POINT(-51.6730628 -24.254429)
PR;4111506;93;49;2014;
PR;4111555;172;55;2014;POINT(-53.36713 -23.40736)
PR;4111555;172;58;2014;POINT(-53.36713 -23.40736)
PR;4111605;154;28;2014;POINT(-52.2169479 -23.6194893)
PR;4111704;19;5;2014;POINT(-50.07537 -23.74537)
PR;4111803;24;114;2014;POINT(-49.9813731 -23.1640375)
PR;4111803;24;20;2014;POINT(-49.9813731 -23.1640375)
PR;4111803;24;33;2014;POINT(-49.9757557 -23.160912)
PR;4111803;24;44;2014;POINT(-49.9625728 -23.1549502)
PR;4111803;24;50;2014;POINT(-49.9722024 -23.1617073)
PR;4111803;24;58;2014;POINT(-49.9722024 -23.1617073)
PR;4111803;24;71;2014;POINT(-49.9757557 -23.160912)
PR;4111803;24;73;2014;POINT(-49.9757557 -23.160912)
PR;4111803;24;78;2014;POINT(-49.99061 -23.1641)
PR;4111803;24;80;2014;POINT(-49.99061 -23.1641)
PR;4111803;24;82;2014;POINT(-49.9671701 -23.1499984)
PR;4111902;64;30;2014;POINT(-51.537197 -23.11536)
PR;4111902;64;31;2014;POINT(-51.531098 -23.108315)
PR;4111902;64;37;2014;POINT(-51.5337817 -23.1092924)
PR;4111902;64;39;2014;POINT(-51.537197 -23.11536)
PR;4112009;18;102;2014;POINT(-49.7307847 -24.2769785)
PR;4112009;18;51;2014;POINT(-49.71088 -24.25125)
PR;4112009;18;59;2014;POINT(-49.7188579 -24.2600727)
PR;4112009;18;67;2014;
PR;4112009;18;73;2014;
PR;4112009;18;78;2014;POINT(-49.7107222 -24.2500638)
PR;4112009;18;79;2014;POINT(-49.7188579 -24.2600727)
PR;4112009;18;80;2014;
PR;4112009;18;86;2014;POINT(-49.7188579 -24.2600727)
PR;4112009;18;94;2014;
PR;4112108;70;111;2014;
PR;4112108;70;16;2014;POINT(-51.644094 -23.601915)
PR;4112108;70;25;2014;POINT(-51.6496593 -23.5971341)
PR;4112108;70;33;2014;POINT(-51.6496593 -23.5971341)
PR;4112108;70;38;2014;
PR;4112108;70;42;2014;
PR;4112108;70;44;2014;
PR;4112108;70;45;2014;
PR;4112108;70;47;2014;POINT(-51.6549 -23.59864)
PR;4112207;183;100;2014;POINT(-52.78127 -24.14448)
PR;4112207;183;115;2014;
PR;4112207;183;121;2014;POINT(-52.7723226 -24.1444123)
PR;4112504;152;13;2014;POINT(-51.68732 -24.17934)
PR;4112504;152;18;2014;
PR;4112504;152;23;2014;
PR;4112504;152;25;2014;
PR;4112504;152;31;2014;
PR;4112504;152;49;2014;
PR;4112504;152;93;2014;POINT(-51.6891842 -24.1811026)
PR;4112702;80;129;2014;POINT(-50.977051 -23.2563664)
PR;4112751;120;107;2014;POINT(-53.3824668 -24.3762931)
PR;4112751;120;110;2014;
PR;4112751;120;94;2014;POINT(-53.3824668 -24.3762931)
PR;4112751;120;95;2014;POINT(-53.3824668 -24.3762931)
PR;4112801;55;12;2014;
PR;4112801;55;14;2014;
PR;4112900;82;17;2014;POINT(-50.2467848 -23.435369)
PR;4112900;82;18;2014;POINT(-50.2467848 -23.435369)
PR;4112959;98;124;2014;
PR;4112959;98;151;2014;
PR;4113007;149;25;2014;POINT(-52.47116 -23.6197202)
PR;4113106;70;61;2014;POINT(-51.66507 -23.82332)
PR;4113106;70;66;2014;POINT(-51.670645 -23.82749)
PR;4113205;10;107;2014;
PR;4113205;10;110;2014;
PR;4113205;10;116;2014;
PR;4113205;10;118;2014;
PR;4113205;10;128;2014;POINT(-49.7203654 -25.7700432)
PR;4113205;10;260;2014;
PR;4113205;10;54;2014;POINT(-49.7203654 -25.7700432)
PR;4113205;10;57;2014;POINT(-49.7203654 -25.7700432)
PR;4113205;10;67;2014;POINT(-49.7238112 -25.7597702)
PR;4113205;10;68;2014;POINT(-49.7238112 -25.7597702)
PR;4113205;10;75;2014;POINT(-49.7137413 -25.7548129)
PR;4113205;10;76;2014;POINT(-49.7137413 -25.7548129)
PR;4113205;10;90;2014;
PR;4113254;134;27;2014;
PR;4113254;134;28;2014;
PR;4113254;134;69;2014;
PR;4113254;134;79;2014;
PR;4113254;134;90;2014;
PR;4113304;45;10;2014;
PR;4113304;45;154;2014;POINT(-52.420102 -25.408258)
PR;4113304;45;21;2014;
PR;4113304;45;211;2014;
PR;4113304;45;38;2014;POINT(-52.4154025 -25.4036202)
PR;4113304;45;48;2014;POINT(-52.4200176 -25.4025803)
PR;4113304;45;9;2014;POINT(-52.3254441 -25.4074837)
PR;4113429;152;37;2014;POINT(-51.6516789 -24.1030427)
PR;4113429;152;39;2014;POINT(-51.6516789 -24.1030427)
PR;4113452;143;198;2014;POINT(-53.5759 -25.25687)
PR;4113502;85;102;2014;POINT(-53.1273393 -22.9323041)
PR;4113502;85;112;2014;POINT(-53.1345961 -22.925979)
PR;4113502;85;18;2014;POINT(-53.1397903 -22.9336231)
PR;4113502;85;23;2014;POINT(-53.1273393 -22.9323041)
PR;4113502;85;24;2014;POINT(-53.1273393 -22.9323041)
PR;4113502;85;32;2014;POINT(-53.135275 -22.9205819)
PR;4113601;150;107;2014;POINT(-51.95034706 -23.01060599)
PR;4113700;146;122;2014;POINT(-51.088413 -23.690676)
PR;4113700;146;126;2014;POINT(-51.088413 -23.690676)
PR;4113700;146;127;2014;POINT(-51.088413 -23.690676)
PR;4113700;146;130;2014;POINT(-51.184872 -23.608885)
PR;4113700;146;131;2014;POINT(-51.184872 -23.608885)
PR;4113700;146;140;2014;POINT(-51.182725 -23.2975622)
PR;4113700;146;141;2014;POINT(-51.182725 -23.2975622)
PR;4113700;146;152;2014;
PR;4113700;146;176;2014;POINT(-51.1711514 -23.3311681)
PR;4113700;146;179;2014;
PR;4113700;146;217;2014;
PR;4113700;146;223;2014;POINT(-51.1442894 -23.305041)
PR;4113700;157;121;2014;
PR;4113700;157;124;2014;
PR;4113700;157;125;2014;
PR;4113700;157;126;2014;
PR;4113700;157;137;2014;POINT(-51.1409807 -23.2536003)
PR;4113700;157;141;2014;POINT(-51.1482566 -23.2561731)
PR;4113700;157;146;2014;POINT(-51.1482566 -23.2561731)
PR;4113700;157;148;2014;POINT(-51.175633 -23.2676084)
PR;4113700;157;185;2014;POINT(-51.1482891 -23.263009)
PR;4113700;157;202;2014;POINT(-51.1709405 -23.2578496)
PR;4113700;157;208;2014;POINT(-51.1433026 -23.2612422)
PR;4113700;157;211;2014;POINT(-51.1409807 -23.2536003)
PR;4113700;157;223;2014;POINT(-51.154971 -23.2608707)
PR;4113700;157;230;2014;POINT(-51.1709405 -23.2578496)
PR;4113700;157;283;2014;POINT(-51.1768279 -23.2650444)
PR;4113700;157;302;2014;POINT(-51.189846 -23.2525143)
PR;4113700;157;306;2014;POINT(-51.189846 -23.2525143)
PR;4113700;189;104;2014;POINT(-51.2012216 -23.2857301)
PR;4113700;189;109;2014;POINT(-51.1241033 -23.2832072)
PR;4113700;189;119;2014;POINT(-51.1402321 -23.2902711)
PR;4113700;189;24;2014;POINT(-51.19546 -23.29394)
PR;4113700;189;58;2014;
PR;4113700;189;74;2014;POINT(-51.1241033 -23.2832072)
PR;4113700;189;9;2014;POINT(-51.1824439 -23.2940342)
PR;4113700;189;92;2014;POINT(-51.17876 -23.29718)
PR;4113700;190;111;2014;POINT(-51.1438974 -23.3364494)
PR;4113700;190;116;2014;POINT(-51.1261504 -23.3825466)
PR;4113700;190;122;2014;POINT(-51.1462675 -23.3225121)
PR;4113700;190;129;2014;POINT(-51.1389459 -23.3676633)
PR;4113700;190;132;2014;POINT(-51.1455442 -23.3535282)
PR;4113700;190;144;2014;POINT(-51.1458487 -23.3607956)
PR;4113700;190;15;2014;POINT(-51.1318138 -23.3256317)
PR;4113700;190;153;2014;POINT(-51.1325222 -23.3358921)
PR;4113700;190;158;2014;POINT(-51.1284662 -23.3702195)
PR;4113700;190;175;2014;POINT(-51.1384483 -23.318543)
PR;4113700;190;201;2014;POINT(-51.1097788 -23.3242626)
PR;4113700;190;228;2014;
PR;4113700;190;33;2014;POINT(-51.1384483 -23.318543)
PR;4113700;190;34;2014;POINT(-51.1384483 -23.318543)
PR;4113700;190;45;2014;POINT(-51.1462675 -23.3225121)
PR;4113700;190;46;2014;POINT(-51.1462675 -23.3225121)
PR;4113700;190;64;2014;POINT(-51.1435745 -23.3321856)
PR;4113700;190;79;2014;POINT(-51.1458487 -23.3607956)
PR;4113700;190;83;2014;POINT(-51.1458487 -23.3607956)
PR;4113700;190;88;2014;POINT(-51.1389459 -23.3676633)
PR;4113700;191;10;2014;POINT(-51.2016784 -23.3013924)
PR;4113700;191;12;2014;POINT(-51.2016784 -23.3013924)
PR;4113700;191;121;2014;POINT(-51.22583 -23.32472)
PR;4113700;191;131;2014;POINT(-51.22583 -23.32472)
PR;4113700;191;133;2014;POINT(-51.206715 -23.3044885)
PR;4113700;191;157;2014;POINT(-51.1555886 -23.3693056)
PR;4113700;191;160;2014;POINT(-51.1555886 -23.3693056)
PR;4113700;191;170;2014;POINT(-51.1486743 -23.3652199)
PR;4113700;191;28;2014;
PR;4113700;191;31;2014;
PR;4113700;191;69;2014;POINT(-51.1775745 -23.3103514)
PR;4113700;191;80;2014;POINT(-51.18025 -23.31803)
PR;4113700;191;87;2014;POINT(-51.2268286 -23.3194543)
PR;4113700;41;106;2014;POINT(-51.1357188 -23.2952374)
PR;4113700;41;11;2014;POINT(-51.1596939 -23.3052427)
PR;4113700;41;13;2014;POINT(-51.1596939 -23.3052427)
PR;4113700;41;167;2014;POINT(-51.1363723 -23.3119866)
PR;4113700;41;179;2014;POINT(-51.1596939 -23.3052427)
PR;4113700;41;185;2014;POINT(-51.1493751 -23.299962)
PR;4113700;41;79;2014;POINT(-51.1363723 -23.3119866)
PR;4113700;41;88;2014;POINT(-51.1463494 -23.3095604)
PR;4113700;42;116;2014;POINT(-51.1524137 -23.3587687)
PR;4113700;42;174;2014;
PR;4113700;42;20;2014;POINT(-51.1634631 -23.3123023)
PR;4113700;42;219;2014;POINT(-51.1457777 -23.3405319)
PR;4113700;42;225;2014;POINT(-51.1537429 -23.3184192)
PR;4113700;42;231;2014;POINT(-51.1537429 -23.3184192)
PR;4113700;42;234;2014;
PR;4113700;42;24;2014;POINT(-51.1635853 -23.3132324)
PR;4113700;42;25;2014;POINT(-51.1635853 -23.3132324)
PR;4113700;42;50;2014;POINT(-51.1602143 -23.3206628)
PR;4113700;42;53;2014;
PR;4113734;31;142;2014;POINT(-52.27478282 -24.28614551)
PR;4113734;31;177;2014;POINT(-52.27478282 -24.28614551)
PR;4113734;31;203;2014;POINT(-52.27478282 -24.28614551)
PR;4113759;132;54;2014;POINT(-51.74251 -24.0761)
PR;4113809;159;37;2014;
PR;4113908;37;10;2014;POINT(-50.8232971 -25.8785242)
PR;4113908;37;2;2014;POINT(-50.8267724 -25.8878646)
PR;4113908;37;20;2014;POINT(-50.7614032 -25.9562634)
PR;4113908;37;3;2014;POINT(-50.8267724 -25.8878646)
PR;4113908;37;8;2014;POINT(-50.8232971 -25.8785242)
PR;4113908;37;9;2014;POINT(-50.8232971 -25.8785242)
PR;4114005;170;22;2014;POINT(-52.528475 -24.3171317)
PR;4114005;170;39;2014;POINT(-52.528475 -24.3171317)
PR;4114005;170;54;2014;
PR;4114005;170;66;2014;POINT(-52.5281652 -24.3091596)
PR;4114005;170;67;2014;POINT(-52.528475 -24.3171317)
PR;4114104;102;13;2014;POINT(-52.0955623 -23.3494599)
PR;4114104;102;19;2014;
PR;4114104;102;69;2014;POINT(-52.0955623 -23.3494599)
PR;4114104;102;7;2014;POINT(-52.0955623 -23.3494599)
PR;4114203;60;17;2014;POINT(-51.6757763 -23.524997)
PR;4114203;60;3;2014;
PR;4114203;60;37;2014;POINT(-51.67356 -23.51984)
PR;4114203;60;4;2014;
PR;4114203;60;52;2014;POINT(-51.6812215 -23.5203546)
PR;4114203;60;7;2014;
PR;4114203;60;77;2014;
PR;4114302;144;220;2014;POINT(-49.36397488 -25.86925738)
PR;4114302;144;298;2014;POINT(-49.36397488 -25.86925738)
PR;4114302;144;35;2014;POINT(-49.3461562 -25.84674617)
PR;4114302;144;53;2014;POINT(-49.43786456 -25.89808063)
PR;4114302;144;63;2014;POINT(-49.34266669 -25.81535565)
PR;4114302;144;66;2014;POINT(-49.32101929 -25.86758128)
PR;4114401;168;13;2014;POINT(-52.177207 -25.9416102)
PR;4114401;168;24;2014;
PR;4114401;168;3;2014;POINT(-52.1660232 -25.9450373)
PR;4114401;168;30;2014;
PR;4114401;168;31;2014;
PR;4114401;168;44;2014;
PR;4114401;168;69;2014;
PR;4114401;168;70;2014;POINT(-52.177207 -25.9416102)
PR;4114500;196;109;2014;POINT(-51.6622495 -24.514473)
PR;4114500;196;114;2014;POINT(-51.6622495 -24.514473)
PR;4114500;196;115;2014;POINT(-51.668372 -24.514456)
PR;4114500;196;131;2014;
PR;4114500;196;134;2014;POINT(-51.70716 -24.40075833)
PR;4114609;121;1;2014;
PR;4114609;121;128;2014;
PR;4114609;121;134;2014;
PR;4114609;121;141;2014;
PR;4114609;121;155;2014;
PR;4114609;121;192;2014;
PR;4114609;121;203;2014;POINT(-54.0563405 -24.5470506)
PR;4114609;121;25;2014;
PR;4114609;121;28;2014;
PR;4114708;142;32;2014;
PR;4114708;142;43;2014;
PR;4114708;142;70;2014;
PR;4114708;142;71;2014;POINT(-53.2067916 -23.6223039)
PR;4114807;81;157;2014;POINT(-51.7937103 -23.479018)
PR;4114807;81;158;2014;POINT(-51.7958111 -23.4828391)
PR;4114807;81;164;2014;POINT(-51.8206721 -23.4652516)
PR;4114807;81;166;2014;
PR;4114807;81;172;2014;
PR;4114807;81;29;2014;
PR;4114807;81;30;2014;
PR;4114807;81;32;2014;
PR;4114807;81;36;2014;POINT(-51.9031 -23.5853)
PR;4114807;81;37;2014;
PR;4114807;81;41;2014;POINT(-51.792515 -23.479373)
PR;4114807;81;50;2014;POINT(-51.7905794 -23.4881103)
PR;4114906;76;32;2014;
PR;4114906;76;41;2014;
PR;4115002;96;59;2014;POINT(-53.0298302 -22.7435002)
PR;4115101;86;61;2014;POINT(-53.1479966 -24.0121994)
PR;4115101;86;65;2014;POINT(-53.1479966 -24.0121994)
PR;4115101;86;68;2014;POINT(-53.1479966 -24.0121994)
PR;4115101;86;70;2014;POINT(-53.1479966 -24.0121994)
PR;4115200;137;146;2014;POINT(-51.9152 -23.39653)
PR;4115200;137;162;2014;POINT(-51.8881288 -23.4144203)
PR;4115200;137;184;2014;POINT(-51.8972516 -23.4143403)
PR;4115200;137;214;2014;POINT(-51.9108972 -23.411221)
PR;4115200;137;239;2014;POINT(-51.8983576 -23.4178242)
PR;4115200;137;244;2014;POINT(-51.9023369 -23.4131638)
PR;4115200;137;262;2014;POINT(-51.9049077 -23.3880957)
PR;4115200;137;279;2014;POINT(-51.9023369 -23.4131638)
PR;4115200;137;288;2014;
PR;4115200;137;294;2014;POINT(-51.8881288 -23.4144203)
PR;4115200;137;312;2014;POINT(-51.8983576 -23.4178242)
PR;4115200;137;313;2014;POINT(-51.89569 -23.40327)
PR;4115200;137;316;2014;POINT(-51.9049077 -23.3880957)
PR;4115200;137;318;2014;POINT(-51.9006333 -23.3810488)
PR;4115200;137;328;2014;POINT(-51.87621 -23.40879)
PR;4115200;137;80;2014;
PR;4115200;137;93;2014;POINT(-51.9127 -23.41481)
PR;4115200;137;95;2014;POINT(-51.9127 -23.41481)
PR;4115200;154;157;2014;POINT(-51.919624 -23.4614971)
PR;4115200;154;161;2014;POINT(-51.896463 -23.4396875)
PR;4115200;154;170;2014;
PR;4115200;154;194;2014;POINT(-52.0535686 -23.5255961)
PR;4115200;154;212;2014;POINT(-51.9227701 -23.4401218)
PR;4115200;154;223;2014;POINT(-51.9124096 -23.4697882)
PR;4115200;154;245;2014;POINT(-51.9227701 -23.4401218)
PR;4115200;154;247;2014;POINT(-51.9227701 -23.4401218)
PR;4115200;154;250;2014;
PR;4115200;154;261;2014;POINT(-51.9070531 -23.4548583)
PR;4115200;154;265;2014;POINT(-51.896463 -23.4396875)
PR;4115200;154;38;2014;POINT(-51.9146321 -23.4310336)
PR;4115200;154;40;2014;POINT(-51.9146321 -23.4310336)
PR;4115200;154;42;2014;POINT(-51.9146321 -23.4310336)
PR;4115200;154;47;2014;POINT(-51.90412 -23.43021)
PR;4115200;154;52;2014;POINT(-51.8967323 -23.4279468)
PR;4115200;154;54;2014;POINT(-51.8967323 -23.4279468)
PR;4115200;154;58;2014;POINT(-51.919624 -23.4614971)
PR;4115200;154;60;2014;POINT(-51.919624 -23.4614971)
PR;4115200;192;107;2014;POINT(-51.9458442 -23.3849705)
PR;4115200;192;110;2014;POINT(-51.9382703 -23.3891254)
PR;4115200;192;117;2014;POINT(-51.9320347 -23.3798585)
PR;4115200;192;122;2014;POINT(-51.9218551 -23.3940496)
PR;4115200;192;173;2014;POINT(-51.9320347 -23.3798585)
PR;4115200;192;176;2014;POINT(-51.94073 -23.38171)
PR;4115200;192;186;2014;POINT(-51.92166 -23.38134)
PR;4115200;192;197;2014;POINT(-51.9674957 -23.3944286)
PR;4115200;192;20;2014;POINT(-51.94851 -23.40894)
PR;4115200;192;203;2014;POINT(-51.9674957 -23.3944286)
PR;4115200;192;209;2014;POINT(-51.9458442 -23.3849705)
PR;4115200;192;211;2014;POINT(-51.9300293 -23.3990425)
PR;4115200;192;218;2014;POINT(-51.92166 -23.38134)
PR;4115200;192;223;2014;POINT(-51.9597526 -23.3996341)
PR;4115200;192;226;2014;POINT(-51.9250187 -23.3914219)
PR;4115200;192;230;2014;POINT(-51.94396 -23.37314)
PR;4115200;192;232;2014;POINT(-51.9575839 -23.3895774)
PR;4115200;192;249;2014;POINT(-51.9674957 -23.3944286)
PR;4115200;192;253;2014;POINT(-51.9541303 -23.414595)
PR;4115200;192;48;2014;POINT(-51.9399913 -23.404717)
PR;4115200;192;5;2014;POINT(-51.92914 -23.40536)
PR;4115200;192;51;2014;POINT(-51.9399913 -23.404717)
PR;4115200;192;52;2014;POINT(-51.9541303 -23.414595)
PR;4115200;192;78;2014;POINT(-51.94073 -23.38171)
PR;4115200;193;112;2014;
PR;4115200;193;151;2014;POINT(-51.9423048 -23.4560638)
PR;4115200;193;163;2014;POINT(-51.9713079 -23.4314621)
PR;4115200;193;17;2014;POINT(-51.9588432 -23.433587)
PR;4115200;193;176;2014;POINT(-51.959955 -23.4515069)
PR;4115200;193;177;2014;POINT(-51.959955 -23.4515069)
PR;4115200;193;179;2014;POINT(-51.9540835 -23.4526144)
PR;4115200;193;201;2014;POINT(-51.9713687 -23.3977192)
PR;4115200;193;216;2014;POINT(-51.9781122 -23.4159182)
PR;4115200;193;220;2014;POINT(-51.9713687 -23.3977192)
PR;4115200;193;25;2014;POINT(-51.9588432 -23.433587)
PR;4115200;193;29;2014;POINT(-51.9570833 -23.4255917)
PR;4115200;193;54;2014;POINT(-51.95909 -23.40499)
PR;4115200;193;62;2014;POINT(-52.0301287 -23.3838543)
PR;4115200;193;68;2014;POINT(-52.06462 -23.37141)
PR;4115200;66;110;2014;POINT(-51.9356974 -23.4121941)
PR;4115200;66;122;2014;
PR;4115200;66;136;2014;POINT(-51.9314925 -23.4158064)
PR;4115200;66;139;2014;POINT(-51.9314925 -23.4158064)
PR;4115200;66;142;2014;POINT(-51.918431 -23.4306576)
PR;4115200;66;153;2014;POINT(-51.9356974 -23.4121941)
PR;4115200;66;162;2014;POINT(-51.9424147 -23.4266667)
PR;4115200;66;167;2014;POINT(-51.947622 -23.427229)
PR;4115200;66;170;2014;POINT(-51.947622 -23.427229)
PR;4115200;66;172;2014;POINT(-51.947622 -23.427229)
PR;4115200;66;174;2014;POINT(-51.947622 -23.427229)
PR;4115200;66;31;2014;POINT(-51.9393146 -23.4278876)
PR;4115200;66;40;2014;POINT(-51.9395457 -23.4330841)
PR;4115200;66;42;2014;POINT(-51.9395457 -23.4330841)
PR;4115200;66;44;2014;POINT(-51.9263473 -23.4270055)
PR;4115200;66;45;2014;POINT(-51.9197915 -23.422946)
PR;4115200;66;58;2014;POINT(-51.918431 -23.4306576)
PR;4115309;47;54;2014;
PR;4115358;124;67;2014;POINT(-53.8286451 -24.4217982)
PR;4115358;124;69;2014;POINT(-53.8286451 -24.4217982)
PR;4115408;140;122;2014;POINT(-53.029935 -26.1504289)
PR;4115457;45;179;2014;
PR;4115507;70;76;2014;
PR;4115507;70;78;2014;
PR;4115606;118;11;2014;POINT(-53.9805041 -25.2442922)
PR;4115606;118;140;2014;POINT(-53.9886412 -25.2410572)
PR;4115606;118;22;2014;POINT(-53.9448546 -25.1925039)
PR;4115705;194;100;2014;
PR;4115705;194;109;2014;POINT(-48.53574 -25.81826)
PR;4115705;194;110;2014;POINT(-48.5285955 -25.7972218)
PR;4115705;194;123;2014;
PR;4115705;194;134;2014;POINT(-48.5385659 -25.8350459)
PR;4115705;194;135;2014;POINT(-48.5391623 -25.8265143)
PR;4115705;194;147;2014;POINT(-48.53608 -25.82066)
PR;4115705;194;150;2014;POINT(-48.53574 -25.81826)
PR;4115705;194;154;2014;
PR;4115705;194;163;2014;
PR;4115705;194;168;2014;POINT(-48.53608 -25.82066)
PR;4115705;194;175;2014;
PR;4115705;194;199;2014;
PR;4115739;38;226;2014;
PR;4115754;76;105;2014;POINT(-51.22455 -23.89564)
PR;4115754;76;107;2014;POINT(-51.2305102 -23.9039141)
PR;4115754;76;113;2014;POINT(-51.2283705 -23.9035481)
PR;4115754;76;20;2014;
PR;4115804;114;11;2014;POINT(-54.0995702 -25.2963022)
PR;4115804;114;113;2014;
PR;4115804;114;13;2014;POINT(-54.0995702 -25.2963022)
PR;4115804;114;131;2014;
PR;4115804;114;132;2014;POINT(-54.0916489 -25.2857569)
PR;4115804;114;21;2014;POINT(-54.0923617 -25.2923559)
PR;4115804;114;24;2014;POINT(-54.0923617 -25.2923559)
PR;4115804;114;30;2014;POINT(-54.1002293 -25.2934815)
PR;4115804;114;33;2014;POINT(-54.0916489 -25.2857569)
PR;4115804;114;39;2014;POINT(-54.0908229 -25.3027872)
PR;4115804;114;46;2014;POINT(-54.1149506 -25.3009412)
PR;4115804;114;79;2014;POINT(-54.0829006 -25.2762004)
PR;4115804;114;9;2014;POINT(-54.0995702 -25.2963022)
PR;4115853;121;67;2014;
PR;4115903;100;3;2014;
PR;4116059;114;85;2014;POINT(-54.2474517 -25.0900791)
PR;4116109;92;101;2014;POINT(-53.0098737 -24.0515474)
PR;4116109;92;89;2014;POINT(-53.0144055 -24.0513494)
PR;4116109;92;90;2014;POINT(-53.0144055 -24.0513494)
PR;4116109;92;93;2014;POINT(-53.0144055 -24.0513494)
PR;4116208;51;15;2014;
PR;4116208;51;3;2014;POINT(-48.8278407 -25.4784263)
PR;4116208;51;36;2014;POINT(-48.8278407 -25.4784263)
PR;4116208;51;4;2014;POINT(-48.8278407 -25.4784263)
PR;4116307;150;80;2014;POINT(-51.77185697 -23.14624418)
PR;4116307;150;83;2014;POINT(-51.77185697 -23.14624418)
PR;4116604;35;52;2014;POINT(-50.7197226 -23.3310376)
PR;4116604;35;53;2014;POINT(-50.7197226 -23.3310376)
PR;4116703;120;54;2014;POINT(-53.26278 -24.52617)
PR;4116703;120;73;2014;
PR;4116703;120;76;2014;POINT(-53.26278 -24.52617)
PR;4116802;169;57;2014;POINT(-52.57007 -24.67454)
PR;4116802;169;63;2014;POINT(-52.57007 -24.67454)
PR;4116802;169;65;2014;POINT(-52.45641573 -24.67044414)
PR;4116802;169;67;2014;
PR;4116901;71;103;2014;POINT(-52.2067117 -23.1817512)
PR;4116901;71;104;2014;POINT(-52.2067117 -23.1817512)
PR;4116901;71;25;2014;POINT(-52.20122 -23.18488)
PR;4116901;71;28;2014;POINT(-52.20122 -23.18488)
PR;4116901;71;30;2014;POINT(-52.20122 -23.18488)
PR;4116901;71;33;2014;POINT(-52.20122 -23.18488)
PR;4116901;71;43;2014;POINT(-52.20017 -23.1862333)
PR;4116901;71;48;2014;POINT(-52.2052701 -23.1856551)
PR;4116901;71;59;2014;POINT(-52.2067117 -23.1817512)
PR;4116901;71;64;2014;POINT(-52.197695 -23.1850182)
PR;4116901;71;71;2014;
PR;4116901;71;98;2014;POINT(-52.201139 -23.1719053)
PR;4116950;162;117;2014;
PR;4117008;108;17;2014;POINT(-50.56029 -23.43488)
PR;4117107;96;41;2014;POINT(-52.9849035 -22.7614489)
PR;4117206;127;84;2014;
PR;4117214;63;16;2014;POINT(-50.76375 -23.58715)
PR;4117222;121;178;2014;POINT(-53.950071 -24.469082)
PR;4117222;121;186;2014;
PR;4117255;162;49;2014;POINT(-53.3422757 -25.6379798)
PR;4117255;162;73;2014;POINT(-53.3086759 -25.593639)
PR;4117271;196;73;2014;POINT(-51.948896 -24.436239)
PR;4117305;167;15;2014;POINT(-50.978336 -24.1391085)
PR;4117305;167;2;2014;POINT(-50.9251465 -24.208972)
PR;4117305;167;36;2014;POINT(-51.0920544 -24.014441)
PR;4117305;167;51;2014;POINT(-50.8798551 -24.3607516)
PR;4117453;148;32;2014;POINT(-53.904729 -24.7723102)
PR;4117503;154;103;2014;POINT(-52.0430238 -23.4574588)
PR;4117503;154;111;2014;POINT(-52.0512363 -23.4589863)
PR;4117503;154;123;2014;POINT(-52.15137 -23.50049)
PR;4117503;154;156;2014;POINT(-52.0512363 -23.4589863)
PR;4117503;154;165;2014;
PR;4117503;154;171;2014;
PR;4117503;154;174;2014;
PR;4117503;154;184;2014;POINT(-52.0612149 -23.4569438)
PR;4117503;154;237;2014;POINT(-52.0260106 -23.4508534)
PR;4117503;154;238;2014;
PR;4117503;154;242;2014;POINT(-52.0506375 -23.4606236)
PR;4117503;154;251;2014;
PR;4117503;154;289;2014;POINT(-52.0506375 -23.4606236)
PR;4117602;32;14;2014;POINT(-51.9871821 -26.4800403)
PR;4117602;32;16;2014;POINT(-51.9907228 -26.4836824)
PR;4117602;32;27;2014;
PR;4117602;32;29;2014;POINT(-51.9908548 -26.4849462)
PR;4117602;32;68;2014;POINT(-51.9900906 -26.487646)
PR;4117602;32;79;2014;POINT(-51.9900906 -26.487646)
PR;4117602;32;8;2014;POINT(-51.9871821 -26.4800403)
PR;4117602;32;83;2014;POINT(-51.9961549 -26.4922528)
PR;4117701;13;13;2014;POINT(-50.0091978 -25.4327501)
PR;4117701;13;14;2014;POINT(-50.0091978 -25.4327501)
PR;4117701;13;2;2014;POINT(-50.0007976 -25.416158)
PR;4117701;13;26;2014;
PR;4117701;13;49;2014;
PR;4117701;13;84;2014;POINT(-50.0007976 -25.416158)
PR;4117701;13;88;2014;
PR;4117701;13;94;2014;
PR;4117800;134;2;2014;POINT(-52.2138822 -24.8886232)
PR;4117800;134;34;2014;POINT(-52.2120239 -24.8857633)
PR;4117800;134;71;2014;
PR;4117800;134;82;2014;POINT(-52.2120239 -24.8857633)
PR;4117909;124;10;2014;POINT(-53.844949 -24.2802067)
PR;4117909;124;12;2014;POINT(-53.8415078 -24.2792714)
PR;4117909;124;17;2014;POINT(-53.8415078 -24.2792714)
PR;4117909;124;20;2014;POINT(-53.8431407 -24.2961388)
PR;4117909;124;34;2014;
PR;4117909;124;37;2014;POINT(-53.8331901 -24.2990253)
PR;4117909;124;41;2014;
PR;4117909;124;43;2014;
PR;4117909;124;60;2014;POINT(-53.8356651 -24.2801199)
PR;4117909;124;76;2014;POINT(-53.8415078 -24.2792714)
PR;4117909;124;78;2014;POINT(-53.8356651 -24.2801199)
PR;4117909;124;79;2014;POINT(-53.8488792 -24.2906548)
PR;4118006;100;22;2014;POINT(-52.598693 -23.281803)
PR;4118006;100;23;2014;POINT(-52.598693 -23.281803)
PR;4118006;100;24;2014;POINT(-52.598693 -23.281803)
PR;4118006;100;43;2014;POINT(-52.598693 -23.281803)
PR;4118006;100;9;2014;POINT(-52.6041734 -23.2821487)
PR;4118105;91;27;2014;POINT(-52.1516262 -22.9332844)
PR;4118105;91;29;2014;POINT(-52.1516262 -22.9332844)
PR;4118105;91;48;2014;POINT(-52.1516262 -22.9332844)
PR;4118105;91;52;2014;POINT(-52.1516262 -22.9332844)
PR;4118204;158;148;2014;POINT(-48.5331 -25.51556)
PR;4118204;158;150;2014;POINT(-48.5331 -25.51556)
PR;4118204;158;151;2014;POINT(-48.5331 -25.51556)
PR;4118204;158;166;2014;
PR;4118204;158;171;2014;POINT(-48.6266141 -25.5574138)
PR;4118204;158;172;2014;POINT(-48.6266141 -25.5574138)
PR;4118204;158;197;2014;
PR;4118204;158;230;2014;
PR;4118204;158;233;2014;
PR;4118204;158;242;2014;
PR;4118204;158;245;2014;POINT(-48.5331 -25.51556)
PR;4118204;158;33;2014;
PR;4118204;158;35;2014;
PR;4118204;158;53;2014;
PR;4118204;5;103;2014;
PR;4118204;5;11;2014;
PR;4118204;5;138;2014;
PR;4118204;5;140;2014;
PR;4118204;5;157;2014;POINT(-48.52045 -25.53138)
PR;4118204;5;166;2014;
PR;4118204;5;168;2014;
PR;4118204;5;172;2014;
PR;4118204;5;189;2014;
PR;4118204;5;208;2014;
PR;4118204;5;210;2014;POINT(-48.50315 -25.52772)
PR;4118204;5;25;2014;
PR;4118204;5;27;2014;
PR;4118204;5;29;2014;
PR;4118204;5;31;2014;
PR;4118204;5;48;2014;
PR;4118204;5;6;2014;
PR;4118303;91;39;2014;POINT(-52.0822927 -22.6541746)
PR;4118402;138;106;2014;
PR;4118402;72;119;2014;POINT(-52.4555237 -23.0743817)
PR;4118402;72;131;2014;
PR;4118402;72;14;2014;POINT(-52.4787417 -23.0959718)
PR;4118402;72;27;2014;POINT(-52.4630156 -23.087055)
PR;4118402;72;32;2014;POINT(-52.4659422 -23.0817785)
PR;4118402;72;49;2014;POINT(-52.4491197 -23.092073)
PR;4118402;72;5;2014;POINT(-52.4539561 -23.084552)
PR;4118402;72;58;2014;POINT(-52.4688444 -23.079443)
PR;4118402;72;70;2014;POINT(-52.4623002 -23.0781656)
PR;4118402;72;77;2014;POINT(-52.4787417 -23.0959718)
PR;4118402;72;81;2014;POINT(-52.4623002 -23.0781656)
PR;4118402;72;85;2014;
PR;4118402;72;86;2014;
PR;4118402;72;94;2014;POINT(-52.4787417 -23.0959718)
PR;4118451;121;105;2014;POINT(-54.2238758 -24.6272605)
PR;4118451;121;108;2014;POINT(-54.2238758 -24.6272605)
PR;4118451;121;204;2014;POINT(-54.2238758 -24.6272605)
PR;4118501;73;101;2014;
PR;4118501;73;107;2014;POINT(-52.6881937 -26.2196)
PR;4118501;73;109;2014;
PR;4118501;73;12;2014;POINT(-52.68071 -26.24535)
PR;4118501;73;120;2014;POINT(-52.67878 -26.25915)
PR;4118501;73;139;2014;POINT(-52.6733025 -26.2353098)
PR;4118501;73;150;2014;
PR;4118501;73;152;2014;POINT(-52.702819 -26.241998)
PR;4118501;73;168;2014;
PR;4118501;73;17;2014;POINT(-52.6679561 -26.2387571)
PR;4118501;73;178;2014;POINT(-52.70273 -26.24138)
PR;4118501;73;206;2014;POINT(-52.6856353 -26.2578331)
PR;4118501;73;211;2014;POINT(-52.702819 -26.241998)
PR;4118501;73;212;2014;POINT(-52.679321 -26.2721079)
PR;4118501;73;216;2014;POINT(-52.6675191 -26.219958)
PR;4118501;73;22;2014;POINT(-52.66992 -26.24115)
PR;4118501;73;281;2014;
PR;4118501;73;31;2014;
PR;4118501;73;35;2014;POINT(-52.6802 -26.23226)
PR;4118501;73;37;2014;POINT(-52.6691 -26.22803)
PR;4118501;73;38;2014;POINT(-52.6691 -26.22803)
PR;4118501;73;69;2014;POINT(-52.6733025 -26.2353098)
PR;4118501;73;79;2014;POINT(-52.59167 -26.24583)
PR;4118600;33;1;2014;POINT(-50.93857833 -26.20906167)
PR;4118600;33;137;2014;POINT(-50.90488167 -26.16661167)
PR;4118600;33;152;2014;POINT(-50.92805833 -26.19084833)
PR;4118600;33;8;2014;POINT(-50.81735 -26.234245)
PR;4118709;37;34;2014;
PR;4118808;74;50;2014;POINT(-52.3547954 -23.9128843)
PR;4118907;135;18;2014;
PR;4118907;135;34;2014;POINT(-53.68893 -23.80473)
PR;4118907;135;8;2014;POINT(-53.68893 -23.80473)
PR;4119004;107;75;2014;POINT(-53.75998 -25.88481)
PR;4119004;107;79;2014;
PR;4119004;107;86;2014;
PR;4119103;11;117;2014;POINT(-49.40926667 -26.04809833)
PR;4119103;11;126;2014;POINT(-49.48918167 -26.1191)
PR;4119103;11;16;2014;POINT(-49.48918167 -26.1191)
PR;4119103;11;172;2014;POINT(-49.42581 -26.10182833)
PR;4119152;187;100;2014;POINT(-49.161846 -25.42892)
PR;4119152;187;106;2014;POINT(-49.1550702 -25.4294647)
PR;4119152;187;111;2014;POINT(-49.16306 -25.44203)
PR;4119152;187;112;2014;POINT(-49.16306 -25.44203)
PR;4119152;187;117;2014;POINT(-49.16306 -25.44203)
PR;4119152;187;138;2014;POINT(-49.176004 -25.4312001)
PR;4119152;187;142;2014;POINT(-49.176004 -25.4312001)
PR;4119152;187;144;2014;POINT(-49.177044 -25.4273616)
PR;4119152;187;153;2014;POINT(-49.1813306 -25.3998649)
PR;4119152;187;158;2014;POINT(-49.1813306 -25.3998649)
PR;4119152;187;169;2014;POINT(-49.17603 -25.43145)
PR;4119152;187;172;2014;POINT(-49.1801309 -25.4024596)
PR;4119152;187;180;2014;POINT(-49.152 -25.41929)
PR;4119152;187;184;2014;POINT(-49.179901 -25.399453)
PR;4119152;187;192;2014;POINT(-49.1581138 -25.4418795)
PR;4119152;187;201;2014;POINT(-49.17445 -25.44417)
PR;4119152;187;207;2014;
PR;4119152;187;208;2014;POINT(-49.17603 -25.43145)
PR;4119152;187;70;2014;POINT(-49.1837463 -25.441967)
PR;4119152;187;91;2014;POINT(-49.17445 -25.44417)
PR;4119152;187;95;2014;POINT(-49.17445 -25.44417)
PR;4119152;188;125;2014;POINT(-49.18839 -25.42532)
PR;4119152;188;163;2014;POINT(-49.1918081 -25.4386227)
PR;4119152;188;166;2014;POINT(-49.1918081 -25.4386227)
PR;4119152;188;301;2014;POINT(-49.1831012 -25.4567388)
PR;4119152;188;305;2014;
PR;4119152;188;310;2014;POINT(-49.1831012 -25.4567388)
PR;4119152;188;332;2014;POINT(-49.1884931 -25.4056304)
PR;4119152;188;350;2014;POINT(-49.1918081 -25.4386227)
PR;4119251;83;45;2014;
PR;4119301;160;1;2014;
PR;4119301;160;100;2014;POINT(-51.64798 -25.6978)
PR;4119301;160;11;2014;POINT(-51.663895 -25.7010285)
PR;4119301;160;117;2014;
PR;4119301;160;32;2014;POINT(-51.663895 -25.7010285)
PR;4119301;160;47;2014;
PR;4119301;160;57;2014;POINT(-51.64798 -25.6978)
PR;4119301;160;65;2014;
PR;4119301;160;92;2014;
PR;4119301;160;94;2014;POINT(-51.655166 -25.6905323)
PR;4119400;27;15;2014;POINT(-49.93811021 -24.5355232)
PR;4119400;27;26;2014;POINT(-49.9344214 -24.5339533)
PR;4119400;27;4;2014;POINT(-49.9254276 -24.5284533)
PR;4119400;27;41;2014;
PR;4119400;27;49;2014;
PR;4119400;27;50;2014;POINT(-49.9485657 -24.5321607)
PR;4119400;27;60;2014;POINT(-49.94569237 -24.53409455)
PR;4119509;155;109;2014;POINT(-49.0475 -25.47917)
PR;4119509;155;111;2014;
PR;4119509;155;143;2014;POINT(-49.10297 -25.45436)
PR;4119509;155;155;2014;POINT(-49.0928981 -25.4372454)
PR;4119509;155;162;2014;POINT(-49.1569318 -25.4601663)
PR;4119509;155;234;2014;POINT(-49.06548 -25.44589)
PR;4119509;155;261;2014;POINT(-49.05612 -25.42778)
PR;4119509;155;262;2014;POINT(-49.16444 -25.45611)
PR;4119509;155;283;2014;POINT(-49.16444 -25.45611)
PR;4119509;155;285;2014;POINT(-49.1270573 -25.4555301)
PR;4119509;155;288;2014;POINT(-49.1569318 -25.4601663)
PR;4119509;155;318;2014;
PR;4119509;155;331;2014;POINT(-49.0928981 -25.4372454)
PR;4119509;155;333;2014;
PR;4119509;155;334;2014;POINT(-49.1572977 -25.4570625)
PR;4119509;155;371;2014;
PR;4119509;155;386;2014;POINT(-49.14741 -25.4599)
PR;4119509;155;389;2014;POINT(-49.1572977 -25.4570625)
PR;4119509;155;395;2014;POINT(-49.08194 -25.45472)
PR;4119509;155;396;2014;POINT(-49.1346744 -25.4735692)
PR;4119509;155;409;2014;POINT(-49.1346744 -25.4735692)
PR;4119509;155;412;2014;
PR;4119509;155;419;2014;POINT(-49.14741 -25.4599)
PR;4119509;155;429;2014;POINT(-49.0928981 -25.4372454)
PR;4119608;38;114;2014;
PR;4119608;38;14;2014;
PR;4119608;38;146;2014;
PR;4119608;38;196;2014;
PR;4119608;38;201;2014;POINT(-51.7623142 -24.7572628)
PR;4119608;38;202;2014;
PR;4119608;38;210;2014;POINT(-51.7569119 -24.7669698)
PR;4119608;38;269;2014;POINT(-52.0413 -24.71531)
PR;4119608;38;279;2014;
PR;4119608;38;41;2014;POINT(-51.7623142 -24.7572628)
PR;4119608;38;44;2014;POINT(-51.7623142 -24.7572628)
PR;4119608;38;53;2014;POINT(-51.7645351 -24.7593111)
PR;4119608;38;59;2014;POINT(-51.7717242 -24.7563093)
PR;4119806;107;103;2014;
PR;4119905;139;2;2014;POINT(-50.1915895 -25.0790986)
PR;4119905;139;20;2014;POINT(-50.18542 -25.08624)
PR;4119905;139;209;2014;POINT(-50.2043224 -25.0947572)
PR;4119905;139;235;2014;POINT(-50.1616692 -25.058054)
PR;4119905;139;259;2014;POINT(-50.20583 -25.06778)
PR;4119905;139;260;2014;POINT(-50.2186607 -25.1090682)
PR;4119905;139;271;2014;POINT(-50.2043224 -25.0947572)
PR;4119905;139;33;2014;
PR;4119905;139;41;2014;
PR;4119905;139;50;2014;POINT(-50.2020775 -25.069169)
PR;4119905;139;53;2014;POINT(-50.2020775 -25.069169)
PR;4119905;139;6;2014;POINT(-50.1681259 -25.0586766)
PR;4119905;139;60;2014;POINT(-50.2233669 -25.0552833)
PR;4119905;139;62;2014;POINT(-50.183473 -25.0735376)
PR;4119905;139;63;2014;
PR;4119905;139;70;2014;
PR;4119905;139;96;2014;POINT(-50.1733195 -25.0683419)
PR;4119905;14;100;2014;POINT(-50.15487 -25.10535)
PR;4119905;14;13;2014;POINT(-50.15968 -25.093)
PR;4119905;14;163;2014;
PR;4119905;14;165;2014;
PR;4119905;14;26;2014;
PR;4119905;14;33;2014;POINT(-50.15968 -25.093)
PR;4119905;14;42;2014;
PR;4119905;14;43;2014;
PR;4119905;14;48;2014;POINT(-50.1579282 -25.0894721)
PR;4119905;14;49;2014;POINT(-50.1609252 -25.0866233)
PR;4119905;14;66;2014;POINT(-50.1468333 -25.0985923)
PR;4119905;14;68;2014;POINT(-50.1468333 -25.0985923)
PR;4119905;15;100;2014;POINT(-50.1619096 -25.0928555)
PR;4119905;15;105;2014;POINT(-50.160262 -25.0913802)
PR;4119905;15;106;2014;POINT(-50.1702611 -25.0866205)
PR;4119905;15;121;2014;
PR;4119905;15;124;2014;POINT(-50.1702611 -25.0866205)
PR;4119905;15;136;2014;POINT(-50.15908 -25.12031)
PR;4119905;15;139;2014;POINT(-50.1947132 -25.0976643)
PR;4119905;15;149;2014;POINT(-50.1675152 -25.1091431)
PR;4119905;15;161;2014;POINT(-50.1947132 -25.0976643)
PR;4119905;15;166;2014;POINT(-50.160262 -25.0913802)
PR;4119905;15;27;2014;POINT(-50.1702611 -25.0866205)
PR;4119905;15;29;2014;POINT(-50.1589281 -25.112907)
PR;4119905;15;32;2014;POINT(-50.1609131 -25.1045446)
PR;4119905;15;36;2014;POINT(-50.1609131 -25.1045446)
PR;4119905;15;37;2014;POINT(-50.1609131 -25.1045446)
PR;4119905;15;38;2014;POINT(-50.1609131 -25.1045446)
PR;4119905;15;39;2014;POINT(-50.1609131 -25.1045446)
PR;4119905;15;52;2014;POINT(-50.15908 -25.12031)
PR;4119905;15;61;2014;POINT(-50.160262 -25.0913802)
PR;4119905;15;65;2014;POINT(-50.1687211 -25.0840157)
PR;4119905;15;68;2014;POINT(-50.1687211 -25.0840157)
PR;4119905;15;70;2014;POINT(-50.1647629 -25.0943178)
PR;4119905;15;78;2014;POINT(-50.1647629 -25.0943178)
PR;4119905;15;80;2014;POINT(-50.1647629 -25.0943178)
PR;4119905;15;83;2014;POINT(-50.160262 -25.0913802)
PR;4119905;15;91;2014;POINT(-50.164157 -25.089526)
PR;4119905;197;1;2014;
PR;4119905;197;115;2014;
PR;4119905;197;26;2014;POINT(-50.15769 -25.07616)
PR;4119905;197;38;2014;POINT(-50.1320915 -25.0747833)
PR;4119905;197;42;2014;POINT(-50.1320915 -25.0747833)
PR;4119905;197;52;2014;POINT(-50.1284741 -25.0779244)
PR;4119905;197;63;2014;POINT(-50.179016 -25.078878)
PR;4119905;197;64;2014;
PR;4119905;197;65;2014;
PR;4119905;197;74;2014;POINT(-50.1636348 -25.0697098)
PR;4119905;197;93;2014;POINT(-50.1284741 -25.0779244)
PR;4119905;198;100;2014;
PR;4119905;198;102;2014;POINT(-50.1101086 -25.1055588)
PR;4119905;198;111;2014;POINT(-50.1093644 -25.0956383)
PR;4119905;198;122;2014;POINT(-50.1184404 -25.0970166)
PR;4119905;198;14;2014;POINT(-50.1162656 -25.0705902)
PR;4119905;198;15;2014;POINT(-50.1162656 -25.0705902)
PR;4119905;198;16;2014;POINT(-50.0456594 -25.220424)
PR;4119905;198;18;2014;
PR;4119905;198;23;2014;
PR;4119905;198;31;2014;POINT(-50.1093644 -25.0956383)
PR;4119905;198;33;2014;POINT(-50.1093644 -25.0956383)
PR;4119905;198;5;2014;
PR;4119905;198;51;2014;
PR;4119905;198;75;2014;
PR;4119905;198;76;2014;
PR;4119905;198;87;2014;POINT(-50.1184404 -25.0970166)
PR;4119905;198;9;2014;POINT(-50.102252 -25.083017)
PR;4119954;194;141;2014;
PR;4119954;194;149;2014;POINT(-48.4485855 -25.6555706)
PR;4119954;194;172;2014;
PR;4119954;194;56;2014;
PR;4119954;194;81;2014;POINT(-48.4485855 -25.6555706)
PR;4120002;65;44;2014;POINT(-51.3794947 -22.7563516)
PR;4120002;65;47;2014;
PR;4120002;65;54;2014;POINT(-51.3743687 -22.7578369)
PR;4120002;65;56;2014;POINT(-51.3743687 -22.7578369)
PR;4120002;65;59;2014;POINT(-51.3743687 -22.7578369)
PR;4120002;65;80;2014;
PR;4120002;65;89;2014;POINT(-51.3850691 -22.7595768)
PR;4120002;65;91;2014;POINT(-51.377827 -22.7591831)
PR;4120101;13;67;2014;
PR;4120101;13;74;2014;
PR;4120150;45;108;2014;
PR;4120150;45;54;2014;POINT(-52.4089862 -25.5490655)
PR;4120150;45;55;2014;POINT(-52.4089862 -25.5490655)
PR;4120200;85;90;2014;
PR;4120200;85;95;2014;POINT(-53.268268 -22.782812)
PR;4120358;83;53;2014;
PR;4120408;71;79;2014;
PR;4120507;104;17;2014;
PR;4120507;104;4;2014;POINT(-51.022942 -22.848737)
PR;4120606;30;102;2014;POINT(-51.29239 -24.80635667)
PR;4120606;30;103;2014;POINT(-51.13410167 -25.00592167)
PR;4120606;30;112;2014;
PR;4120606;30;127;2014;
PR;4120606;30;130;2014;POINT(-50.89731333 -25.27564333)
PR;4120606;30;131;2014;
PR;4120606;30;136;2014;
PR;4120606;30;15;2014;POINT(-50.979 -25.20916)
PR;4120606;30;19;2014;POINT(-50.979 -25.20916)
PR;4120606;30;22;2014;POINT(-50.9781189 -25.2104119)
PR;4120606;30;29;2014;
PR;4120606;30;34;2014;POINT(-51.297545 -24.84114167)
PR;4120606;30;41;2014;POINT(-51.01938333 -25.309795)
PR;4120606;30;43;2014;POINT(-51.082555 -25.37948333)
PR;4120606;30;71;2014;
PR;4120804;195;114;2014;POINT(-49.0750865 -25.3680273)
PR;4120804;195;45;2014;POINT(-49.0750865 -25.3680273)
PR;4120804;195;47;2014;POINT(-49.0750865 -25.3680273)
PR;4120804;195;55;2014;POINT(-49.0750865 -25.3680273)
PR;4120804;195;60;2014;POINT(-49.040688 -25.393106)
PR;4120804;195;82;2014;POINT(-49.040688 -25.393106)
PR;4120903;163;10;2014;POINT(-52.94340333 -25.46939333)
PR;4120903;163;100;2014;POINT(-52.8977193 -25.4560233)
PR;4120903;163;105;2014;POINT(-52.94340333 -25.46939333)
PR;4120903;163;108;2014;
PR;4120903;163;110;2014;POINT(-52.9088572 -25.4467763)
PR;4120903;163;22;2014;
PR;4120903;163;3;2014;POINT(-52.903825 -25.45809833)
PR;4120903;163;30;2014;POINT(-52.8977193 -25.4560233)
PR;4120903;163;56;2014;
PR;4120903;163;72;2014;POINT(-52.903825 -25.45809833)
PR;4120903;163;97;2014;POINT(-52.903825 -25.45809833)
PR;4121000;85;119;2014;POINT(-53.48662 -23.08351)
PR;4121000;85;57;2014;
PR;4121000;85;91;2014;POINT(-53.4840405 -23.088821)
PR;4121109;116;48;2014;POINT(-52.1310292 -23.8506404)
PR;4121109;116;55;2014;
PR;4121208;11;115;2014;
PR;4121208;11;116;2014;
PR;4121208;11;52;2014;POINT(-49.44238811 -25.96964197)
PR;4121208;11;57;2014;POINT(-49.5107331 -25.90390723)
PR;4121208;11;59;2014;POINT(-49.43142432 -25.81886064)
PR;4121356;92;130;2014;POINT(-52.9558258 -24.3064382)
PR;4121406;130;163;2014;POINT(-53.5274591 -25.783489)
PR;4121406;130;165;2014;POINT(-53.546179 -25.7752355)
PR;4121406;130;41;2014;POINT(-53.5396308 -25.76484)
PR;4121406;130;43;2014;POINT(-53.5337497 -25.7724203)
PR;4121406;130;63;2014;
PR;4121505;62;10;2014;POINT(-50.6927736 -25.62230904)
PR;4121505;62;11;2014;POINT(-50.55706645 -25.68151979)
PR;4121505;62;14;2014;POINT(-50.67361 -25.62035)
PR;4121505;62;23;2014;POINT(-50.58856841 -25.5971)
PR;4121505;62;25;2014;POINT(-50.65077421 -25.68150619)
PR;4121505;62;29;2014;POINT(-50.67361 -25.62035)
PR;4121505;62;72;2014;POINT(-50.6897126 -25.6262946)
PR;4121505;62;80;2014;POINT(-50.69425536 -25.61962424)
PR;4121505;62;91;2014;POINT(-50.69425536 -25.61962424)
PR;4121505;62;95;2014;POINT(-50.69706945 -25.62038288)
PR;4121604;140;84;2014;
PR;4121703;39;19;2014;
PR;4121703;39;22;2014;
PR;4121703;39;25;2014;POINT(-50.8204078 -24.4927977)
PR;4121703;39;45;2014;POINT(-50.8508917 -24.6502747)
PR;4121703;39;6;2014;POINT(-50.8552602 -24.6545617)
PR;4121703;39;71;2014;POINT(-50.8455732 -24.655526)
PR;4121752;160;103;2014;POINT(-52.0272508 -25.8394136)
PR;4121752;160;45;2014;
PR;4121752;160;89;2014;POINT(-52.0272508 -25.8394136)
PR;4121901;82;37;2014;POINT(-50.354024 -23.405755)
PR;4121901;82;61;2014;POINT(-50.354024 -23.405755)
PR;4121901;82;66;2014;POINT(-50.3545934 -23.4039539)
PR;4122008;62;36;2014;
PR;4122008;62;60;2014;
PR;4122008;62;63;2014;
PR;4122008;62;66;2014;POINT(-50.81267993 -25.6777201)
PR;4122008;62;81;2014;POINT(-50.73103126 -25.70965461)
PR;4122008;62;83;2014;POINT(-50.91063566 -25.64531285)
PR;4122008;62;88;2014;
PR;4122107;76;102;2014;POINT(-51.41018 -23.75974)
PR;4122156;45;158;2014;
PR;4122156;45;183;2014;
PR;4122156;45;85;2014;
PR;4122156;45;90;2014;POINT(-52.5291138 -25.4923222)
PR;4122172;136;44;2014;
PR;4122206;156;101;2014;POINT(-49.3149305 -25.1930399)
PR;4122206;156;102;2014;POINT(-49.3137171 -25.1907552)
PR;4122206;156;123;2014;POINT(-49.48092522 -24.98862241)
PR;4122206;156;124;2014;
PR;4122206;156;166;2014;
PR;4122206;156;211;2014;POINT(-49.3116477 -25.1839148)
PR;4122206;156;214;2014;
PR;4122206;156;219;2014;POINT(-49.3156276 -25.1802616)
PR;4122206;156;239;2014;POINT(-49.310038 -25.1665832)
PR;4122206;156;244;2014;POINT(-49.3028 -25.1908)
PR;4122206;156;94;2014;POINT(-49.313292 -25.1878556)
PR;4122206;156;95;2014;POINT(-49.313292 -25.1878556)
PR;4122206;156;99;2014;POINT(-49.3149305 -25.1930399)
PR;4122305;11;131;2014;
PR;4122305;11;148;2014;POINT(-49.85165656 -25.96557442)
PR;4122305;11;158;2014;POINT(-49.51501769 -26.1544499)
PR;4122305;11;162;2014;POINT(-49.51501769 -26.1544499)
PR;4122305;11;167;2014;POINT(-49.7907222 -26.0929461)
PR;4122305;11;170;2014;POINT(-49.7798822 -26.0841896)
PR;4122305;11;72;2014;POINT(-49.7933726 -26.1001432)
PR;4122305;11;82;2014;POINT(-49.7911764 -26.1074519)
PR;4122305;11;92;2014;POINT(-49.7786255 -26.0886312)
PR;4122404;59;108;2014;POINT(-51.3615211 -23.3107453)
PR;4122404;59;133;2014;POINT(-51.3897515 -23.3118667)
PR;4122404;59;138;2014;POINT(-51.3897515 -23.3118667)
PR;4122404;59;140;2014;POINT(-51.392652 -23.332533)
PR;4122404;59;15;2014;POINT(-51.3615211 -23.3107453)
PR;4122404;59;17;2014;POINT(-51.358568 -23.3090891)
PR;4122404;59;21;2014;POINT(-51.3700774 -23.3145345)
PR;4122404;59;50;2014;POINT(-51.359567 -23.310084)
PR;4122404;59;66;2014;POINT(-51.3661204 -23.3163114)
PR;4122404;59;71;2014;POINT(-51.3760492 -23.3196794)
PR;4122404;59;73;2014;POINT(-51.3889658 -23.3200148)
PR;4122404;59;76;2014;POINT(-51.3889658 -23.3200148)
PR;4122404;59;83;2014;POINT(-51.3656451 -23.3118796)
PR;4122404;59;84;2014;POINT(-51.3656451 -23.3118796)
PR;4122503;141;127;2014;POINT(-52.27566 -24.60174)
PR;4122503;141;143;2014;POINT(-52.27566 -24.60174)
PR;4122602;127;25;2014;POINT(-52.7722587 -23.4183363)
PR;4122602;127;30;2014;POINT(-52.7768061 -23.412879)
PR;4122602;127;33;2014;POINT(-52.7753422 -23.4197896)
PR;4122602;127;36;2014;POINT(-52.7753422 -23.4197896)
PR;4122602;127;40;2014;POINT(-52.77481 -23.41888)
PR;4122602;127;80;2014;POINT(-52.77481 -23.41888)
PR;4122651;136;17;2014;POINT(-51.2464001 -24.2571803)
PR;4122651;136;23;2014;POINT(-51.2464001 -24.2571803)
PR;4122651;136;40;2014;POINT(-51.1778135 -24.4012818)
PR;4122701;180;57;2014;POINT(-51.5527011 -23.3180611)
PR;4122800;131;45;2014;
PR;4122800;131;64;2014;
PR;4122800;131;65;2014;
PR;4122800;131;71;2014;
PR;4122909;21;13;2014;POINT(-49.6276 -23.60271)
PR;4122909;21;7;2014;POINT(-49.6276 -23.60271)
PR;4123006;162;10;2014;POINT(-53.3087108 -25.7795804)
PR;4123006;162;16;2014;
PR;4123105;58;66;2014;POINT(-50.43186 -23.26794)
PR;4123402;150;127;2014;POINT(-51.80490116 -23.04000576)
PR;4123402;150;138;2014;POINT(-51.80490116 -23.04000576)
PR;4123402;150;139;2014;POINT(-51.80490116 -23.04000576)
PR;4123501;129;16;2014;
PR;4123501;129;21;2014;
PR;4123501;129;22;2014;
PR;4123501;129;39;2014;
PR;4123501;129;49;2014;
PR;4123501;129;8;2014;POINT(-54.3310947 -24.85995)
PR;4123501;129;87;2014;POINT(-54.3365777 -24.8677311)
PR;4123501;129;90;2014;POINT(-54.3359907 -24.8692682)
PR;4123600;95;67;2014;POINT(-51.9008495 -22.6396342)
PR;4123709;94;21;2014;POINT(-53.198669 -23.003332)
PR;4123709;94;23;2014;POINT(-53.198669 -23.003332)
PR;4123709;94;29;2014;POINT(-53.2781839 -23.1326326)
PR;4123808;130;149;2014;
PR;4123808;130;84;2014;
PR;4123808;130;88;2014;POINT(-53.487573 -25.813051)
PR;4123808;130;97;2014;
PR;4123824;165;28;2014;POINT(-53.56964 -25.40766)
PR;4123857;38;244;2014;
PR;4123857;38;253;2014;POINT(-51.8714534 -24.9391255)
PR;4123857;38;288;2014;POINT(-51.8714534 -24.9391255)
PR;4123907;109;17;2014;POINT(-50.5257431 -23.1473185)
PR;4123907;109;18;2014;POINT(-50.5257431 -23.1473185)
PR;4123907;109;23;2014;
PR;4123907;109;24;2014;POINT(-50.59050946 -22.95500205)
PR;4123907;109;29;2014;POINT(-50.5700602 -23.0380372)
PR;4123907;109;3;2014;POINT(-50.51297315 -23.14802397)
PR;4123907;109;33;2014;POINT(-50.5151469 -23.14575099)
PR;4123907;109;41;2014;POINT(-50.5151469 -23.14575099)
PR;4124004;20;7;2014;
PR;4124020;68;305;2014;POINT(-53.619019 -25.0556993)
PR;4124020;68;310;2014;POINT(-53.619827 -25.054865)
PR;4124020;68;317;2014;POINT(-53.61924 -25.055446)
PR;4124020;68;337;2014;POINT(-53.58779 -25.14359)
PR;4124020;68;343;2014;POINT(-53.619827 -25.054865)
PR;4124020;68;346;2014;POINT(-53.619019 -25.0556993)
PR;4124053;205;137;2014;POINT(-54.39463 -25.44655)
PR;4124053;205;161;2014;POINT(-54.4017133 -25.4507639)
PR;4124053;205;51;2014;POINT(-54.40072 -25.44147)
PR;4124053;205;58;2014;POINT(-54.3974876 -25.4387205)
PR;4124053;205;68;2014;POINT(-54.39463 -25.44655)
PR;4124103;22;16;2014;POINT(-50.0748125 -23.2952274)
PR;4124103;22;19;2014;POINT(-50.07799 -23.29134)
PR;4124103;22;23;2014;POINT(-50.07799 -23.29134)
PR;4124103;22;25;2014;POINT(-50.07799 -23.29134)
PR;4124103;22;26;2014;POINT(-50.07799 -23.29134)
PR;4124103;22;27;2014;POINT(-50.07799 -23.29134)
PR;4124103;22;40;2014;
PR;4124103;22;48;2014;POINT(-50.066601 -23.2942603)
PR;4124103;22;52;2014;POINT(-50.080048 -23.2936068)
PR;4124103;22;69;2014;POINT(-50.1634817 -23.2797517)
PR;4124103;22;82;2014;POINT(-50.07799 -23.29134)
PR;4124103;22;88;2014;
PR;4124202;87;29;2014;POINT(-52.3437002 -22.734813)
PR;4124301;99;22;2014;
PR;4124400;83;102;2014;
PR;4124400;83;15;2014;POINT(-53.7280951 -26.0561954)
PR;4124400;83;24;2014;
PR;4124400;83;3;2014;
PR;4124400;83;36;2014;
PR;4124400;83;38;2014;
PR;4124400;83;5;2014;
PR;4124608;100;26;2014;POINT(-52.4716434 -23.3165233)
PR;4124707;63;20;2014;POINT(-50.740144 -23.724765)
PR;4124707;63;38;2014;
PR;4124806;151;105;2014;POINT(-52.72433 -25.82385)
PR;4124806;151;106;2014;POINT(-52.72433 -25.82385)
PR;4124806;151;111;2014;POINT(-52.730111 -25.8270186)
PR;4124806;151;117;2014;
PR;4124905;87;34;2014;POINT(-52.3411566 -22.8562177)
PR;4125001;132;13;2014;POINT(-51.8152777 -23.9996288)
PR;4125001;132;17;2014;POINT(-51.8152777 -23.9996288)
PR;4125001;132;24;2014;
PR;4125001;132;28;2014;POINT(-51.8173097 -23.9878026)
PR;4125001;132;32;2014;
PR;4125001;132;40;2014;
PR;4125001;132;6;2014;POINT(-51.8221131 -23.9934663)
PR;4125100;52;23;2014;
PR;4125100;52;3;2014;
PR;4125100;52;34;2014;
PR;4125100;52;41;2014;
PR;4125100;52;46;2014;POINT(-50.25888806 -25.64559407)
PR;4125209;151;157;2014;
PR;4125209;151;162;2014;
PR;4125308;102;52;2014;POINT(-52.293862 -23.4299035)
PR;4125308;102;64;2014;POINT(-52.293862 -23.4299035)
PR;4125308;102;65;2014;POINT(-52.2932074 -23.4288993)
PR;4125357;123;67;2014;POINT(-53.883118 -23.7595423)
PR;4125357;123;80;2014;
PR;4125357;123;81;2014;
PR;4125407;20;18;2014;POINT(-49.65383 -23.91769)
PR;4125456;129;68;2014;
PR;4125506;199;119;2014;POINT(-49.1899198 -25.5217996)
PR;4125506;199;124;2014;POINT(-49.148751 -25.484441)
PR;4125506;199;130;2014;POINT(-49.1487216 -25.473076)
PR;4125506;199;134;2014;POINT(-49.168356 -25.4806961)
PR;4125506;199;135;2014;POINT(-49.1894416 -25.5087507)
PR;4125506;199;141;2014;POINT(-49.148751 -25.484441)
PR;4125506;199;159;2014;POINT(-49.1830174 -25.5017961)
PR;4125506;199;171;2014;POINT(-49.140949 -25.4918477)
PR;4125506;199;18;2014;POINT(-49.08940526 -25.5329508)
PR;4125506;199;187;2014;POINT(-49.1722632 -25.5015523)
PR;4125506;199;192;2014;POINT(-49.15112686 -25.48528916)
PR;4125506;199;23;2014;POINT(-49.16712831 -25.50556636)
PR;4125506;199;3;2014;POINT(-49.18759957 -25.51249047)
PR;4125506;199;50;2014;POINT(-49.17464914 -25.47816216)
PR;4125506;199;62;2014;POINT(-49.16712831 -25.50556636)
PR;4125506;199;67;2014;POINT(-49.148751 -25.484441)
PR;4125506;199;68;2014;POINT(-49.1722632 -25.5015523)
PR;4125506;200;104;2014;POINT(-49.1680908 -25.6055429)
PR;4125506;200;11;2014;POINT(-49.1772941 -25.5203472)
PR;4125506;200;110;2014;POINT(-49.16051062 -25.56379887)
PR;4125506;200;148;2014;POINT(-49.12639351 -25.59302985)
PR;4125506;200;176;2014;POINT(-49.16051062 -25.56379887)
PR;4125506;200;178;2014;
PR;4125506;200;181;2014;POINT(-49.1793988 -25.5460053)
PR;4125506;200;182;2014;POINT(-49.15671254 -25.53801327)
PR;4125506;200;186;2014;POINT(-49.1787232 -25.6307622)
PR;4125506;200;190;2014;POINT(-49.1904072 -25.5390409)
PR;4125506;200;54;2014;POINT(-49.1793988 -25.5460053)
PR;4125506;200;56;2014;POINT(-49.1551982 -25.54769323)
PR;4125506;200;65;2014;POINT(-49.1006432 -25.6632766)
PR;4125506;200;67;2014;POINT(-49.1787232 -25.6307622)
PR;4125506;200;76;2014;POINT(-49.22991231 -25.69270836)
PR;4125506;200;85;2014;POINT(-49.1695314 -25.5204566)
PR;4125506;200;90;2014;POINT(-49.16051062 -25.56379887)
PR;4125506;200;97;2014;POINT(-49.15452961 -25.54053155)
PR;4125506;8;110;2014;POINT(-49.2017008 -25.5319598)
PR;4125506;8;113;2014;POINT(-49.2029299 -25.5411981)
PR;4125506;8;116;2014;POINT(-49.2051814 -25.5380166)
PR;4125506;8;118;2014;POINT(-49.2051814 -25.5380166)
PR;4125506;8;119;2014;POINT(-49.1943896 -25.515384)
PR;4125506;8;123;2014;POINT(-49.20848418 -25.53940396)
PR;4125506;8;136;2014;POINT(-49.2029299 -25.5411981)
PR;4125506;8;214;2014;POINT(-49.19619299 -25.54994105)
PR;4125506;8;233;2014;POINT(-49.2029299 -25.5411981)
PR;4125506;8;239;2014;POINT(-49.20848418 -25.53940396)
PR;4125506;8;275;2014;POINT(-49.20853213 -25.55544956)
PR;4125506;8;276;2014;POINT(-49.1991981 -25.5267063)
PR;4125506;8;278;2014;POINT(-49.19619299 -25.54994105)
PR;4125506;8;29;2014;POINT(-49.20891781 -25.52779167)
PR;4125506;8;39;2014;POINT(-49.2012561 -25.5225284)
PR;4125506;8;46;2014;POINT(-49.1934156 -25.5439374)
PR;4125506;8;84;2014;POINT(-49.20690348 -25.53506263)
PR;4125605;12;1;2014;POINT(-50.3815434 -25.8717401)
PR;4125605;12;17;2014;
PR;4125605;12;20;2014;POINT(-50.3863413 -25.8715357)
PR;4125605;12;28;2014;POINT(-50.3814083 -25.873806)
PR;4125605;12;33;2014;
PR;4125605;12;39;2014;
PR;4125605;12;4;2014;POINT(-50.3815434 -25.8717401)
PR;4125605;12;43;2014;
PR;4125605;12;48;2014;
PR;4125605;12;62;2014;
PR;4125605;12;65;2014;
PR;4125605;12;95;2014;
PR;4125605;12;97;2014;POINT(-50.4141837 -25.8653349)
PR;4125605;12;98;2014;POINT(-50.3890532 -25.895244)
PR;4125704;122;13;2014;POINT(-54.24290726 -25.34652845)
PR;4125704;122;29;2014;POINT(-54.15930177 -25.37083045)
PR;4125704;122;41;2014;POINT(-54.29178832 -25.25108128)
PR;4125704;122;42;2014;POINT(-54.29178832 -25.25108128)
PR;4125704;122;5;2014;POINT(-54.23832503 -25.34045719)
PR;4125704;122;65;2014;POINT(-54.23766074 -25.35448202)
PR;4125704;122;73;2014;POINT(-54.23653427 -25.34816685)
PR;4125704;122;77;2014;POINT(-54.2501912 -25.3564639)
PR;4125704;122;91;2014;POINT(-54.2433674 -25.342246)
PR;4125753;148;14;2014;
PR;4125753;148;18;2014;
PR;4125753;148;46;2014;POINT(-53.8578159 -24.9323047)
PR;4125803;70;94;2014;POINT(-51.85947 -23.86908)
PR;4125803;70;96;2014;POINT(-51.8576784 -23.8686623)
PR;4125803;70;97;2014;POINT(-51.8576784 -23.8686623)
PR;4125902;85;92;2014;
PR;4126108;149;39;2014;POINT(-52.5928086 -23.5354301)
PR;4126108;149;40;2014;POINT(-52.5928086 -23.5354301)
PR;4126108;149;50;2014;POINT(-52.5869102 -23.5353855)
PR;4126256;206;107;2014;POINT(-51.86988 -23.44737)
PR;4126256;206;120;2014;POINT(-51.8788339 -23.4288621)
PR;4126256;206;123;2014;POINT(-51.8638296 -23.4511333)
PR;4126256;206;125;2014;POINT(-51.87409 -23.44457)
PR;4126256;206;128;2014;POINT(-51.8788339 -23.4288621)
PR;4126256;206;134;2014;POINT(-51.8750828 -23.4566139)
PR;4126256;206;149;2014;POINT(-51.8796297 -23.4482716)
PR;4126256;206;152;2014;POINT(-51.8638296 -23.4511333)
PR;4126256;206;159;2014;POINT(-51.8767053 -23.439473)
PR;4126256;206;17;2014;POINT(-51.8716125 -23.4338201)
PR;4126256;206;173;2014;POINT(-51.8749598 -23.4202479)
PR;4126256;206;176;2014;POINT(-51.8765028 -23.4611277)
PR;4126256;206;177;2014;POINT(-51.8715566 -23.4448202)
PR;4126256;206;22;2014;POINT(-51.8716125 -23.4338201)
PR;4126256;206;28;2014;POINT(-51.86988 -23.44737)
PR;4126256;206;41;2014;POINT(-51.8704513 -23.4385224)
PR;4126256;206;6;2014;POINT(-51.87431 -23.44315)
PR;4126256;206;68;2014;POINT(-51.8717157 -23.4507648)
PR;4126256;206;73;2014;
PR;4126256;206;78;2014;POINT(-51.8767053 -23.439473)
PR;4126256;206;81;2014;POINT(-51.87887 -23.42835)
PR;4126256;206;85;2014;POINT(-51.8717157 -23.4507648)
PR;4126256;206;9;2014;POINT(-51.87431 -23.44315)
PR;4126256;206;94;2014;POINT(-51.8672689 -23.4393366)
PR;4126256;206;97;2014;POINT(-51.8788339 -23.4288621)
PR;4126272;151;190;2014;
PR;4126272;151;195;2014;POINT(-52.6179106 -25.6876519)
PR;4126306;54;20;2014;
PR;4126306;54;29;2014;
PR;4126306;54;30;2014;
PR;4126306;54;38;2014;POINT(-49.4681968 -24.104615)
PR;4126306;54;43;2014;
PR;4126306;54;7;2014;POINT(-49.4627307 -24.1136054)
PR;4126355;114;63;2014;POINT(-54.041412 -25.410193)
PR;4126355;114;78;2014;POINT(-54.041412 -25.410193)
PR;4126405;26;105;2014;
PR;4126504;40;12;2014;POINT(-51.0341572 -23.0580651)
PR;4126504;40;22;2014;POINT(-51.0452752 -23.0575385)
PR;4126504;40;24;2014;POINT(-51.0452752 -23.0575385)
PR;4126504;40;25;2014;POINT(-51.0452752 -23.0575385)
PR;4126504;40;31;2014;POINT(-51.0303213 -23.0515016)
PR;4126603;21;15;2014;POINT(-49.8217916 -23.6837174)
PR;4126603;21;23;2014;POINT(-49.8292597 -23.690215)
PR;4126603;21;24;2014;POINT(-49.8292597 -23.690215)
PR;4126603;21;27;2014;POINT(-49.8292597 -23.690215)
PR;4126603;21;50;2014;POINT(-49.8292597 -23.690215)
PR;4126603;21;51;2014;POINT(-49.8292597 -23.690215)
PR;4126678;146;173;2014;POINT(-51.0985097 -23.7242485)
PR;4126702;138;69;2014;
PR;4126801;86;168;2014;POINT(-52.8671715 -23.7363774)
PR;4126801;86;177;2014;POINT(-52.8699132 -23.7361966)
PR;4126900;127;58;2014;POINT(-53.06561 -23.3231)
PR;4126900;127;69;2014;POINT(-53.0721632 -23.3213652)
PR;4126900;127;70;2014;POINT(-53.0721632 -23.3213652)
PR;4127007;53;28;2014;POINT(-50.46259 -25.37651)
PR;4127007;53;39;2014;POINT(-50.3924576 -25.4187264)
PR;4127007;53;41;2014;
PR;4127106;111;110;2014;POINT(-50.6381437 -24.3222299)
PR;4127106;111;129;2014;
PR;4127106;111;135;2014;POINT(-50.6325975 -24.331744)
PR;4127106;111;139;2014;POINT(-50.627693 -24.3305219)
PR;4127106;111;160;2014;
PR;4127106;111;162;2014;POINT(-50.6218323 -24.3312805)
PR;4127106;111;166;2014;POINT(-50.6218323 -24.3312805)
PR;4127106;111;201;2014;POINT(-50.6325975 -24.331744)
PR;4127106;111;210;2014;
PR;4127106;111;238;2014;
PR;4127106;111;246;2014;
PR;4127106;111;252;2014;
PR;4127106;111;254;2014;
PR;4127106;111;78;2014;POINT(-50.61733 -24.3293)
PR;4127106;111;85;2014;POINT(-50.6175277 -24.3274052)
PR;4127106;111;87;2014;POINT(-50.6175277 -24.3274052)
PR;4127106;111;96;2014;
PR;4127106;111;98;2014;
PR;4127106;111;99;2014;
PR;4127205;173;12;2014;POINT(-52.4451455 -23.769839)
PR;4127205;173;16;2014;POINT(-52.4451455 -23.769839)
PR;4127205;173;21;2014;POINT(-52.4434128 -23.7712423)
PR;4127205;173;24;2014;POINT(-52.4434128 -23.7712423)
PR;4127205;173;27;2014;POINT(-52.4436676 -23.7634349)
PR;4127205;173;30;2014;POINT(-52.4436676 -23.7634349)
PR;4127304;105;10;2014;POINT(-52.6164692 -22.7215048)
PR;4127304;105;25;2014;POINT(-52.6246823 -22.7314467)
PR;4127304;105;6;2014;POINT(-52.6229552 -22.7235407)
PR;4127403;125;15;2014;POINT(-54.0999948 -24.1675517)
PR;4127403;125;17;2014;POINT(-54.09413258 -24.16725323)
PR;4127403;125;53;2014;POINT(-54.1023658 -24.156741)
PR;4127403;125;63;2014;POINT(-54.1023658 -24.156741)
PR;4127403;125;64;2014;POINT(-54.09612707 -24.17141317)
PR;4127403;125;74;2014;POINT(-54.0999948 -24.1675517)
PR;4127502;17;23;2014;POINT(-50.4120117 -24.5116872)
PR;4127502;17;29;2014;POINT(-50.4157484 -24.5118122)
PR;4127502;17;44;2014;
PR;4127502;17;48;2014;
PR;4127502;17;72;2014;POINT(-50.4032892 -24.5246227)
PR;4127601;199;105;2014;
PR;4127601;199;107;2014;
PR;4127601;199;111;2014;
PR;4127601;199;161;2014;
PR;4127601;199;90;2014;POINT(-49.178965 -25.926879)
PR;4127601;199;94;2014;POINT(-49.178965 -25.926879)
PR;4127601;199;95;2014;
PR;4127601;199;97;2014;
PR;4127700;148;102;2014;POINT(-53.7331039 -24.759962)
PR;4127700;148;103;2014;POINT(-53.7331039 -24.759962)
PR;4127700;148;113;2014;
PR;4127700;148;119;2014;POINT(-53.748211 -24.764182)
PR;4127700;148;53;2014;
PR;4127700;148;96;2014;POINT(-53.7331039 -24.759962)
PR;4127700;201;129;2014;POINT(-53.70697 -24.736321)
PR;4127700;201;132;2014;POINT(-53.742903 -24.751545)
PR;4127700;201;21;2014;
PR;4127700;201;58;2014;POINT(-53.7262776 -24.7448953)
PR;4127700;201;70;2014;POINT(-53.717391 -24.742358)
PR;4127700;201;75;2014;POINT(-53.7257769 -24.7346009)
PR;4127700;201;78;2014;POINT(-53.7186713 -24.7495577)
PR;4127700;201;80;2014;POINT(-53.704529 -24.7394326)
PR;4127700;201;98;2014;POINT(-53.7186713 -24.7495577)
PR;4127700;75;10;2014;POINT(-53.7472533 -24.7303994)
PR;4127700;75;137;2014;POINT(-53.7403064 -24.7362695)
PR;4127700;75;142;2014;POINT(-53.7412373 -24.736052)
PR;4127700;75;162;2014;POINT(-53.7524825 -24.731511)
PR;4127700;75;174;2014;POINT(-53.723061 -24.7134461)
PR;4127700;75;194;2014;POINT(-53.7574 -24.722609)
PR;4127700;75;32;2014;POINT(-53.7412373 -24.736052)
PR;4127700;75;38;2014;POINT(-53.7404172 -24.7168446)
PR;4127700;75;49;2014;POINT(-53.7413695 -24.721686)
PR;4127700;75;64;2014;POINT(-53.723061 -24.7134461)
PR;4127700;75;70;2014;POINT(-53.7370276 -24.7322696)
PR;4127700;75;71;2014;POINT(-53.723061 -24.7134461)
PR;4127809;19;27;2014;POINT(-49.951336 -23.777329)
PR;4127809;19;28;2014;POINT(-49.951336 -23.777329)
PR;4127809;19;33;2014;POINT(-49.95825 -23.77893)
PR;4127809;19;40;2014;
PR;4127809;19;41;2014;
PR;4127809;19;42;2014;
PR;4127858;166;40;2014;POINT(-53.2904347 -25.5047083)
PR;4127858;166;60;2014;POINT(-53.1897284 -25.4211918)
PR;4127858;166;64;2014;POINT(-53.1897284 -25.4211918)
PR;4127858;166;69;2014;
PR;4127858;166;94;2014;
PR;4127882;48;28;2014;
PR;4127882;48;30;2014;
PR;4127882;48;36;2014;
PR;4127882;48;46;2014;
PR;4127882;48;69;2014;POINT(-49.0940838 -24.9778902)
PR;4127908;86;184;2014;POINT(-52.8800028 -23.8719894)
PR;4127908;86;193;2014;POINT(-52.8800028 -23.8719894)
PR;4127908;86;195;2014;POINT(-52.8800028 -23.8719894)
PR;4127908;86;196;2014;POINT(-52.8800028 -23.8719894)
PR;4127957;113;83;2014;POINT(-53.5092299 -24.5866179)
PR;4127957;113;94;2014;POINT(-53.51796 -24.58611)
PR;4127965;44;131;2014;
PR;4127965;44;136;2014;POINT(-51.3809161 -24.9362992)
PR;4127965;44;139;2014;
PR;4127965;44;148;2014;POINT(-51.3694964 -24.7707974)
PR;4127965;44;170;2014;
PR;4128005;98;100;2014;POINT(-52.98801 -24.53788)
PR;4128005;98;103;2014;POINT(-52.98801 -24.53788)
PR;4128005;98;136;2014;
PR;4128005;98;63;2014;POINT(-52.9789119 -24.5525894)
PR;4128005;98;64;2014;POINT(-52.99609 -24.5402)
PR;4128005;98;83;2014;POINT(-52.9938677 -24.5346537)
PR;4128005;98;91;2014;
PR;4128005;98;97;2014;
PR;4128005;98;99;2014;POINT(-52.98801 -24.53788)
PR;4128104;202;105;2014;POINT(-53.3099866 -23.7289648)
PR;4128104;202;111;2014;
PR;4128104;202;12;2014;POINT(-53.3009 -23.75754)
PR;4128104;202;21;2014;POINT(-53.3022579 -23.7649963)
PR;4128104;202;43;2014;
PR;4128104;202;53;2014;POINT(-53.301389 -23.756703)
PR;4128104;202;58;2014;POINT(-53.301389 -23.756703)
PR;4128104;202;6;2014;POINT(-53.30185 -23.75196)
PR;4128104;202;63;2014;POINT(-53.3174313 -23.7636148)
PR;4128104;202;84;2014;POINT(-53.3099866 -23.7289648)
PR;4128104;202;88;2014;POINT(-53.2925887 -23.7590698)
PR;4128104;89;20;2014;
PR;4128104;89;200;2014;POINT(-53.32489 -23.77776)
PR;4128104;89;208;2014;POINT(-53.3300399 -23.77015)
PR;4128104;89;209;2014;POINT(-53.32489 -23.77776)
PR;4128104;89;22;2014;
PR;4128104;89;222;2014;POINT(-53.3140621 -23.7802533)
PR;4128104;89;226;2014;
PR;4128104;89;232;2014;
PR;4128104;89;24;2014;
PR;4128104;89;26;2014;
PR;4128104;89;27;2014;
PR;4128104;89;29;2014;
PR;4128104;89;31;2014;
PR;4128104;89;4;2014;POINT(-53.32489 -23.77776)
PR;4128104;89;6;2014;POINT(-53.32489 -23.77776)
PR;4128104;89;63;2014;POINT(-53.3267515 -23.7766007)
PR;4128104;89;71;2014;
PR;4128104;89;72;2014;
PR;4128104;89;92;2014;POINT(-53.3166652 -23.7496627)
PR;4128104;89;93;2014;POINT(-53.3166652 -23.7496627)
PR;4128203;33;101;2014;
PR;4128203;33;110;2014;POINT(-51.0912199 -26.2422392)
PR;4128203;33;112;2014;POINT(-51.1198593 -26.2440276)
PR;4128203;33;114;2014;POINT(-51.05448 -26.233322)
PR;4128203;33;123;2014;POINT(-51.08143167 -26.19925333)
PR;4128203;33;127;2014;POINT(-51.0634824 -26.2242148)
PR;4128203;33;135;2014;POINT(-51.09961 -26.25822833)
PR;4128203;33;14;2014;
PR;4128203;33;149;2014;POINT(-51.06914167 -26.23211167)
PR;4128203;33;158;2014;POINT(-51.1198593 -26.2440276)
PR;4128203;33;19;2014;
PR;4128203;33;24;2014;POINT(-51.09406 -26.220925)
PR;4128203;33;36;2014;
PR;4128203;33;40;2014;
PR;4128203;33;48;2014;POINT(-51.09406 -26.220925)
PR;4128203;33;53;2014;POINT(-51.08143167 -26.19925333)
PR;4128203;33;54;2014;POINT(-51.10296167 -26.26784)
PR;4128203;33;59;2014;POINT(-51.0912199 -26.2422392)
PR;4128203;33;78;2014;POINT(-51.06914167 -26.23211167)
PR;4128203;33;93;2014;POINT(-51.0831983 -26.2122112)
PR;4128203;33;97;2014;POINT(-51.11542833 -26.06945167)
PR;4128203;33;99;2014;POINT(-51.11542833 -26.06945167)
PR;4128302;71;83;2014;POINT(-52.155649 -23.0828181)
PR;4128401;84;43;2014;POINT(-50.79083 -23.19439)
PR;4128500;20;106;2014;POINT(-49.8031601 -23.8781154)
PR;4128500;20;109;2014;
PR;4128500;20;114;2014;
PR;4128500;20;55;2014;POINT(-49.8031601 -23.8781154)
PR;4128500;20;61;2014;POINT(-49.81001 -23.8799)
PR;4128500;20;83;2014;
PR;4128500;20;95;2014;POINT(-49.8572406 -23.8560503)
PR;4128534;17;36;2014;POINT(-50.2442 -24.24814)
PR;4128534;17;65;2014;POINT(-50.2442 -24.24814)
PR;4128534;17;7;2014;POINT(-50.3023518 -24.1676221)
PR;4128559;118;126;2014;POINT(-53.8764963 -25.0593289)
PR;4128559;118;84;2014;POINT(-53.8808623 -25.0620556)
PR;4128559;118;93;2014;POINT(-53.8764963 -25.0593289)
PR;4128559;118;95;2014;POINT(-53.881723 -25.06708)
PR;4128609;115;161;2014;POINT(-52.91690937 -25.81908679)
PR;4128609;115;162;2014;POINT(-53.03107528 -25.90752293)
PR;4128609;115;170;2014;POINT(-53.03107528 -25.90752293)
PR;4128609;115;180;2014;POINT(-52.90777806 -25.87602139)
PR;4128609;115;185;2014;POINT(-52.90777806 -25.87602139)
PR;4128609;115;194;2014;POINT(-52.90777806 -25.87602139)
PR;4128609;115;206;2014;POINT(-52.90777806 -25.87602139)
PR;4128625;117;34;2014;POINT(-53.73101975 -23.50895304)
PR;4128633;7;16;2014;
PR;4128633;7;60;2014;POINT(-49.42278 -24.56996)
PR;4128633;7;80;2014;
PR;4128658;203;128;2014;POINT(-52.2048981 -25.3790076)
PR;4128658;203;130;2014;POINT(-52.2048981 -25.3790076)
PR;4128658;203;189;2014;
PR;4128708;73;227;2014;POINT(-52.783699 -26.268122)
PR;4128708;73;229;2014;POINT(-52.783699 -26.268122)
PR;4128807;117;15;2014;POINT(-53.598102 -23.720043)
PR;4128807;117;17;2014;POINT(-53.6251234 -23.7545306)
PR;4128807;117;19;2014;POINT(-53.6251234 -23.7545306)
PR;4128807;117;2;2014;POINT(-53.48581468 -23.73713242)
PR;4100103;82;5;2012;POINT(-50.3129843 -23.3042477)
PR;4100103;82;55;2012;POINT(-50.3137657 -23.3033626)
PR;4100202;48;1;2012;
PR;4100202;48;54;2012;POINT(-48.80923 -24.67845)
PR;4100202;48;8;2012;
PR;4100301;144;1;2012;POINT(-49.33295097 -25.98858206)
PR;4100301;144;4;2012;POINT(-49.33295097 -25.98858206)
PR;4100400;171;100;2012;POINT(-49.27352 -25.32614)
PR;4100400;171;114;2012;
PR;4100400;171;119;2012;
PR;4100400;171;121;2012;
PR;4100400;171;128;2012;POINT(-49.30879 -25.31601)
PR;4100400;171;152;2012;POINT(-49.25276 -25.34021)
PR;4100400;171;153;2012;
PR;4100400;171;160;2012;
PR;4100400;171;168;2012;
PR;4100400;171;175;2012;
PR;4100400;171;180;2012;
PR;4100400;171;188;2012;
PR;4100400;171;19;2012;
PR;4100400;171;190;2012;POINT(-49.30879 -25.31601)
PR;4100400;171;219;2012;
PR;4100400;171;22;2012;
PR;4100400;171;26;2012;
PR;4100400;171;38;2012;
PR;4100400;171;66;2012;
PR;4100400;171;67;2012;
PR;4100400;171;70;2012;
PR;4100459;169;70;2012;POINT(-52.715952 -24.798984)
PR;4100459;169;79;2012;POINT(-52.715952 -24.798984)
PR;4100509;123;10;2012;
PR;4100509;123;33;2012;POINT(-53.8061516 -23.8375641)
PR;4100509;123;47;2012;
PR;4100509;123;59;2012;
PR;4100509;123;94;2012;
PR;4100509;123;99;2012;
PR;4100608;87;20;2012;POINT(-52.2956127 -23.1294218)
PR;4100608;87;3;2012;POINT(-52.3172433 -23.1326688)
PR;4100608;87;49;2012;POINT(-52.3230737 -23.1304308)
PR;4100608;87;51;2012;POINT(-52.3230737 -23.1304308)
PR;4100707;128;12;2012;
PR;4100707;128;24;2012;POINT(-53.43955 -24.02967)
PR;4100707;128;34;2012;
PR;4100707;128;41;2012;
PR;4100806;77;10;2012;POINT(-51.22767 -22.7804)
PR;4100806;77;54;2012;POINT(-51.22767 -22.7804)
PR;4100905;138;8;2012;POINT(-52.7846865 -23.0975348)
PR;4101002;130;1;2012;POINT(-53.474666 -25.9165595)
PR;4101002;130;123;2012;POINT(-53.51098413 -25.90041362)
PR;4101002;130;142;2012;
PR;4101002;130;162;2012;POINT(-53.4690353 -25.9298927)
PR;4101002;130;26;2012;
PR;4101002;130;6;2012;POINT(-53.474666 -25.9165595)
PR;4101002;130;8;2012;POINT(-53.47282 -25.9208154)
PR;4101002;130;9;2012;POINT(-53.47282 -25.9208154)
PR;4101051;126;34;2012;POINT(-53.1335926 -24.6432162)
PR;4101051;126;48;2012;POINT(-53.1669265 -24.6945444)
PR;4101101;57;12;2012;
PR;4101101;57;17;2012;
PR;4101101;57;18;2012;
PR;4101101;57;25;2012;
PR;4101101;57;30;2012;POINT(-50.22992 -23.04524)
PR;4101101;57;53;2012;
PR;4101101;57;70;2012;
PR;4101101;57;75;2012;
PR;4101101;57;83;2012;
PR;4101200;6;16;2012;POINT(-48.7116957 -25.4311973)
PR;4101200;6;19;2012;POINT(-48.71645 -25.43045)
PR;4101200;6;4;2012;
PR;4101200;6;61;2012;POINT(-48.71645 -25.43045)
PR;4101309;12;105;2012;
PR;4101309;12;107;2012;
PR;4101309;12;109;2012;
PR;4101309;12;115;2012;
PR;4101408;150;21;2012;
PR;4101408;150;63;2012;POINT(-51.4059232 -23.6099334)
PR;4101408;179;102;2012;
PR;4101408;179;104;2012;POINT(-51.4448381 -23.5384651)
PR;4101408;179;105;2012;
PR;4101408;179;129;2012;
PR;4101408;179;137;2012;
PR;4101408;179;154;2012;POINT(-51.435447 -23.529855)
PR;4101408;179;21;2012;
PR;4101408;179;25;2012;
PR;4101408;179;28;2012;
PR;4101408;179;37;2012;POINT(-51.45021 -23.554811)
PR;4101408;179;38;2012;POINT(-51.45021 -23.554811)
PR;4101408;179;45;2012;POINT(-51.44889 -23.5525)
PR;4101408;179;47;2012;POINT(-51.44889 -23.5525)
PR;4101408;179;49;2012;
PR;4101408;179;62;2012;POINT(-51.45335 -23.53779)
PR;4101408;179;72;2012;POINT(-51.4588 -23.52752)
PR;4101408;179;98;2012;
PR;4101408;28;116;2012;POINT(-51.46074 -23.55837)
PR;4101408;28;119;2012;
PR;4101408;28;120;2012;
PR;4101408;28;18;2012;
PR;4101408;28;26;2012;
PR;4101408;28;3;2012;
PR;4101408;28;4;2012;
PR;4101408;28;45;2012;POINT(-51.4679999 -23.5539422)
PR;4101408;28;47;2012;POINT(-51.4679999 -23.5539422)
PR;4101408;28;52;2012;POINT(-51.46809 -23.55576)
PR;4101408;28;9;2012;
PR;4101507;180;1;2012;
PR;4101507;180;14;2012;POINT(-51.42969984 -23.4202779)
PR;4101507;180;39;2012;POINT(-51.4449132 -23.4099334)
PR;4101507;180;4;2012;
PR;4101507;180;43;2012;POINT(-51.4449132 -23.4099334)
PR;4101507;180;44;2012;POINT(-51.4449132 -23.4099334)
PR;4101507;180;51;2012;POINT(-51.426567 -23.426694)
PR;4101507;180;53;2012;POINT(-51.426567 -23.426694)
PR;4101507;180;73;2012;POINT(-51.433881 -23.414043)
PR;4101507;180;78;2012;POINT(-51.4515989 -23.40884729)
PR;4101507;180;80;2012;POINT(-51.4319022 -23.4195908)
PR;4101507;180;90;2012;POINT(-51.433881 -23.414043)
PR;4101507;180;93;2012;POINT(-51.4508411 -23.4059844)
PR;4101507;61;134;2012;POINT(-51.4255639 -23.417222)
PR;4101507;61;159;2012;POINT(-51.42411799 -23.40458413)
PR;4101507;61;166;2012;POINT(-51.4192279 -23.3940309)
PR;4101507;61;175;2012;POINT(-51.4252322 -23.41816415)
PR;4101507;61;178;2012;POINT(-51.419226 -23.396344)
PR;4101507;61;185;2012;POINT(-51.427014 -23.412366)
PR;4101507;61;7;2012;POINT(-51.4403566 -23.4031157)
PR;4101507;61;8;2012;POINT(-51.4403566 -23.4031157)
PR;4101606;164;23;2012;POINT(-49.88534241 -24.0676093)
PR;4101606;164;29;2012;POINT(-49.82061627 -23.99295717)
PR;4101606;164;33;2012;POINT(-49.83003936 -24.13966874)
PR;4101606;164;45;2012;POINT(-49.82549009 -24.14731952)
PR;4101606;164;5;2012;POINT(-49.82630658 -24.14696696)
PR;4101606;164;56;2012;POINT(-49.83003936 -24.13966874)
PR;4101606;164;60;2012;POINT(-49.82549009 -24.14731952)
PR;4101705;74;1;2012;
PR;4101705;74;101;2012;
PR;4101705;74;15;2012;POINT(-52.4914815 -23.9286497)
PR;4101705;74;5;2012;
PR;4101804;50;1;2012;
PR;4101804;50;108;2012;
PR;4101804;50;111;2012;POINT(-49.388493 -25.558714)
PR;4101804;50;115;2012;POINT(-49.4043163 -25.5782086)
PR;4101804;50;128;2012;
PR;4101804;50;14;2012;POINT(-49.3991528 -25.5893685)
PR;4101804;50;151;2012;
PR;4101804;50;166;2012;POINT(-49.3929605 -25.5476473)
PR;4101804;50;17;2012;POINT(-49.3991528 -25.5893685)
PR;4101804;50;173;2012;POINT(-49.3991528 -25.5893685)
PR;4101804;50;18;2012;POINT(-49.4051 -25.59121)
PR;4101804;50;181;2012;
PR;4101804;50;185;2012;POINT(-49.3867079 -25.6102258)
PR;4101804;50;20;2012;POINT(-49.4051 -25.59121)
PR;4101804;50;219;2012;POINT(-49.3812003 -25.5428256)
PR;4101804;50;220;2012;
PR;4101804;50;227;2012;POINT(-49.3717056 -25.5993805)
PR;4101804;50;23;2012;POINT(-49.4051 -25.59121)
PR;4101804;50;258;2012;POINT(-49.401025 -25.555127)
PR;4101804;50;259;2012;POINT(-49.406626 -25.576786)
PR;4101804;50;265;2012;POINT(-49.3863665 -25.5880128)
PR;4101804;50;269;2012;
PR;4101804;50;44;2012;POINT(-49.406626 -25.576786)
PR;4101804;50;64;2012;POINT(-49.354949 -25.5480866)
PR;4101804;50;68;2012;POINT(-49.3628624 -25.5317859)
PR;4101804;50;75;2012;
PR;4101804;50;89;2012;
PR;4101853;152;110;2012;
PR;4101903;35;24;2012;
PR;4101903;35;36;2012;
PR;4101903;35;37;2012;
PR;4101903;35;39;2012;POINT(-50.8470416 -23.3664593)
PR;4101903;35;70;2012;POINT(-50.8430904 -23.3711843)
PR;4102000;113;108;2012;POINT(-53.5177088 -24.3895871)
PR;4102000;113;21;2012;
PR;4102000;113;33;2012;POINT(-53.5221977 -24.4080078)
PR;4102000;113;41;2012;POINT(-53.5164096 -24.3959574)
PR;4102000;113;58;2012;
PR;4102000;113;68;2012;
PR;4102000;113;70;2012;POINT(-53.52417 -24.38028)
PR;4102000;113;71;2012;
PR;4102000;113;77;2012;
PR;4102000;113;79;2012;
PR;4102109;67;16;2012;POINT(-51.6692179 -23.2390535)
PR;4102109;67;18;2012;
PR;4102109;67;29;2012;POINT(-51.6742729 -23.2379145)
PR;4102109;67;6;2012;POINT(-51.6692179 -23.2390535)
PR;4102208;71;102;2012;POINT(-52.0510495 -23.1507931)
PR;4102208;71;2;2012;POINT(-52.0851258 -23.1157079)
PR;4102208;71;92;2012;POINT(-52.0851258 -23.1157079)
PR;4102307;182;128;2012;POINT(-49.5856071 -25.466518)
PR;4102307;182;136;2012;POINT(-49.6216682 -25.4970186)
PR;4102307;182;14;2012;POINT(-49.6216682 -25.4970186)
PR;4102307;182;2;2012;
PR;4102307;182;97;2012;
PR;4102406;58;51;2012;
PR;4102406;58;52;2012;
PR;4102406;58;72;2012;
PR;4102406;58;93;2012;
PR;4102406;58;98;2012;
PR;4102505;133;15;2012;POINT(-52.0056503 -24.0291864)
PR;4102505;133;17;2012;POINT(-52.01283 -24.03147)
PR;4102505;133;3;2012;POINT(-52.011932 -24.02401)
PR;4102505;133;4;2012;POINT(-52.011932 -24.02401)
PR;4102505;133;43;2012;POINT(-52.220276 -24.1820239)
PR;4102505;133;48;2012;POINT(-51.9996015 -24.0321803)
PR;4102505;133;51;2012;POINT(-51.9993795 -24.022253)
PR;4102505;133;52;2012;
PR;4102505;133;8;2012;POINT(-52.0056503 -24.0291864)
PR;4102505;133;9;2012;POINT(-52.0056503 -24.0291864)
PR;4102604;131;117;2012;
PR;4102604;131;12;2012;POINT(-53.45110731 -26.23467286)
PR;4102604;131;20;2012;
PR;4102703;57;54;2012;POINT(-50.1805686 -23.1151166)
PR;4102703;57;61;2012;POINT(-50.1805686 -23.1151166)
PR;4102752;107;148;2012;
PR;4102802;77;29;2012;POINT(-51.1901531 -22.9992144)
PR;4102802;77;31;2012;POINT(-51.1901531 -22.9992144)
PR;4102802;77;34;2012;POINT(-51.1901531 -22.9992144)
PR;4102802;77;37;2012;POINT(-51.1901531 -22.9992144)
PR;4102802;77;50;2012;POINT(-51.2100076 -22.9704174)
PR;4102802;77;52;2012;POINT(-51.2100076 -22.9704174)
PR;4102901;153;158;2012;POINT(-51.395275 -26.2071863)
PR;4102901;153;5;2012;POINT(-51.55303 -26.1651162)
PR;4103008;170;12;2012;POINT(-52.78738 -24.24521)
PR;4103008;170;15;2012;
PR;4103008;170;16;2012;
PR;4103008;170;18;2012;
PR;4103040;38;166;2012;
PR;4103156;131;9;2012;POINT(-53.5975907 -26.1952087)
PR;4103222;73;170;2012;
PR;4103222;73;28;2012;POINT(-52.8343 -26.07336)
PR;4103305;110;22;2012;
PR;4103305;110;26;2012;POINT(-51.5855142 -23.9400609)
PR;4103305;110;8;2012;POINT(-51.59269 -23.93788)
PR;4103354;126;123;2012;
PR;4103354;126;94;2012;
PR;4103370;128;26;2012;POINT(-53.5261969 -24.2007967)
PR;4103453;126;121;2012;POINT(-53.3245 -24.61799)
PR;4103479;97;30;2012;POINT(-53.51723 -23.90331)
PR;4103503;76;65;2012;POINT(-51.3575781 -23.6661029)
PR;4103602;25;25;2012;POINT(-50.0724643 -23.0482404)
PR;4103602;25;48;2012;POINT(-50.07533441 -23.05142676)
PR;4103602;25;49;2012;POINT(-50.07533441 -23.05142676)
PR;4103602;25;50;2012;POINT(-50.08170637 -23.04295508)
PR;4103602;25;53;2012;POINT(-50.08170637 -23.04295508)
PR;4103602;25;56;2012;POINT(-50.08714563 -23.03050483)
PR;4103602;25;7;2012;POINT(-50.0755524 -23.04307)
PR;4103701;181;1;2012;
PR;4103701;181;107;2012;POINT(-51.25753 -23.26882)
PR;4103701;181;112;2012;POINT(-51.270985 -23.2761232)
PR;4103701;181;12;2012;POINT(-51.21624 -23.3069)
PR;4103701;181;14;2012;POINT(-51.21624 -23.3069)
PR;4103701;181;21;2012;POINT(-51.21881 -23.31163)
PR;4103701;181;22;2012;POINT(-51.21881 -23.31163)
PR;4103701;181;31;2012;POINT(-51.23685 -23.28995)
PR;4103701;181;63;2012;
PR;4103701;181;67;2012;POINT(-51.23685 -23.28995)
PR;4103701;181;68;2012;POINT(-51.2232789 -23.3119286)
PR;4103701;181;74;2012;POINT(-51.26602 -23.27645)
PR;4103701;181;75;2012;
PR;4103701;181;79;2012;
PR;4103701;181;85;2012;
PR;4103701;78;105;2012;POINT(-51.27831949 -23.27740568)
PR;4103701;78;106;2012;POINT(-51.27831949 -23.27740568)
PR;4103701;78;133;2012;
PR;4103701;78;25;2012;POINT(-51.2845818 -23.2749217)
PR;4103701;78;29;2012;POINT(-51.2845818 -23.2749217)
PR;4103701;78;33;2012;
PR;4103701;78;39;2012;
PR;4103701;78;40;2012;POINT(-51.26763 -23.28274)
PR;4103701;78;43;2012;POINT(-51.26763 -23.28274)
PR;4103701;78;46;2012;POINT(-51.26763 -23.28274)
PR;4103800;150;32;2012;POINT(-51.57697 -23.59832)
PR;4103909;169;13;2012;POINT(-52.79896 -24.5909)
PR;4103909;169;16;2012;POINT(-52.79896 -24.5909)
PR;4103909;169;31;2012;POINT(-52.8063221 -24.5915864)
PR;4103958;44;160;2012;
PR;4103958;44;201;2012;
PR;4103958;44;4;2012;
PR;4103958;44;47;2012;
PR;4104006;195;127;2012;POINT(-49.0822537 -25.3510362)
PR;4104006;195;128;2012;
PR;4104006;195;24;2012;
PR;4104006;195;25;2012;
PR;4104006;195;27;2012;POINT(-48.83648 -25.11122)
PR;4104006;195;80;2012;POINT(-49.1091248 -25.35668)
PR;4104006;195;92;2012;POINT(-49.0830648 -25.3459682)
PR;4104006;195;93;2012;
PR;4104006;195;94;2012;POINT(-49.0721466 -25.338975)
PR;4104006;195;95;2012;POINT(-49.0995363 -25.362218)
PR;4104006;195;98;2012;POINT(-49.0822537 -25.3510362)
PR;4104204;182;105;2012;
PR;4104204;182;138;2012;
PR;4104204;182;28;2012;
PR;4104204;182;62;2012;
PR;4104204;182;77;2012;
PR;4104204;182;89;2012;
PR;4104204;9;148;2012;POINT(-49.5624751 -25.4690617)
PR;4104204;9;151;2012;
PR;4104204;9;169;2012;POINT(-49.5624751 -25.4690617)
PR;4104204;9;182;2012;POINT(-49.5285194 -25.4563408)
PR;4104204;9;228;2012;POINT(-49.5315616 -25.4534441)
PR;4104204;9;35;2012;POINT(-49.5296764 -25.459711)
PR;4104204;9;56;2012;POINT(-49.5253245 -25.4608864)
PR;4104204;9;61;2012;POINT(-49.5285194 -25.4563408)
PR;4104204;9;67;2012;POINT(-49.554422 -25.4538658)
PR;4104204;9;70;2012;POINT(-49.554422 -25.4538658)
PR;4104204;9;78;2012;
PR;4104204;9;80;2012;
PR;4104204;9;89;2012;POINT(-49.5624751 -25.4690617)
PR;4104204;9;91;2012;
PR;4104253;171;109;2012;POINT(-49.36676145 -25.38000611)
PR;4104253;171;135;2012;POINT(-49.38698009 -25.35482724)
PR;4104253;171;164;2012;POINT(-49.38940715 -25.3923305)
PR;4104253;171;232;2012;POINT(-49.42604363 -25.3701275)
PR;4104253;171;80;2012;POINT(-49.3599471 -25.37648005)
PR;4104303;183;137;2012;POINT(-52.3631258 -23.9977209)
PR;4104303;183;14;2012;POINT(-52.41931 -24.05539)
PR;4104303;183;144;2012;POINT(-52.4074758 -24.0491754)
PR;4104303;183;22;2012;POINT(-52.3702914 -24.0236521)
PR;4104303;183;25;2012;POINT(-52.3702914 -24.0236521)
PR;4104303;183;49;2012;POINT(-52.354285 -24.019304)
PR;4104303;183;50;2012;POINT(-52.3511833 -24.0073446)
PR;4104303;183;52;2012;POINT(-52.3631258 -23.9977209)
PR;4104303;183;56;2012;
PR;4104303;183;72;2012;POINT(-52.3511833 -24.0073446)
PR;4104303;183;77;2012;POINT(-52.3904921 -24.0369771)
PR;4104303;183;84;2012;POINT(-52.356064 -24.022113)
PR;4104303;183;88;2012;POINT(-52.3511833 -24.0073446)
PR;4104303;183;9;2012;POINT(-52.41931 -24.05539)
PR;4104303;31;11;2012;
PR;4104303;31;122;2012;POINT(-52.37406 -24.03228)
PR;4104303;31;168;2012;POINT(-52.3703839 -24.0327293)
PR;4104303;31;2;2012;
PR;4104303;31;34;2012;POINT(-52.3703839 -24.0327293)
PR;4104303;31;44;2012;POINT(-52.380832 -24.040509)
PR;4104303;31;48;2012;
PR;4104303;31;53;2012;
PR;4104303;31;54;2012;
PR;4104303;31;57;2012;
PR;4104402;106;14;2012;
PR;4104402;106;36;2012;
PR;4104402;106;4;2012;POINT(-51.34437 -24.57331)
PR;4104402;106;41;2012;POINT(-51.13937 -24.83327)
PR;4104402;106;62;2012;
PR;4104428;44;52;2012;
PR;4104428;44;53;2012;
PR;4104428;44;63;2012;POINT(-52.3609835 -25.6697769)
PR;4104428;44;67;2012;
PR;4104428;44;82;2012;
PR;4104451;203;165;2012;
PR;4104501;107;11;2012;POINT(-53.79981 -25.66688)
PR;4104501;107;157;2012;POINT(-53.8085 -25.65893)
PR;4104501;107;18;2012;
PR;4104501;107;22;2012;
PR;4104501;107;45;2012;
PR;4104501;107;7;2012;
PR;4104600;165;12;2012;
PR;4104600;165;4;2012;POINT(-53.61079 -25.48065)
PR;4104600;165;6;2012;POINT(-53.61079 -25.48065)
PR;4104600;165;77;2012;POINT(-53.61079 -25.48065)
PR;4104659;16;145;2012;
PR;4104659;16;153;2012;POINT(-50.1115643 -24.952676)
PR;4104659;16;158;2012;POINT(-50.1115643 -24.952676)
PR;4104659;16;165;2012;
PR;4104659;16;185;2012;
PR;4104659;16;190;2012;
PR;4104659;16;193;2012;
PR;4104659;16;35;2012;POINT(-50.1115643 -24.952676)
PR;4104709;56;12;2012;POINT(-49.7267848 -23.4317179)
PR;4104709;56;15;2012;POINT(-49.7267848 -23.4317179)
PR;4104709;56;17;2012;POINT(-49.7221086 -23.4264435)
PR;4104709;56;23;2012;POINT(-49.7267848 -23.4317179)
PR;4104709;56;30;2012;POINT(-49.72065 -23.4263)
PR;4104709;56;32;2012;POINT(-49.7153363 -23.420887)
PR;4104709;56;36;2012;POINT(-49.7111133 -23.431026)
PR;4104709;56;4;2012;POINT(-49.72065 -23.4263)
PR;4104808;143;112;2012;
PR;4104808;143;121;2012;
PR;4104808;143;126;2012;POINT(-53.47374 -24.97266)
PR;4104808;143;127;2012;POINT(-53.4636832 -24.9601027)
PR;4104808;143;132;2012;POINT(-53.4636832 -24.9601027)
PR;4104808;143;159;2012;
PR;4104808;143;168;2012;
PR;4104808;143;193;2012;
PR;4104808;143;246;2012;
PR;4104808;143;268;2012;
PR;4104808;143;303;2012;
PR;4104808;143;316;2012;POINT(-53.4636832 -24.9601027)
PR;4104808;143;56;2012;
PR;4104808;143;60;2012;
PR;4104808;143;82;2012;POINT(-53.45907 -24.95752)
PR;4104808;184;104;2012;POINT(-53.4036813 -24.936828)
PR;4104808;184;105;2012;
PR;4104808;184;118;2012;POINT(-53.4036813 -24.936828)
PR;4104808;184;119;2012;POINT(-53.4502454 -24.9703243)
PR;4104808;184;141;2012;POINT(-53.4502454 -24.9703243)
PR;4104808;184;153;2012;POINT(-53.4137242 -24.9697976)
PR;4104808;184;155;2012;
PR;4104808;184;22;2012;POINT(-53.4409091 -24.926179)
PR;4104808;184;32;2012;POINT(-53.4025662 -24.9616875)
PR;4104808;184;45;2012;
PR;4104808;184;48;2012;POINT(-53.4212693 -24.9701623)
PR;4104808;184;53;2012;POINT(-53.4212693 -24.9701623)
PR;4104808;184;6;2012;POINT(-53.4036813 -24.936828)
PR;4104808;184;82;2012;POINT(-53.4507473 -24.9570014)
PR;4104808;184;83;2012;POINT(-53.4507473 -24.9570014)
PR;4104808;184;90;2012;POINT(-53.443 -24.99078)
PR;4104808;184;99;2012;
PR;4104808;185;10;2012;POINT(-53.4232739 -24.9152811)
PR;4104808;185;11;2012;POINT(-53.4232739 -24.9152811)
PR;4104808;185;114;2012;POINT(-53.414501 -24.932158)
PR;4104808;185;12;2012;POINT(-53.4232739 -24.9152811)
PR;4104808;185;128;2012;POINT(-53.414501 -24.932158)
PR;4104808;185;136;2012;POINT(-53.41377 -24.93985)
PR;4104808;185;18;2012;POINT(-53.4232739 -24.9152811)
PR;4104808;185;23;2012;POINT(-53.4136073 -24.9456211)
PR;4104808;185;27;2012;POINT(-53.4136073 -24.9456211)
PR;4104808;185;33;2012;POINT(-53.4380516 -24.9164811)
PR;4104808;185;46;2012;POINT(-53.44632 -24.94684)
PR;4104808;185;59;2012;POINT(-53.4404591 -24.9443431)
PR;4104808;185;71;2012;POINT(-53.423326 -24.9356128)
PR;4104808;185;76;2012;POINT(-53.42493 -24.93028)
PR;4104808;185;80;2012;POINT(-53.4232739 -24.9152811)
PR;4104808;185;92;2012;POINT(-53.4251645 -24.9387608)
PR;4104808;185;95;2012;POINT(-53.4232739 -24.9152811)
PR;4104808;68;10;2012;POINT(-53.473197 -24.9433512)
PR;4104808;68;162;2012;POINT(-53.4556167 -24.9541314)
PR;4104808;68;296;2012;POINT(-53.40463 -24.94447)
PR;4104808;68;32;2012;
PR;4104808;68;327;2012;POINT(-53.4833109 -24.9466555)
PR;4104808;68;328;2012;POINT(-53.4833109 -24.9466555)
PR;4104808;68;352;2012;POINT(-53.4822298 -24.9634848)
PR;4104808;68;353;2012;
PR;4104808;68;356;2012;POINT(-53.4351204 -24.9200835)
PR;4104808;68;357;2012;
PR;4104808;68;369;2012;
PR;4104808;68;372;2012;
PR;4104808;68;374;2012;POINT(-53.4833109 -24.9466555)
PR;4104808;68;376;2012;
PR;4104808;68;377;2012;POINT(-53.4899826 -24.9454441)
PR;4104808;68;380;2012;POINT(-53.42156 -24.92422)
PR;4104808;68;389;2012;
PR;4104808;68;395;2012;POINT(-53.42156 -24.92422)
PR;4104808;68;83;2012;
PR;4104808;68;86;2012;
PR;4104808;68;94;2012;POINT(-53.4822298 -24.9634848)
PR;4104907;16;100;2012;POINT(-50.0111061 -24.7882258)
PR;4104907;16;104;2012;POINT(-49.9896336 -24.8027216)
PR;4104907;16;120;2012;
PR;4104907;16;137;2012;
PR;4104907;16;169;2012;POINT(-50.0009 -24.78817)
PR;4104907;16;17;2012;POINT(-50.0129727 -24.7933827)
PR;4104907;16;18;2012;POINT(-50.0129727 -24.7933827)
PR;4104907;16;194;2012;POINT(-50.0071623 -24.7735689)
PR;4104907;16;198;2012;POINT(-49.9984108 -24.8100701)
PR;4104907;16;23;2012;POINT(-50.0009 -24.78817)
PR;4104907;16;49;2012;
PR;4104907;16;58;2012;POINT(-50.009496 -24.779153)
PR;4104907;16;60;2012;POINT(-50.0048498 -24.7860917)
PR;4104907;16;66;2012;
PR;4104907;16;68;2012;
PR;4104907;16;73;2012;
PR;4104907;16;75;2012;
PR;4104907;16;85;2012;
PR;4104907;16;88;2012;
PR;4104907;16;90;2012;
PR;4104907;16;92;2012;
PR;4105003;166;14;2012;POINT(-53.1526154 -25.2095356)
PR;4105003;166;29;2012;
PR;4105201;7;10;2012;POINT(-49.263905 -24.8255277)
PR;4105201;7;12;2012;POINT(-49.263905 -24.8255277)
PR;4105201;7;28;2012;
PR;4105201;7;53;2012;POINT(-49.41153 -24.73181)
PR;4105201;7;65;2012;POINT(-49.263905 -24.8255277)
PR;4105201;7;68;2012;POINT(-49.263905 -24.8255277)
PR;4105201;7;76;2012;
PR;4105201;7;83;2012;
PR;4105300;118;60;2012;POINT(-53.8478132 -25.1462194)
PR;4105300;118;71;2012;POINT(-53.8491594 -25.1472486)
PR;4105409;103;186;2012;POINT(-52.5277407 -25.8514112)
PR;4105409;103;191;2012;
PR;4105409;103;29;2012;
PR;4105409;103;5;2012;POINT(-52.5274335 -25.8547448)
PR;4105409;103;52;2012;
PR;4105409;103;9;2012;
PR;4105508;88;104;2012;POINT(-52.6114774 -23.6514856)
PR;4105508;88;116;2012;POINT(-52.6296306 -23.6683363)
PR;4105508;88;12;2012;POINT(-52.6105897 -23.6468529)
PR;4105508;88;125;2012;POINT(-52.5914699 -23.6691439)
PR;4105508;88;13;2012;POINT(-52.6105897 -23.6468529)
PR;4105508;88;143;2012;POINT(-52.6323589 -23.681603)
PR;4105508;88;15;2012;POINT(-52.6105897 -23.6468529)
PR;4105508;88;22;2012;POINT(-52.5946582 -23.6698116)
PR;4105508;88;30;2012;POINT(-52.5977088 -23.6597193)
PR;4105508;88;35;2012;POINT(-52.5977088 -23.6597193)
PR;4105508;88;4;2012;
PR;4105508;88;40;2012;POINT(-52.5977088 -23.6597193)
PR;4105508;88;42;2012;POINT(-52.6174 -23.66309)
PR;4105508;88;46;2012;POINT(-52.6174 -23.66309)
PR;4105508;88;5;2012;
PR;4105508;88;52;2012;POINT(-52.6114567 -23.6693739)
PR;4105508;88;88;2012;POINT(-52.6174 -23.66309)
PR;4105508;88;95;2012;POINT(-52.6114567 -23.6693739)
PR;4105607;127;13;2012;
PR;4105607;127;9;2012;POINT(-52.9402324 -23.3877276)
PR;4105607;127;93;2012;
PR;4105706;47;60;2012;
PR;4105706;47;70;2012;POINT(-52.3591555 -26.4032357)
PR;4105805;186;103;2012;POINT(-49.179636 -25.3661472)
PR;4105805;186;117;2012;POINT(-49.1480849 -25.3271998)
PR;4105805;186;118;2012;POINT(-49.179164 -25.372321)
PR;4105805;186;135;2012;POINT(-49.1680455 -25.3823709)
PR;4105805;186;137;2012;POINT(-49.179164 -25.372321)
PR;4105805;186;140;2012;POINT(-49.20153 -25.3738355)
PR;4105805;186;151;2012;POINT(-49.1861928 -25.3613441)
PR;4105805;186;152;2012;POINT(-49.179164 -25.372321)
PR;4105805;186;160;2012;
PR;4105805;186;164;2012;POINT(-49.1680455 -25.3823709)
PR;4105805;186;173;2012;POINT(-49.1480849 -25.3271998)
PR;4105805;186;195;2012;
PR;4105805;186;200;2012;POINT(-49.1507551 -25.3389769)
PR;4105805;186;212;2012;POINT(-49.1866737 -25.3790423)
PR;4105805;186;216;2012;POINT(-49.1578571 -25.3853996)
PR;4105805;186;218;2012;POINT(-49.1740133 -25.3662568)
PR;4105805;186;226;2012;POINT(-49.15617217 -25.36062001)
PR;4105805;186;232;2012;POINT(-49.1901168 -25.3834929)
PR;4105805;186;35;2012;POINT(-49.20153 -25.3738355)
PR;4105805;186;36;2012;POINT(-49.20153 -25.3738355)
PR;4105805;186;70;2012;POINT(-49.12269 -25.37477)
PR;4105805;186;75;2012;POINT(-49.1507551 -25.3389769)
PR;4105805;186;81;2012;POINT(-49.1894195 -25.3835052)
PR;4105805;49;101;2012;POINT(-49.18797924 -25.25398158)
PR;4105805;49;109;2012;POINT(-49.1955709 -25.3427858)
PR;4105805;49;11;2012;POINT(-49.1997429 -25.3492255)
PR;4105805;49;164;2012;
PR;4105805;49;198;2012;POINT(-49.19707 -25.34336)
PR;4105805;49;202;2012;POINT(-49.23145 -25.31888)
PR;4105805;49;205;2012;
PR;4105805;49;212;2012;POINT(-49.1882819 -25.3482124)
PR;4105805;49;214;2012;POINT(-49.2080346 -25.3350617)
PR;4105805;49;215;2012;POINT(-49.2301914 -25.2923358)
PR;4105805;49;55;2012;POINT(-49.2311177 -25.318711)
PR;4105904;95;103;2012;
PR;4105904;95;109;2012;POINT(-51.96905 -22.83528)
PR;4105904;95;28;2012;POINT(-51.9691786 -22.8351273)
PR;4105904;95;9;2012;POINT(-51.96905 -22.83528)
PR;4106209;10;246;2012;POINT(-49.52764 -25.6785)
PR;4106209;10;32;2012;
PR;4106209;10;36;2012;
PR;4106209;10;39;2012;
PR;4106308;126;12;2012;POINT(-53.2989497 -24.7967085)
PR;4106308;126;120;2012;POINT(-53.3021239 -24.8056629)
PR;4106308;126;18;2012;POINT(-53.2897831 -24.7982016)
PR;4106308;126;21;2012;POINT(-53.295651 -24.7988027)
PR;4106308;126;8;2012;POINT(-53.2989497 -24.7967085)
PR;4106407;26;1;2012;POINT(-50.62804 -23.16942)
PR;4106407;26;138;2012;POINT(-50.62804 -23.16942)
PR;4106407;26;142;2012;
PR;4106407;26;32;2012;
PR;4106407;26;35;2012;
PR;4106407;26;49;2012;POINT(-50.66185 -23.1831)
PR;4106407;26;58;2012;POINT(-50.6514 -23.18928)
PR;4106407;26;76;2012;
PR;4106456;32;114;2012;
PR;4106456;32;50;2012;
PR;4106506;101;113;2012;
PR;4106506;101;119;2012;
PR;4106506;101;124;2012;POINT(-52.56302 -25.99961)
PR;4106506;101;55;2012;POINT(-52.5680478 -25.9842772)
PR;4106506;101;56;2012;POINT(-52.5680478 -25.9842772)
PR;4106506;101;80;2012;
PR;4106555;133;29;2012;POINT(-52.11516 -24.1)
PR;4106571;115;41;2012;POINT(-53.1323852 -25.6166008)
PR;4106605;86;10;2012;
PR;4106605;86;145;2012;POINT(-53.0856075 -23.5329155)
PR;4106605;86;22;2012;POINT(-53.0731717 -23.7897146)
PR;4106605;86;35;2012;POINT(-53.0693306 -23.7791664)
PR;4106605;86;37;2012;POINT(-53.0860964 -23.7838587)
PR;4106605;86;40;2012;POINT(-53.0860964 -23.7838587)
PR;4106605;86;41;2012;POINT(-53.0860964 -23.7838587)
PR;4106605;86;9;2012;
PR;4106704;91;6;2012;POINT(-52.16488282 -22.95892009)
PR;4106704;91;7;2012;POINT(-52.16488282 -22.95892009)
PR;4106704;91;9;2012;POINT(-52.16488282 -22.95892009)
PR;4106803;153;110;2012;
PR;4106803;153;114;2012;
PR;4106803;153;116;2012;
PR;4106803;153;122;2012;
PR;4106803;153;149;2012;
PR;4106803;153;34;2012;POINT(-51.3497856 -26.0192465)
PR;4106902;1;116;2012;POINT(-49.29423 -25.41178)
PR;4106902;1;146;2012;
PR;4106902;1;188;2012;POINT(-49.29 -25.39682)
PR;4106902;1;202;2012;POINT(-49.2843755 -25.3886582)
PR;4106902;1;205;2012;POINT(-49.2718 -25.41516)
PR;4106902;1;206;2012;POINT(-49.2718 -25.41516)
PR;4106902;1;214;2012;POINT(-49.29478 -25.38875)
PR;4106902;1;341;2012;
PR;4106902;1;365;2012;POINT(-49.26578 -25.4039)
PR;4106902;1;376;2012;
PR;4106902;1;395;2012;POINT(-49.2638309 -25.4182409)
PR;4106902;1;403;2012;POINT(-49.26825 -25.37229)
PR;4106902;1;414;2012;POINT(-49.26447 -25.3668)
PR;4106902;1;415;2012;POINT(-49.26447 -25.3668)
PR;4106902;1;421;2012;POINT(-49.257854 -25.376371)
PR;4106902;1;426;2012;POINT(-49.257854 -25.376371)
PR;4106902;1;432;2012;POINT(-49.26006 -25.36691)
PR;4106902;1;434;2012;POINT(-49.26006 -25.36691)
PR;4106902;1;445;2012;POINT(-49.2475183 -25.3920358)
PR;4106902;1;446;2012;POINT(-49.2475183 -25.3920358)
PR;4106902;1;450;2012;POINT(-49.2475183 -25.3920358)
PR;4106902;1;451;2012;POINT(-49.2475183 -25.3920358)
PR;4106902;1;458;2012;POINT(-49.2475183 -25.3920358)
PR;4106902;1;470;2012;POINT(-49.2551185 -25.3530632)
PR;4106902;1;474;2012;
PR;4106902;1;481;2012;POINT(-49.2622446 -25.3864775)
PR;4106902;1;484;2012;POINT(-49.2622446 -25.3864775)
PR;4106902;1;535;2012;POINT(-49.274054 -25.4499445)
PR;4106902;1;539;2012;POINT(-49.2695067 -25.3706022)
PR;4106902;1;549;2012;POINT(-49.295205 -25.379914)
PR;4106902;1;556;2012;POINT(-49.257854 -25.376371)
PR;4106902;1;562;2012;POINT(-49.29423 -25.41178)
PR;4106902;1;584;2012;
PR;4106902;1;600;2012;POINT(-49.274054 -25.4499445)
PR;4106902;1;605;2012;POINT(-49.2683156 -25.3898801)
PR;4106902;1;629;2012;POINT(-49.2551185 -25.3530632)
PR;4106902;145;288;2012;POINT(-49.2864442 -25.5195668)
PR;4106902;145;293;2012;POINT(-49.29161 -25.53232833)
PR;4106902;145;304;2012;POINT(-49.268077 -25.5264044)
PR;4106902;145;307;2012;POINT(-49.296779 -25.5350154)
PR;4106902;145;308;2012;POINT(-49.296779 -25.5350154)
PR;4106902;145;311;2012;POINT(-49.2864442 -25.5195668)
PR;4106902;145;318;2012;POINT(-49.2881236 -25.5319088)
PR;4106902;145;333;2012;POINT(-49.3000709 -25.5184881)
PR;4106902;145;352;2012;POINT(-49.274446 -25.5364367)
PR;4106902;145;360;2012;POINT(-49.2761753 -25.5449172)
PR;4106902;145;361;2012;POINT(-49.2706265 -25.529529)
PR;4106902;145;372;2012;POINT(-49.2684788 -25.534911)
PR;4106902;145;382;2012;POINT(-49.28355086 -25.54451019)
PR;4106902;145;408;2012;POINT(-49.2658 -25.50003)
PR;4106902;145;413;2012;POINT(-49.2658 -25.50003)
PR;4106902;145;421;2012;POINT(-49.27687 -25.51508)
PR;4106902;145;426;2012;POINT(-49.27687 -25.51508)
PR;4106902;145;443;2012;POINT(-49.27687 -25.51508)
PR;4106902;145;454;2012;
PR;4106902;145;516;2012;POINT(-49.274446 -25.5364367)
PR;4106902;145;522;2012;POINT(-49.2612093 -25.5426579)
PR;4106902;145;525;2012;POINT(-49.2871768 -25.5235771)
PR;4106902;145;548;2012;POINT(-49.2793624 -25.5054199)
PR;4106902;145;568;2012;POINT(-49.2631859 -25.5117184)
PR;4106902;145;591;2012;POINT(-49.27293577 -25.54247471)
PR;4106902;145;615;2012;POINT(-49.257019 -25.544061)
PR;4106902;145;616;2012;
PR;4106902;145;628;2012;POINT(-49.257019 -25.544061)
PR;4106902;145;639;2012;POINT(-49.2740937 -25.5067359)
PR;4106902;145;642;2012;POINT(-49.2749559 -25.5276174)
PR;4106902;145;648;2012;POINT(-49.2767852 -25.5931538)
PR;4106902;145;655;2012;POINT(-49.27293577 -25.54247471)
PR;4106902;145;657;2012;POINT(-49.2522683 -25.5439566)
PR;4106902;145;658;2012;POINT(-49.2740937 -25.5067359)
PR;4106902;145;668;2012;
PR;4106902;145;679;2012;POINT(-49.2749559 -25.5276174)
PR;4106902;145;680;2012;POINT(-49.2864442 -25.5195668)
PR;4106902;145;686;2012;
PR;4106902;145;689;2012;POINT(-49.27293577 -25.54247471)
PR;4106902;145;701;2012;POINT(-49.247129 -25.5539096)
PR;4106902;145;702;2012;POINT(-49.295719 -25.5344734)
PR;4106902;145;704;2012;POINT(-49.280369 -25.5588668)
PR;4106902;145;706;2012;POINT(-49.247129 -25.5539096)
PR;4106902;145;709;2012;POINT(-49.295719 -25.5344734)
PR;4106902;145;719;2012;
PR;4106902;145;721;2012;
PR;4106902;145;723;2012;POINT(-49.295719 -25.5344734)
PR;4106902;145;730;2012;POINT(-49.2711969 -25.5453222)
PR;4106902;145;735;2012;
PR;4106902;145;738;2012;POINT(-49.25605369 -25.5379085)
PR;4106902;145;745;2012;POINT(-49.2832717 -25.5356551)
PR;4106902;145;793;2012;POINT(-49.267039 -25.499976)
PR;4106902;174;106;2012;POINT(-49.23956 -25.53596)
PR;4106902;174;125;2012;POINT(-49.25339 -25.50324)
PR;4106902;174;134;2012;POINT(-49.23816 -25.52102)
PR;4106902;174;142;2012;POINT(-49.2441424 -25.5025933)
PR;4106902;174;145;2012;POINT(-49.2441424 -25.5025933)
PR;4106902;174;157;2012;POINT(-49.261717 -25.491654)
PR;4106902;174;16;2012;POINT(-49.2247213 -25.5153987)
PR;4106902;174;165;2012;POINT(-49.2427686 -25.495382)
PR;4106902;174;166;2012;POINT(-49.2427686 -25.495382)
PR;4106902;174;168;2012;POINT(-49.25593 -25.47619)
PR;4106902;174;182;2012;POINT(-49.25393 -25.48025)
PR;4106902;174;201;2012;POINT(-49.2427686 -25.495382)
PR;4106902;174;202;2012;POINT(-49.237771 -25.4634239)
PR;4106902;174;205;2012;POINT(-49.25339 -25.50324)
PR;4106902;174;208;2012;POINT(-49.22847 -25.51021)
PR;4106902;174;210;2012;POINT(-49.2543623 -25.5289027)
PR;4106902;174;212;2012;POINT(-49.2214002 -25.5070192)
PR;4106902;174;221;2012;POINT(-49.23882 -25.53702)
PR;4106902;174;245;2012;POINT(-49.2543623 -25.5289027)
PR;4106902;174;256;2012;POINT(-49.2214002 -25.5070192)
PR;4106902;174;263;2012;POINT(-49.2427686 -25.495382)
PR;4106902;174;277;2012;POINT(-49.25489 -25.5319)
PR;4106902;174;286;2012;POINT(-49.2441424 -25.5025933)
PR;4106902;174;296;2012;POINT(-49.25393 -25.48025)
PR;4106902;174;298;2012;POINT(-49.24658 -25.4798)
PR;4106902;174;306;2012;POINT(-49.24114 -25.52971)
PR;4106902;174;310;2012;POINT(-49.227459 -25.502442)
PR;4106902;174;317;2012;POINT(-49.233785 -25.52399)
PR;4106902;174;318;2012;POINT(-49.25367 -25.48193)
PR;4106902;174;332;2012;POINT(-49.2462154 -25.514719)
PR;4106902;174;346;2012;POINT(-49.2438906 -25.5361649)
PR;4106902;174;369;2012;POINT(-49.23882 -25.53702)
PR;4106902;174;40;2012;POINT(-49.2357525 -25.4995741)
PR;4106902;174;52;2012;
PR;4106902;174;54;2012;
PR;4106902;174;56;2012;
PR;4106902;174;58;2012;POINT(-49.237771 -25.4634239)
PR;4106902;174;59;2012;POINT(-49.237771 -25.4634239)
PR;4106902;174;60;2012;POINT(-49.237771 -25.4634239)
PR;4106902;174;80;2012;POINT(-49.25489 -25.5319)
PR;4106902;174;88;2012;POINT(-49.2464187 -25.5299817)
PR;4106902;174;90;2012;POINT(-49.2464187 -25.5299817)
PR;4106902;174;91;2012;POINT(-49.2464187 -25.5299817)
PR;4106902;174;94;2012;POINT(-49.2464187 -25.5299817)
PR;4106902;175;101;2012;
PR;4106902;175;104;2012;POINT(-49.30331 -25.5023)
PR;4106902;175;11;2012;POINT(-49.3483639 -25.501447)
PR;4106902;175;110;2012;POINT(-49.3528905 -25.6168749)
PR;4106902;175;111;2012;POINT(-49.3234288 -25.5959735)
PR;4106902;175;118;2012;POINT(-49.2928794 -25.5510796)
PR;4106902;175;12;2012;POINT(-49.32368 -25.50394)
PR;4106902;175;156;2012;POINT(-49.3315097 -25.559091)
PR;4106902;175;173;2012;POINT(-49.2809825 -25.4963996)
PR;4106902;175;186;2012;POINT(-49.3315097 -25.559091)
PR;4106902;175;195;2012;POINT(-49.3483639 -25.501447)
PR;4106902;175;206;2012;POINT(-49.339091 -25.560104)
PR;4106902;175;210;2012;
PR;4106902;175;220;2012;POINT(-49.2809825 -25.4963996)
PR;4106902;175;231;2012;POINT(-49.3156701 -25.5594339)
PR;4106902;175;232;2012;POINT(-49.339091 -25.560104)
PR;4106902;175;247;2012;
PR;4106902;175;250;2012;POINT(-49.3367948 -25.5728677)
PR;4106902;175;260;2012;POINT(-49.3322618 -25.5583048)
PR;4106902;175;269;2012;POINT(-49.2969375 -25.5061683)
PR;4106902;175;290;2012;POINT(-49.33745 -25.58663)
PR;4106902;175;295;2012;POINT(-49.3352617 -25.5096168)
PR;4106902;175;309;2012;POINT(-49.33431 -25.52744)
PR;4106902;175;320;2012;POINT(-49.33854 -25.49549)
PR;4106902;175;333;2012;POINT(-49.3234288 -25.5959735)
PR;4106902;175;351;2012;POINT(-49.3483639 -25.501447)
PR;4106902;175;355;2012;POINT(-49.3017403 -25.5078801)
PR;4106902;175;376;2012;POINT(-49.339091 -25.560104)
PR;4106902;175;41;2012;POINT(-49.31665 -25.49636)
PR;4106902;175;415;2012;
PR;4106902;175;416;2012;POINT(-49.323365 -25.584929)
PR;4106902;175;422;2012;POINT(-49.3322618 -25.5583048)
PR;4106902;175;44;2012;POINT(-49.3261812 -25.515406)
PR;4106902;175;67;2012;POINT(-49.2809825 -25.4963996)
PR;4106902;175;76;2012;POINT(-49.28963 -25.50226)
PR;4106902;175;77;2012;POINT(-49.28963 -25.50226)
PR;4106902;175;86;2012;POINT(-49.3014253 -25.5012632)
PR;4106902;175;97;2012;
PR;4106902;176;107;2012;
PR;4106902;176;108;2012;
PR;4106902;176;119;2012;POINT(-49.2928176 -25.4886586)
PR;4106902;176;124;2012;POINT(-49.2928176 -25.4886586)
PR;4106902;176;125;2012;POINT(-49.2928176 -25.4886586)
PR;4106902;176;126;2012;POINT(-49.2928176 -25.4886586)
PR;4106902;176;14;2012;POINT(-49.249537 -25.4493088)
PR;4106902;176;157;2012;POINT(-49.2781343 -25.4863896)
PR;4106902;176;158;2012;POINT(-49.2781343 -25.4863896)
PR;4106902;176;167;2012;POINT(-49.310103 -25.490444)
PR;4106902;176;171;2012;POINT(-49.310103 -25.490444)
PR;4106902;176;176;2012;POINT(-49.3221816 -25.4805233)
PR;4106902;176;188;2012;POINT(-49.3313362 -25.4801901)
PR;4106902;176;199;2012;POINT(-49.3221816 -25.4805233)
PR;4106902;176;20;2012;POINT(-49.262959 -25.46243)
PR;4106902;176;211;2012;POINT(-49.2798048 -25.461793)
PR;4106902;176;212;2012;POINT(-49.26191 -25.46583)
PR;4106902;176;221;2012;POINT(-49.3033164 -25.4954757)
PR;4106902;176;222;2012;POINT(-49.3313362 -25.4801901)
PR;4106902;176;231;2012;POINT(-49.2781343 -25.4863896)
PR;4106902;176;240;2012;POINT(-49.3309377 -25.483418)
PR;4106902;176;246;2012;POINT(-49.28635 -25.474853)
PR;4106902;176;263;2012;POINT(-49.2777089 -25.4882713)
PR;4106902;176;265;2012;POINT(-49.3309377 -25.483418)
PR;4106902;176;272;2012;POINT(-49.3033164 -25.4954757)
PR;4106902;176;273;2012;POINT(-49.3241493 -25.4883321)
PR;4106902;176;278;2012;POINT(-49.325785 -25.486627)
PR;4106902;176;285;2012;POINT(-49.325785 -25.486627)
PR;4106902;176;292;2012;POINT(-49.2798048 -25.461793)
PR;4106902;176;30;2012;POINT(-49.262959 -25.46243)
PR;4106902;176;42;2012;POINT(-49.27992 -25.4734)
PR;4106902;176;60;2012;POINT(-49.3241493 -25.4883321)
PR;4106902;176;62;2012;POINT(-49.3241493 -25.4883321)
PR;4106902;176;63;2012;POINT(-49.3241493 -25.4883321)
PR;4106902;176;92;2012;POINT(-49.26665 -25.48007)
PR;4106902;177;107;2012;POINT(-49.268599 -25.4435359)
PR;4106902;177;111;2012;POINT(-49.26983 -25.45321)
PR;4106902;177;117;2012;POINT(-49.2655397 -25.4496903)
PR;4106902;177;134;2012;POINT(-49.2786181 -25.4624111)
PR;4106902;177;145;2012;POINT(-49.27721 -25.4443)
PR;4106902;177;154;2012;POINT(-49.2938067 -25.4518101)
PR;4106902;177;157;2012;POINT(-49.2762068 -25.4424981)
PR;4106902;177;169;2012;POINT(-49.27931 -25.45246)
PR;4106902;177;17;2012;POINT(-49.29226 -25.43924)
PR;4106902;177;175;2012;POINT(-49.2817537 -25.4527323)
PR;4106902;177;194;2012;
PR;4106902;177;197;2012;POINT(-49.2815137 -25.4413524)
PR;4106902;177;207;2012;POINT(-49.2815137 -25.4413524)
PR;4106902;177;211;2012;POINT(-49.2845622 -25.4425586)
PR;4106902;177;230;2012;
PR;4106902;177;239;2012;POINT(-49.3104921 -25.4523612)
PR;4106902;177;259;2012;POINT(-49.2860389 -25.4447491)
PR;4106902;177;274;2012;
PR;4106902;177;275;2012;POINT(-49.2762068 -25.4424981)
PR;4106902;177;277;2012;
PR;4106902;177;284;2012;
PR;4106902;177;297;2012;POINT(-49.28853 -25.457786)
PR;4106902;177;301;2012;POINT(-49.324763 -25.435271)
PR;4106902;177;310;2012;POINT(-49.28853 -25.457786)
PR;4106902;177;323;2012;
PR;4106902;177;329;2012;POINT(-49.324763 -25.435271)
PR;4106902;177;332;2012;POINT(-49.2786181 -25.4624111)
PR;4106902;177;338;2012;POINT(-49.29755 -25.44752)
PR;4106902;177;346;2012;POINT(-49.3057665 -25.435366)
PR;4106902;177;347;2012;POINT(-49.3550246 -25.4218483)
PR;4106902;177;366;2012;POINT(-49.29583 -25.44574)
PR;4106902;177;393;2012;POINT(-49.27721 -25.4443)
PR;4106902;177;43;2012;POINT(-49.3331 -25.43826)
PR;4106902;177;58;2012;
PR;4106902;177;67;2012;POINT(-49.3468519 -25.4194396)
PR;4106902;177;72;2012;POINT(-49.3434352 -25.4171433)
PR;4106902;177;75;2012;
PR;4106902;177;76;2012;
PR;4106902;177;84;2012;POINT(-49.355816 -25.421093)
PR;4106902;177;90;2012;POINT(-49.269632 -25.4391353)
PR;4106902;178;103;2012;POINT(-49.33089 -25.40207)
PR;4106902;178;116;2012;POINT(-49.31855 -25.39747)
PR;4106902;178;123;2012;POINT(-49.3391938 -25.3993183)
PR;4106902;178;127;2012;POINT(-49.3341387 -25.3809703)
PR;4106902;178;14;2012;POINT(-49.273021 -25.4293724)
PR;4106902;178;15;2012;POINT(-49.273021 -25.4293724)
PR;4106902;178;151;2012;POINT(-49.3333 -25.38683)
PR;4106902;178;166;2012;POINT(-49.2694 -25.42525)
PR;4106902;178;17;2012;POINT(-49.28285 -25.42786)
PR;4106902;178;171;2012;POINT(-49.26028 -25.4288019)
PR;4106902;178;172;2012;POINT(-49.26028 -25.4288019)
PR;4106902;178;174;2012;POINT(-49.26028 -25.4288019)
PR;4106902;178;179;2012;POINT(-49.2677116 -25.4291044)
PR;4106902;178;180;2012;POINT(-49.2677116 -25.4291044)
PR;4106902;178;182;2012;POINT(-49.2677116 -25.4291044)
PR;4106902;178;188;2012;POINT(-49.2657136 -25.4336738)
PR;4106902;178;195;2012;POINT(-49.2666063 -25.432256)
PR;4106902;178;20;2012;POINT(-49.2797468 -25.4345197)
PR;4106902;178;205;2012;POINT(-49.2660216 -25.4318219)
PR;4106902;178;22;2012;POINT(-49.2797468 -25.4345197)
PR;4106902;178;223;2012;POINT(-49.2752321 -25.4351531)
PR;4106902;178;235;2012;POINT(-49.273819 -25.4331939)
PR;4106902;178;236;2012;POINT(-49.273819 -25.4331939)
PR;4106902;178;242;2012;POINT(-49.2797468 -25.4345197)
PR;4106902;178;254;2012;POINT(-49.3006144 -25.4250497)
PR;4106902;178;28;2012;POINT(-49.2805389 -25.4276737)
PR;4106902;178;281;2012;POINT(-49.3302811 -25.3723242)
PR;4106902;178;282;2012;POINT(-49.28285 -25.42786)
PR;4106902;178;306;2012;POINT(-49.2897279 -25.4151416)
PR;4106902;178;308;2012;POINT(-49.2677116 -25.4291044)
PR;4106902;178;336;2012;POINT(-49.3549165 -25.3908891)
PR;4106902;178;37;2012;POINT(-49.2785587 -25.4358815)
PR;4106902;178;4;2012;POINT(-49.273819 -25.4331939)
PR;4106902;178;6;2012;POINT(-49.273819 -25.4331939)
PR;4106902;178;82;2012;POINT(-49.2897279 -25.4151416)
PR;4106902;178;95;2012;POINT(-49.2963915 -25.4175777)
PR;4106902;178;96;2012;POINT(-49.2963915 -25.4175777)
PR;4106902;2;118;2012;POINT(-49.207209 -25.403648)
PR;4106902;2;122;2012;POINT(-49.2064 -25.404204)
PR;4106902;2;261;2012;POINT(-49.2491016 -25.4106033)
PR;4106902;2;268;2012;POINT(-49.2595286 -25.4243117)
PR;4106902;2;271;2012;POINT(-49.2595286 -25.4243117)
PR;4106902;2;276;2012;POINT(-49.23046 -25.41948)
PR;4106902;2;288;2012;POINT(-49.2523913 -25.4140843)
PR;4106902;2;290;2012;POINT(-49.2523913 -25.4140843)
PR;4106902;2;291;2012;POINT(-49.2523913 -25.4140843)
PR;4106902;2;298;2012;POINT(-49.2323836 -25.3640325)
PR;4106902;2;299;2012;POINT(-49.2323836 -25.3640325)
PR;4106902;2;308;2012;POINT(-49.2242298 -25.3742506)
PR;4106902;2;309;2012;POINT(-49.2242298 -25.3742506)
PR;4106902;2;333;2012;POINT(-49.2037 -25.42486)
PR;4106902;2;336;2012;POINT(-49.2037 -25.42486)
PR;4106902;2;351;2012;POINT(-49.2200878 -25.3921445)
PR;4106902;2;355;2012;POINT(-49.22957 -25.38386)
PR;4106902;2;373;2012;POINT(-49.2337599 -25.415458)
PR;4106902;2;405;2012;POINT(-49.261329 -25.41245)
PR;4106902;2;421;2012;POINT(-49.23888 -25.47663)
PR;4106902;2;428;2012;POINT(-49.23046 -25.41948)
PR;4106902;2;451;2012;POINT(-49.2318129 -25.4127713)
PR;4106902;2;455;2012;POINT(-49.2060421 -25.4144442)
PR;4106902;2;485;2012;POINT(-49.2243177 -25.3904192)
PR;4106902;2;491;2012;POINT(-49.2323836 -25.3640325)
PR;4106902;2;492;2012;POINT(-49.2064 -25.404204)
PR;4106902;2;517;2012;POINT(-49.2011 -25.38443)
PR;4106902;2;518;2012;POINT(-49.2060421 -25.4144442)
PR;4106902;2;553;2012;POINT(-49.2037 -25.42486)
PR;4106902;2;64;2012;POINT(-49.24451 -25.40109)
PR;4106902;2;90;2012;POINT(-49.247677 -25.4058436)
PR;4106902;3;116;2012;POINT(-49.2048528 -25.4648614)
PR;4106902;3;117;2012;POINT(-49.2048528 -25.4648614)
PR;4106902;3;134;2012;POINT(-49.2190492 -25.434159)
PR;4106902;3;136;2012;POINT(-49.2190492 -25.434159)
PR;4106902;3;139;2012;POINT(-49.2190492 -25.434159)
PR;4106902;3;154;2012;
PR;4106902;3;156;2012;
PR;4106902;3;160;2012;
PR;4106902;3;207;2012;POINT(-49.24546 -25.4313226)
PR;4106902;3;223;2012;POINT(-49.2483875 -25.4311794)
PR;4106902;3;224;2012;POINT(-49.2483875 -25.4311794)
PR;4106902;3;257;2012;POINT(-49.2299948 -25.4496345)
PR;4106902;3;264;2012;POINT(-49.2287596 -25.4563821)
PR;4106902;3;265;2012;POINT(-49.2287596 -25.4563821)
PR;4106902;3;267;2012;POINT(-49.2287596 -25.4563821)
PR;4106902;3;296;2012;
PR;4106902;3;298;2012;POINT(-49.21006 -25.49402)
PR;4106902;3;328;2012;POINT(-49.2274934 -25.4720809)
PR;4106902;3;337;2012;POINT(-49.22975 -25.47573)
PR;4106902;3;350;2012;POINT(-49.22975 -25.47573)
PR;4106902;3;362;2012;POINT(-49.218163 -25.450697)
PR;4106902;3;375;2012;POINT(-49.19483 -25.47621)
PR;4106902;3;390;2012;POINT(-49.22937 -25.44037)
PR;4106902;3;394;2012;POINT(-49.2234576 -25.4918172)
PR;4106902;3;401;2012;POINT(-49.21006 -25.49402)
PR;4106902;3;418;2012;POINT(-49.21581 -25.448286)
PR;4106902;3;419;2012;POINT(-49.2230619 -25.4744174)
PR;4106902;3;434;2012;POINT(-49.2460047 -25.4342342)
PR;4106902;3;453;2012;POINT(-49.21139 -25.42925)
PR;4106902;3;475;2012;POINT(-49.2147135 -25.4517873)
PR;4106902;3;476;2012;POINT(-49.21581 -25.448286)
PR;4106902;3;482;2012;POINT(-49.2234576 -25.4918172)
PR;4106902;3;489;2012;POINT(-49.22975 -25.47573)
PR;4106902;3;490;2012;POINT(-49.2460047 -25.4342342)
PR;4106902;3;505;2012;POINT(-49.24546 -25.4313226)
PR;4106902;3;510;2012;POINT(-49.2058933 -25.4468176)
PR;4106902;3;511;2012;POINT(-49.2230619 -25.4744174)
PR;4106902;3;54;2012;POINT(-49.208267 -25.4525898)
PR;4106902;3;546;2012;POINT(-49.2023576 -25.4890365)
PR;4106902;3;548;2012;POINT(-49.22937 -25.44037)
PR;4106902;3;561;2012;POINT(-49.21139 -25.42925)
PR;4106902;3;567;2012;POINT(-49.2230619 -25.4744174)
PR;4106902;3;574;2012;POINT(-49.19483 -25.47621)
PR;4106902;3;575;2012;POINT(-49.214703 -25.462207)
PR;4106902;3;576;2012;POINT(-49.22975 -25.47573)
PR;4106902;3;577;2012;POINT(-49.21581 -25.448286)
PR;4106902;3;581;2012;
PR;4106902;3;583;2012;POINT(-49.196085 -25.4748516)
PR;4106902;3;594;2012;POINT(-49.24934 -25.44072)
PR;4106902;3;608;2012;POINT(-49.2057807 -25.4555083)
PR;4106902;3;610;2012;POINT(-49.1920514 -25.4709788)
PR;4106902;3;619;2012;POINT(-49.22937 -25.44037)
PR;4106902;3;628;2012;POINT(-49.20471 -25.4416355)
PR;4106902;3;638;2012;POINT(-49.2057807 -25.4555083)
PR;4106902;3;641;2012;POINT(-49.2299948 -25.4496345)
PR;4106902;3;651;2012;POINT(-49.22937 -25.44037)
PR;4106902;3;656;2012;
PR;4106902;3;659;2012;
PR;4106902;3;660;2012;POINT(-49.2083183 -25.4952577)
PR;4106902;3;70;2012;POINT(-49.2039442 -25.4709507)
PR;4106902;3;78;2012;POINT(-49.2147135 -25.4517873)
PR;4106902;3;86;2012;POINT(-49.218163 -25.450697)
PR;4106902;3;87;2012;POINT(-49.218163 -25.450697)
PR;4106902;3;89;2012;POINT(-49.218163 -25.450697)
PR;4106902;4;193;2012;POINT(-49.30754008 -25.45986603)
PR;4106902;4;199;2012;POINT(-49.30754008 -25.45986603)
PR;4106902;4;206;2012;POINT(-49.30883 -25.46318)
PR;4106902;4;217;2012;POINT(-49.30445 -25.4631)
PR;4106902;4;222;2012;POINT(-49.3025632 -25.4766986)
PR;4106902;4;246;2012;POINT(-49.2992748 -25.4790794)
PR;4106902;4;317;2012;POINT(-49.33656904 -25.47952899)
PR;4106902;4;331;2012;POINT(-49.3495289 -25.457169)
PR;4106902;4;347;2012;POINT(-49.32575023 -25.45663006)
PR;4106902;4;348;2012;POINT(-49.3393963 -25.4742601)
PR;4106902;4;350;2012;POINT(-49.37779333 -25.45684833)
PR;4106902;4;371;2012;POINT(-49.30754008 -25.45986603)
PR;4106902;4;375;2012;POINT(-49.2992748 -25.4790794)
PR;4106902;4;402;2012;
PR;4106902;4;404;2012;POINT(-49.35478 -25.43403)
PR;4106902;4;406;2012;POINT(-49.35478 -25.43403)
PR;4106902;4;407;2012;POINT(-49.35478 -25.43403)
PR;4106902;4;408;2012;POINT(-49.35478 -25.43403)
PR;4106902;4;430;2012;POINT(-49.29367228 -25.46728319)
PR;4106902;4;464;2012;POINT(-49.29367228 -25.46728319)
PR;4106902;4;469;2012;POINT(-49.29367228 -25.46728319)
PR;4106902;4;475;2012;POINT(-49.29367228 -25.46728319)
PR;4106902;4;488;2012;POINT(-49.2996512 -25.4728395)
PR;4106902;4;489;2012;
PR;4106902;4;493;2012;POINT(-49.294511 -25.4659575)
PR;4106902;4;515;2012;POINT(-49.3165581 -25.4729325)
PR;4106902;4;519;2012;POINT(-49.34910458 -25.45726652)
PR;4106902;4;527;2012;
PR;4106902;4;534;2012;POINT(-49.3337918 -25.4616525)
PR;4106902;4;556;2012;
PR;4106902;4;558;2012;POINT(-49.34727388 -25.47271511)
PR;4106902;4;562;2012;POINT(-49.3337918 -25.4616525)
PR;4106902;4;572;2012;POINT(-49.3592963 -25.478538)
PR;4106902;4;579;2012;POINT(-49.3272025 -25.4667143)
PR;4106902;4;583;2012;POINT(-49.3452188 -25.4445679)
PR;4106902;4;591;2012;POINT(-49.344883 -25.459897)
PR;4106902;4;592;2012;POINT(-49.34727388 -25.47271511)
PR;4106902;4;609;2012;POINT(-49.3025632 -25.4766986)
PR;4106902;4;614;2012;
PR;4106902;4;625;2012;POINT(-49.294511 -25.4659575)
PR;4106902;4;626;2012;
PR;4107009;119;84;2012;
PR;4107108;96;6;2012;POINT(-52.8587133 -22.6572611)
PR;4107124;112;50;2012;
PR;4107157;129;93;2012;
PR;4107157;129;94;2012;
PR;4107207;115;1;2012;
PR;4107207;115;12;2012;POINT(-53.05547 -25.74874667)
PR;4107207;115;121;2012;POINT(-53.05547 -25.74874667)
PR;4107207;115;16;2012;
PR;4107207;115;18;2012;
PR;4107207;115;191;2012;POINT(-53.0759852 -25.7541901)
PR;4107207;115;199;2012;POINT(-53.057557 -25.7525695)
PR;4107207;115;32;2012;POINT(-53.0659725 -25.751783)
PR;4107207;115;55;2012;
PR;4107207;115;7;2012;POINT(-53.05722 -25.73917)
PR;4107207;115;96;2012;POINT(-52.98700963 -25.71717798)
PR;4107256;142;56;2012;POINT(-53.2974838 -23.3814084)
PR;4107256;142;58;2012;POINT(-53.2974838 -23.3814084)
PR;4107256;142;72;2012;POINT(-53.2974838 -23.3814084)
PR;4107306;193;80;2012;
PR;4107405;140;119;2012;
PR;4107405;140;23;2012;
PR;4107504;116;18;2012;
PR;4107504;116;67;2012;
PR;4107504;116;8;2012;
PR;4107546;163;101;2012;POINT(-52.83627 -25.42508)
PR;4107546;163;77;2012;
PR;4107603;110;36;2012;POINT(-51.32869 -23.99826)
PR;4107603;110;37;2012;POINT(-51.32869 -23.99826)
PR;4107603;110;60;2012;
PR;4107652;144;107;2012;POINT(-49.303805 -25.66637441)
PR;4107652;144;120;2012;POINT(-49.3016876 -25.647807)
PR;4107652;144;123;2012;POINT(-49.3018807 -25.6595773)
PR;4107652;144;134;2012;POINT(-49.31809533 -25.64582083)
PR;4107652;144;144;2012;POINT(-49.32850835 -25.6411538)
PR;4107652;144;174;2012;POINT(-49.31809533 -25.64582083)
PR;4107652;144;186;2012;POINT(-49.3018807 -25.6595773)
PR;4107652;144;192;2012;POINT(-49.32667231 -25.64318189)
PR;4107652;144;205;2012;POINT(-49.326056 -25.65101)
PR;4107652;144;216;2012;POINT(-49.2933835 -25.6594669)
PR;4107652;144;223;2012;POINT(-49.316715 -25.6419749)
PR;4107652;144;225;2012;POINT(-49.32667231 -25.64318189)
PR;4107652;144;238;2012;POINT(-49.32667231 -25.64318189)
PR;4107652;144;257;2012;POINT(-49.33069499 -25.66907934)
PR;4107652;144;276;2012;POINT(-49.316715 -25.6419749)
PR;4107652;144;280;2012;POINT(-49.29123572 -25.66602228)
PR;4107652;144;295;2012;POINT(-49.2933835 -25.6594669)
PR;4107652;144;64;2012;POINT(-49.29945163 -25.64241895)
PR;4107652;144;98;2012;POINT(-49.3016876 -25.647807)
PR;4107702;116;32;2012;POINT(-51.97628 -23.9143)
PR;4107702;116;61;2012;
PR;4107736;53;11;2012;
PR;4107736;53;18;2012;POINT(-50.54577 -25.41204)
PR;4107736;53;36;2012;
PR;4107751;119;55;2012;POINT(-50.4128241 -23.8511408)
PR;4107801;71;89;2012;POINT(-52.2996176 -23.3218666)
PR;4107850;131;121;2012;
PR;4107850;131;47;2012;
PR;4107900;192;93;2012;
PR;4107900;192;96;2012;POINT(-52.0807326 -23.611837)
PR;4108007;65;10;2012;POINT(-51.389815 -22.8704769)
PR;4108106;67;48;2012;
PR;4108106;67;50;2012;
PR;4108205;120;17;2012;POINT(-53.3199618 -24.2990975)
PR;4108205;120;30;2012;
PR;4108205;120;34;2012;
PR;4108205;120;35;2012;
PR;4108205;120;46;2012;POINT(-53.316251 -24.296449)
PR;4108304;147;15;2012;POINT(-54.58475 -25.50461)
PR;4108304;147;198;2012;POINT(-54.5754628 -25.51494)
PR;4108304;147;216;2012;
PR;4108304;147;218;2012;
PR;4108304;147;226;2012;POINT(-54.58236 -25.51226)
PR;4108304;147;227;2012;POINT(-54.5719874 -25.4477006)
PR;4108304;147;243;2012;POINT(-54.55152 -25.49503)
PR;4108304;147;250;2012;POINT(-54.55511 -25.46365)
PR;4108304;147;257;2012;POINT(-54.56403 -25.49361)
PR;4108304;147;266;2012;POINT(-54.55548 -25.46863)
PR;4108304;147;269;2012;POINT(-54.56101 -25.48222)
PR;4108304;147;273;2012;POINT(-54.5773514 -25.4833903)
PR;4108304;147;59;2012;POINT(-54.57502 -25.49901)
PR;4108304;147;64;2012;POINT(-54.57502 -25.49901)
PR;4108304;147;89;2012;POINT(-54.58622 -25.46918)
PR;4108304;147;90;2012;POINT(-54.58622 -25.46918)
PR;4108304;204;10;2012;POINT(-54.55715 -25.53321)
PR;4108304;204;127;2012;POINT(-54.55089 -25.532768)
PR;4108304;204;131;2012;POINT(-54.55089 -25.532768)
PR;4108304;204;135;2012;
PR;4108304;204;136;2012;POINT(-54.5579988 -25.5403555)
PR;4108304;204;21;2012;POINT(-54.5336626 -25.5251831)
PR;4108304;204;24;2012;POINT(-54.5336626 -25.5251831)
PR;4108304;204;25;2012;POINT(-54.5336626 -25.5251831)
PR;4108304;204;3;2012;
PR;4108304;204;35;2012;
PR;4108304;204;40;2012;
PR;4108304;204;44;2012;
PR;4108304;204;56;2012;POINT(-54.53525 -25.53354)
PR;4108304;204;70;2012;POINT(-54.54912 -25.54184)
PR;4108304;205;1;2012;POINT(-54.5743242 -25.5253103)
PR;4108304;205;125;2012;POINT(-54.5106357 -25.4875515)
PR;4108304;205;127;2012;POINT(-54.53465 -25.49061)
PR;4108304;205;154;2012;POINT(-54.5309233 -25.5148034)
PR;4108304;205;170;2012;POINT(-54.5543517 -25.517606)
PR;4108304;205;95;2012;POINT(-54.5462537 -25.5275171)
PR;4108304;46;100;2012;POINT(-54.5905919 -25.5411652)
PR;4108304;46;120;2012;
PR;4108304;46;141;2012;POINT(-54.5868547 -25.5482788)
PR;4108304;46;166;2012;
PR;4108304;46;167;2012;POINT(-54.5698012 -25.5559988)
PR;4108304;46;172;2012;POINT(-54.57417 -25.5706)
PR;4108304;46;199;2012;POINT(-54.57912 -25.57897)
PR;4108304;46;201;2012;POINT(-54.5868547 -25.5482788)
PR;4108304;46;204;2012;POINT(-54.58384 -25.5788)
PR;4108304;46;209;2012;
PR;4108304;46;216;2012;
PR;4108304;46;235;2012;
PR;4108304;46;248;2012;POINT(-54.58486 -25.54683)
PR;4108304;46;250;2012;
PR;4108304;46;251;2012;POINT(-54.5698012 -25.5559988)
PR;4108304;46;256;2012;
PR;4108304;46;30;2012;POINT(-54.58461 -25.54676)
PR;4108304;46;46;2012;
PR;4108304;46;48;2012;
PR;4108304;46;56;2012;
PR;4108304;46;62;2012;POINT(-54.57417 -25.5706)
PR;4108304;46;63;2012;POINT(-54.57417 -25.5706)
PR;4108304;46;85;2012;
PR;4108320;97;74;2012;POINT(-53.84897 -24.06715)
PR;4108320;97;76;2012;POINT(-53.84897 -24.06715)
PR;4108320;97;78;2012;
PR;4108320;97;81;2012;
PR;4108403;69;126;2012;POINT(-53.03937 -26.07366)
PR;4108403;69;141;2012;POINT(-53.064209 -26.078829)
PR;4108403;69;156;2012;POINT(-53.0731491 -26.0794576)
PR;4108403;69;163;2012;POINT(-53.0438 -26.0689)
PR;4108403;69;166;2012;
PR;4108403;69;167;2012;
PR;4108403;69;186;2012;POINT(-53.060256 -26.0696154)
PR;4108403;69;191;2012;POINT(-53.0738559 -26.0696084)
PR;4108403;69;193;2012;POINT(-53.0738559 -26.0696084)
PR;4108403;69;2;2012;
PR;4108403;69;215;2012;
PR;4108403;69;217;2012;
PR;4108403;69;222;2012;
PR;4108403;69;247;2012;
PR;4108403;69;255;2012;
PR;4108403;69;267;2012;POINT(-53.0788963 -26.0633358)
PR;4108403;69;286;2012;POINT(-53.0738559 -26.0696084)
PR;4108403;69;29;2012;POINT(-53.03937 -26.07366)
PR;4108403;69;4;2012;POINT(-53.0509112 -26.0765838)
PR;4108403;69;42;2012;POINT(-53.0442228 -26.0872395)
PR;4108403;69;47;2012;POINT(-53.048985 -26.0659272)
PR;4108403;69;48;2012;POINT(-53.048985 -26.0659272)
PR;4108403;69;56;2012;POINT(-53.064209 -26.078829)
PR;4108403;69;58;2012;POINT(-53.064209 -26.078829)
PR;4108403;69;59;2012;POINT(-53.064209 -26.078829)
PR;4108502;153;151;2012;
PR;4108502;153;172;2012;POINT(-51.3164061 -26.4289818)
PR;4108502;153;63;2012;POINT(-51.3164061 -26.4289818)
PR;4108502;153;66;2012;POINT(-51.3164061 -26.4289818)
PR;4108502;153;68;2012;POINT(-51.3164061 -26.4289818)
PR;4108502;153;69;2012;
PR;4108502;153;75;2012;POINT(-51.2839533 -26.3133296)
PR;4108601;92;120;2012;POINT(-53.03784 -24.18276)
PR;4108601;92;137;2012;
PR;4108601;92;15;2012;POINT(-53.03784 -24.18276)
PR;4108601;92;2;2012;POINT(-53.02463 -24.1881)
PR;4108601;92;22;2012;POINT(-53.0256189 -24.1932114)
PR;4108601;92;23;2012;POINT(-53.0256189 -24.1932114)
PR;4108601;92;41;2012;POINT(-53.0280497 -24.1898287)
PR;4108601;92;47;2012;POINT(-53.0280497 -24.1898287)
PR;4108601;92;52;2012;POINT(-53.0142041 -24.1819962)
PR;4108601;92;9;2012;POINT(-53.02463 -24.1881)
PR;4108650;203;152;2012;
PR;4108700;136;5;2012;POINT(-51.509105 -24.141888)
PR;4108809;90;21;2012;POINT(-54.248476 -24.0866113)
PR;4108809;90;26;2012;POINT(-54.248476 -24.0866113)
PR;4108809;90;29;2012;POINT(-54.248476 -24.0866113)
PR;4108809;90;47;2012;POINT(-54.23844148 -24.07810696)
PR;4108809;90;54;2012;POINT(-54.2569847 -24.0849951)
PR;4108809;90;61;2012;POINT(-54.26687758 -24.2531061)
PR;4108809;90;84;2012;POINT(-54.25715815 -24.08111111)
PR;4108809;90;94;2012;POINT(-54.25978807 -24.09458352)
PR;4108809;90;98;2012;POINT(-54.25978807 -24.09458352)
PR;4108908;105;37;2012;
PR;4108908;105;39;2012;
PR;4108908;105;42;2012;POINT(-52.6893104 -22.9410668)
PR;4108957;29;104;2012;
PR;4108957;29;44;2012;POINT(-50.8082 -25.1912)
PR;4109005;55;3;2012;POINT(-50.04396 -23.51615)
PR;4109005;55;50;2012;POINT(-50.04396 -23.51615)
PR;4109005;55;7;2012;POINT(-50.04396 -23.51615)
PR;4109104;127;20;2012;POINT(-52.77947 -23.34185)
PR;4109104;127;23;2012;POINT(-52.77947 -23.34185)
PR;4109104;127;78;2012;POINT(-52.77947 -23.34185)
PR;4109203;64;5;2012;POINT(-51.6503843 -22.9731094)
PR;4109203;64;7;2012;POINT(-51.6503843 -22.9731094)
PR;4109302;112;22;2012;
PR;4109302;112;23;2012;
PR;4109302;112;3;2012;POINT(-52.8698722 -25.1022564)
PR;4109302;112;76;2012;POINT(-52.8698722 -25.1022564)
PR;4109401;43;104;2012;
PR;4109401;43;133;2012;
PR;4109401;43;16;2012;
PR;4109401;43;199;2012;
PR;4109401;43;211;2012;
PR;4109401;43;222;2012;
PR;4109401;43;231;2012;
PR;4109401;43;234;2012;
PR;4109401;43;235;2012;
PR;4109401;43;243;2012;POINT(-51.47837 -25.39)
PR;4109401;43;250;2012;POINT(-51.47837 -25.39)
PR;4109401;43;252;2012;
PR;4109401;43;279;2012;POINT(-51.4771107 -25.3562654)
PR;4109401;43;28;2012;
PR;4109401;43;283;2012;POINT(-51.5047057 -25.3884673)
PR;4109401;43;286;2012;
PR;4109401;43;287;2012;
PR;4109401;43;294;2012;
PR;4109401;43;295;2012;
PR;4109401;43;316;2012;
PR;4109401;43;323;2012;
PR;4109401;43;33;2012;POINT(-51.46376 -25.39634)
PR;4109401;43;37;2012;POINT(-51.46376 -25.39634)
PR;4109401;43;4;2012;
PR;4109401;43;5;2012;
PR;4109401;43;69;2012;POINT(-51.46894 -25.399)
PR;4109401;43;88;2012;POINT(-51.46231 -25.43383)
PR;4109401;44;1;2012;
PR;4109401;44;157;2012;
PR;4109401;44;164;2012;
PR;4109401;44;216;2012;
PR;4109401;44;254;2012;
PR;4109401;44;274;2012;POINT(-51.4465 -25.38421)
PR;4109401;44;278;2012;POINT(-51.4465 -25.38421)
PR;4109401;44;315;2012;
PR;4109401;44;337;2012;POINT(-51.44204666 -25.3923831)
PR;4109401;44;341;2012;
PR;4109401;44;342;2012;POINT(-51.5549545 -25.2110972)
PR;4109401;44;349;2012;
PR;4109401;44;48;2012;
PR;4109500;6;56;2012;
PR;4109609;161;101;2012;
PR;4109609;161;105;2012;
PR;4109609;161;108;2012;POINT(-48.57097 -25.87445)
PR;4109609;161;11;2012;POINT(-48.575234 -25.875981)
PR;4109609;161;112;2012;POINT(-48.583621 -25.884705)
PR;4109609;161;4;2012;
PR;4109609;161;73;2012;
PR;4109609;161;82;2012;
PR;4109658;168;25;2012;POINT(-52.3867113 -26.1425229)
PR;4109658;168;55;2012;
PR;4109708;79;26;2012;POINT(-50.19737302 -23.85929911)
PR;4109708;79;32;2012;POINT(-50.1908389 -23.8419058)
PR;4109708;79;41;2012;
PR;4109708;79;43;2012;POINT(-50.25534936 -23.91288551)
PR;4109708;79;44;2012;POINT(-50.25534936 -23.91288551)
PR;4109757;166;8;2012;POINT(-53.0246726 -25.117825)
PR;4109757;166;9;2012;POINT(-53.0246726 -25.117825)
PR;4109757;166;91;2012;POINT(-53.0162426 -25.117611)
PR;4109807;80;113;2012;POINT(-51.0501122 -23.2576688)
PR;4109807;80;17;2012;POINT(-51.0480488 -23.262328)
PR;4109807;80;21;2012;POINT(-51.0480488 -23.262328)
PR;4109807;80;37;2012;
PR;4109807;80;38;2012;
PR;4109807;80;46;2012;
PR;4109807;80;48;2012;
PR;4109807;80;60;2012;POINT(-51.0480488 -23.262328)
PR;4109807;80;69;2012;
PR;4109807;80;82;2012;POINT(-51.0480488 -23.262328)
PR;4109906;172;13;2012;POINT(-53.6154893 -23.3948859)
PR;4109906;172;16;2012;POINT(-53.6154893 -23.3948859)
PR;4109906;172;6;2012;POINT(-53.61512 -23.39491)
PR;4110003;67;54;2012;POINT(-51.827307 -23.196057)
PR;4110052;126;29;2012;
PR;4110052;126;30;2012;
PR;4110078;111;204;2012;POINT(-50.7636187 -24.4412539)
PR;4110078;111;222;2012;
PR;4110078;111;88;2012;POINT(-50.7575219 -24.4498442)
PR;4110078;111;91;2012;POINT(-50.7636187 -24.4412539)
PR;4110102;29;103;2012;POINT(-50.604019 -25.229125)
PR;4110102;29;108;2012;POINT(-50.6105346 -25.2297798)
PR;4110102;29;136;2012;POINT(-50.5906173 -25.2390698)
PR;4110102;29;27;2012;POINT(-50.6054136 -25.2293043)
PR;4110102;29;28;2012;
PR;4110102;29;42;2012;POINT(-50.6030284 -25.2262264)
PR;4110102;29;7;2012;
PR;4110102;29;98;2012;POINT(-50.604019 -25.229125)
PR;4110201;34;1;2012;POINT(-51.077926 -25.5735014)
PR;4110201;34;128;2012;POINT(-51.26224207 -25.56590118)
PR;4110201;34;144;2012;POINT(-51.15367128 -25.45857218)
PR;4110201;34;172;2012;POINT(-51.12523433 -25.56043015)
PR;4110201;34;189;2012;
PR;4110300;91;14;2012;POINT(-52.20109768 -22.75419904)
PR;4110409;149;51;2012;POINT(-52.7028545 -23.4815206)
PR;4110409;149;54;2012;POINT(-52.7028545 -23.4815206)
PR;4110409;149;55;2012;POINT(-52.7028545 -23.4815206)
PR;4110508;36;11;2012;POINT(-50.51497 -25.07035)
PR;4110508;36;2;2012;POINT(-50.586191 -25.027183)
PR;4110508;36;32;2012;
PR;4110508;36;36;2012;POINT(-50.59845 -24.92406)
PR;4110508;36;4;2012;POINT(-50.58457 -25.02714)
PR;4110508;36;40;2012;POINT(-50.586191 -25.027183)
PR;4110607;97;20;2012;
PR;4110607;97;52;2012;POINT(-53.705228 -24.0047472)
PR;4110607;97;59;2012;POINT(-53.705228 -24.0047472)
PR;4110607;97;8;2012;POINT(-53.705228 -24.0047472)
PR;4110656;120;21;2012;POINT(-53.35935 -24.42959)
PR;4110656;120;43;2012;POINT(-53.35935 -24.42959)
PR;4110706;34;101;2012;POINT(-50.85196137 -25.56707551)
PR;4110706;34;109;2012;
PR;4110706;34;112;2012;
PR;4110706;34;124;2012;
PR;4110706;34;173;2012;POINT(-50.66336922 -25.46449444)
PR;4110706;34;187;2012;
PR;4110706;34;36;2012;
PR;4110706;34;39;2012;POINT(-50.6428164 -25.4646161)
PR;4110706;34;43;2012;POINT(-50.6512833 -25.4685056)
PR;4110706;34;62;2012;POINT(-50.6595082 -25.4690718)
PR;4110706;34;64;2012;POINT(-50.66099428 -25.46706247)
PR;4110706;34;65;2012;POINT(-50.66099428 -25.46706247)
PR;4110706;34;68;2012;POINT(-50.65123951 -25.53172554)
PR;4110706;34;70;2012;POINT(-50.6539648 -25.4773295)
PR;4110706;34;71;2012;POINT(-50.6539648 -25.4773295)
PR;4110706;34;78;2012;POINT(-50.64636822 -25.49771809)
PR;4110706;34;87;2012;
PR;4110706;34;99;2012;POINT(-50.85196137 -25.56707551)
PR;4110805;141;29;2012;POINT(-52.1054211 -24.422542)
PR;4110805;141;31;2012;POINT(-52.1054211 -24.422542)
PR;4110805;141;32;2012;POINT(-52.1054211 -24.422542)
PR;4110805;141;35;2012;POINT(-52.0991551 -24.4221784)
PR;4110904;95;40;2012;POINT(-51.9672406 -22.6176534)
PR;4110953;122;23;2012;POINT(-54.30048137 -25.13692854)
PR;4110953;122;47;2012;POINT(-54.298825 -25.1413011)
PR;4110953;122;86;2012;
PR;4111001;57;37;2012;POINT(-50.40869 -23.01534)
PR;4111001;57;50;2012;POINT(-50.4099363 -23.0159647)
PR;4111100;81;14;2012;
PR;4111100;81;4;2012;
PR;4111100;81;6;2012;
PR;4111209;151;13;2012;
PR;4111209;151;21;2012;
PR;4111209;151;7;2012;
PR;4111258;156;132;2012;
PR;4111258;156;133;2012;
PR;4111258;156;168;2012;
PR;4111258;156;172;2012;
PR;4111407;29;125;2012;
PR;4111407;29;140;2012;
PR;4111407;29;142;2012;POINT(-50.859373 -25.009242)
PR;4111407;29;65;2012;
PR;4111407;29;74;2012;
PR;4111407;29;76;2012;
PR;4111506;93;114;2012;
PR;4111506;93;118;2012;
PR;4111506;93;133;2012;
PR;4111506;93;21;2012;POINT(-51.6722658 -24.241484)
PR;4111506;93;22;2012;POINT(-51.6722658 -24.241484)
PR;4111506;93;28;2012;
PR;4111506;93;51;2012;
PR;4111506;93;9;2012;
PR;4111506;93;97;2012;
PR;4111555;172;43;2012;
PR;4111555;172;46;2012;
PR;4111555;172;47;2012;
PR;4111555;172;54;2012;POINT(-53.36713 -23.40736)
PR;4111555;172;61;2012;POINT(-53.36713 -23.40736)
PR;4111605;154;220;2012;
PR;4111605;154;32;2012;POINT(-52.2169479 -23.6194893)
PR;4111803;24;105;2012;POINT(-49.9885422 -23.1561606)
PR;4111803;24;111;2012;
PR;4111803;24;116;2012;POINT(-49.9625728 -23.1549502)
PR;4111803;24;119;2012;POINT(-49.94821 -23.1451)
PR;4111803;24;12;2012;POINT(-49.975934 -23.153962)
PR;4111803;24;22;2012;POINT(-49.9804789 -23.1622132)
PR;4111803;24;31;2012;POINT(-49.981337 -23.1630215)
PR;4111803;24;41;2012;POINT(-49.9783983 -23.1691361)
PR;4111803;24;51;2012;
PR;4111803;24;86;2012;POINT(-49.9671701 -23.1499984)
PR;4111803;24;95;2012;POINT(-49.9885422 -23.1561606)
PR;4111803;24;97;2012;POINT(-49.9671701 -23.1499984)
PR;4111902;64;22;2012;POINT(-51.537197 -23.11536)
PR;4111902;64;30;2012;POINT(-51.537197 -23.11536)
PR;4112009;18;105;2012;POINT(-49.7339862 -24.2705377)
PR;4112009;18;81;2012;POINT(-49.73429 -24.27203)
PR;4112009;18;97;2012;POINT(-49.7251572 -24.4050507)
PR;4112009;18;99;2012;POINT(-49.73429 -24.27203)
PR;4112108;70;26;2012;POINT(-51.6496593 -23.5971341)
PR;4112108;70;42;2012;
PR;4112108;70;52;2012;POINT(-51.6549 -23.59864)
PR;4112108;70;54;2012;POINT(-51.6549 -23.59864)
PR;4112207;183;101;2012;POINT(-52.78127 -24.14448)
PR;4112207;183;114;2012;
PR;4112207;183;98;2012;POINT(-52.78127 -24.14448)
PR;4112207;183;99;2012;POINT(-52.78127 -24.14448)
PR;4112306;79;66;2012;POINT(-50.13410048 -23.80674463)
PR;4112405;149;10;2012;POINT(-52.5534893 -23.4749149)
PR;4112405;149;11;2012;POINT(-52.5534893 -23.4749149)
PR;4112405;149;8;2012;POINT(-52.552706 -23.469988)
PR;4112504;152;48;2012;
PR;4112504;152;49;2012;
PR;4112702;84;17;2012;POINT(-50.976987 -23.254222)
PR;4112751;120;100;2012;POINT(-53.3824668 -24.3762931)
PR;4112751;120;93;2012;POINT(-53.3824668 -24.3762931)
PR;4112751;120;95;2012;POINT(-53.3824668 -24.3762931)
PR;4112801;55;11;2012;
PR;4112801;55;20;2012;
PR;4112900;82;19;2012;POINT(-50.2467848 -23.435369)
PR;4112959;98;127;2012;
PR;4112959;98;131;2012;POINT(-52.84 -24.41963)
PR;4112959;98;152;2012;
PR;4113007;149;26;2012;POINT(-52.47116 -23.6197202)
PR;4113007;149;35;2012;POINT(-52.47116 -23.6197202)
PR;4113007;149;36;2012;POINT(-52.47116 -23.6197202)
PR;4113106;70;70;2012;POINT(-51.73716 -23.8995)
PR;4113205;10;112;2012;POINT(-49.7266613 -25.7556894)
PR;4113205;10;119;2012;POINT(-49.7165224 -25.7675665)
PR;4113205;10;146;2012;
PR;4113205;10;250;2012;POINT(-49.7155201 -25.7628709)
PR;4113205;10;258;2012;
PR;4113205;10;260;2012;
PR;4113205;10;269;2012;
PR;4113205;10;273;2012;POINT(-49.7155201 -25.7628709)
PR;4113205;10;42;2012;POINT(-49.7154565 -25.7709204)
PR;4113205;10;47;2012;POINT(-49.7154565 -25.7709204)
PR;4113205;10;56;2012;POINT(-49.7203653 -25.7700429)
PR;4113205;10;66;2012;
PR;4113205;10;69;2012;
PR;4113205;10;74;2012;POINT(-49.7155201 -25.7628709)
PR;4113205;10;76;2012;
PR;4113205;10;81;2012;
PR;4113205;10;95;2012;
PR;4113205;10;96;2012;
PR;4113254;134;107;2012;
PR;4113254;134;22;2012;
PR;4113254;134;78;2012;
PR;4113304;45;161;2012;
PR;4113304;45;189;2012;POINT(-52.420102 -25.408258)
PR;4113304;45;37;2012;
PR;4113304;45;47;2012;POINT(-52.4200176 -25.4025803)
PR;4113304;45;49;2012;POINT(-52.4200176 -25.4025803)
PR;4113304;45;9;2012;POINT(-52.3254441 -25.4074837)
PR;4113403;26;93;2012;POINT(-50.7552098 -23.0804636)
PR;4113403;26;94;2012;
PR;4113429;152;38;2012;
PR;4113452;143;66;2012;
PR;4113502;85;117;2012;POINT(-53.135275 -22.9205819)
PR;4113502;85;15;2012;
PR;4113502;85;16;2012;
PR;4113502;85;21;2012;POINT(-53.1273393 -22.9323041)
PR;4113502;85;22;2012;POINT(-53.1273393 -22.9323041)
PR;4113502;85;3;2012;POINT(-53.1345961 -22.925979)
PR;4113502;85;8;2012;POINT(-53.1345961 -22.925979)
PR;4113601;95;48;2012;POINT(-51.95049 -23.01055)
PR;4113601;95;56;2012;POINT(-51.95049 -23.01055)
PR;4113700;146;126;2012;POINT(-51.088413 -23.690676)
PR;4113700;146;129;2012;POINT(-51.184872 -23.608885)
PR;4113700;146;135;2012;
PR;4113700;146;166;2012;POINT(-51.184872 -23.608885)
PR;4113700;146;176;2012;POINT(-51.1711514 -23.3311681)
PR;4113700;146;81;2012;POINT(-51.1711514 -23.3311681)
PR;4113700;157;106;2012;POINT(-51.1452848 -23.261292)
PR;4113700;157;114;2012;POINT(-51.1482891 -23.263009)
PR;4113700;157;115;2012;POINT(-51.1482891 -23.263009)
PR;4113700;157;125;2012;
PR;4113700;157;128;2012;
PR;4113700;157;129;2012;
PR;4113700;157;133;2012;POINT(-51.1409807 -23.2536003)
PR;4113700;157;142;2012;POINT(-51.1482566 -23.2561731)
PR;4113700;157;154;2012;POINT(-51.1786783 -23.2600993)
PR;4113700;157;171;2012;
PR;4113700;157;184;2012;POINT(-51.1482566 -23.2561731)
PR;4113700;157;188;2012;POINT(-51.1709405 -23.2578496)
PR;4113700;157;206;2012;POINT(-51.175633 -23.2676084)
PR;4113700;157;207;2012;POINT(-51.1565672 -23.2765987)
PR;4113700;157;208;2012;POINT(-51.1433026 -23.2612422)
PR;4113700;157;216;2012;
PR;4113700;157;226;2012;POINT(-51.1768279 -23.2650444)
PR;4113700;157;233;2012;POINT(-51.1742345 -23.2816825)
PR;4113700;157;235;2012;POINT(-51.1768279 -23.2650444)
PR;4113700;157;253;2012;
PR;4113700;157;260;2012;POINT(-51.1433026 -23.2612422)
PR;4113700;157;266;2012;
PR;4113700;157;277;2012;POINT(-51.1768279 -23.2650444)
PR;4113700;157;285;2012;POINT(-51.1516004 -23.2804459)
PR;4113700;157;65;2012;POINT(-51.163374 -23.2768314)
PR;4113700;157;68;2012;POINT(-51.163374 -23.2768314)
PR;4113700;157;70;2012;POINT(-51.1516004 -23.2804459)
PR;4113700;157;72;2012;POINT(-51.1516004 -23.2804459)
PR;4113700;157;95;2012;POINT(-51.143147 -23.2656492)
PR;4113700;157;96;2012;POINT(-51.143147 -23.2656492)
PR;4113700;189;108;2012;POINT(-51.2012216 -23.2857301)
PR;4113700;189;11;2012;POINT(-51.1824439 -23.2940342)
PR;4113700;189;30;2012;POINT(-51.19546 -23.29394)
PR;4113700;189;40;2012;POINT(-51.2022606 -23.2897475)
PR;4113700;189;43;2012;POINT(-51.2022606 -23.2897475)
PR;4113700;189;44;2012;POINT(-51.2022606 -23.2897475)
PR;4113700;189;45;2012;POINT(-51.2022606 -23.2897475)
PR;4113700;189;57;2012;
PR;4113700;189;58;2012;
PR;4113700;189;62;2012;POINT(-51.15861 -23.29083)
PR;4113700;189;67;2012;POINT(-51.1241033 -23.2832072)
PR;4113700;189;7;2012;POINT(-51.17876 -23.29718)
PR;4113700;189;78;2012;
PR;4113700;189;82;2012;POINT(-51.17556 -23.29464)
PR;4113700;189;89;2012;POINT(-51.19546 -23.29394)
PR;4113700;189;97;2012;
PR;4113700;190;101;2012;POINT(-51.129415 -23.3706316)
PR;4113700;190;105;2012;POINT(-51.1455442 -23.3535282)
PR;4113700;190;115;2012;POINT(-51.12943 -23.31814)
PR;4113700;190;119;2012;POINT(-51.1261504 -23.3825466)
PR;4113700;190;12;2012;POINT(-51.1263022 -23.3255025)
PR;4113700;190;13;2012;POINT(-51.1263022 -23.3255025)
PR;4113700;190;132;2012;POINT(-51.1455442 -23.3535282)
PR;4113700;190;137;2012;POINT(-51.1380175 -23.3513712)
PR;4113700;190;138;2012;POINT(-51.1289832 -23.3816725)
PR;4113700;190;148;2012;POINT(-51.1384483 -23.318543)
PR;4113700;190;152;2012;POINT(-51.1537429 -23.3184192)
PR;4113700;190;171;2012;POINT(-51.1263022 -23.3255025)
PR;4113700;190;36;2012;POINT(-51.1567836 -23.3152097)
PR;4113700;190;41;2012;POINT(-51.1537429 -23.3184192)
PR;4113700;190;43;2012;POINT(-51.1537429 -23.3184192)
PR;4113700;190;46;2012;POINT(-51.1462675 -23.3225121)
PR;4113700;190;47;2012;POINT(-51.1462675 -23.3225121)
PR;4113700;190;54;2012;POINT(-51.1516377 -23.327986)
PR;4113700;190;56;2012;POINT(-51.1516377 -23.327986)
PR;4113700;190;76;2012;
PR;4113700;190;85;2012;POINT(-51.1458487 -23.3607956)
PR;4113700;190;88;2012;POINT(-51.1389459 -23.3676633)
PR;4113700;190;94;2012;POINT(-51.1389459 -23.3676633)
PR;4113700;190;97;2012;POINT(-51.129415 -23.3706316)
PR;4113700;191;102;2012;POINT(-51.152104 -23.3755393)
PR;4113700;191;103;2012;POINT(-51.2138364 -23.3129597)
PR;4113700;191;111;2012;POINT(-51.152104 -23.3755393)
PR;4113700;191;126;2012;
PR;4113700;191;130;2012;POINT(-51.152104 -23.3755393)
PR;4113700;191;156;2012;POINT(-51.1984404 -23.3080651)
PR;4113700;191;18;2012;POINT(-51.2016784 -23.3013924)
PR;4113700;191;2;2012;POINT(-51.2016784 -23.3013924)
PR;4113700;191;29;2012;
PR;4113700;191;33;2012;POINT(-51.1984404 -23.3080651)
PR;4113700;191;4;2012;POINT(-51.2016784 -23.3013924)
PR;4113700;191;41;2012;POINT(-51.1951655 -23.3143552)
PR;4113700;191;55;2012;POINT(-51.18383 -23.3040231)
PR;4113700;191;58;2012;POINT(-51.18383 -23.3040231)
PR;4113700;191;60;2012;POINT(-51.1730032 -23.3033893)
PR;4113700;191;61;2012;POINT(-51.1730032 -23.3033893)
PR;4113700;191;65;2012;POINT(-51.1775745 -23.3103514)
PR;4113700;191;69;2012;POINT(-51.1775745 -23.3103514)
PR;4113700;191;73;2012;POINT(-51.170814 -23.316143)
PR;4113700;191;75;2012;POINT(-51.170814 -23.316143)
PR;4113700;191;78;2012;POINT(-51.18025 -23.31803)
PR;4113700;191;88;2012;POINT(-51.2268286 -23.3194543)
PR;4113700;191;9;2012;POINT(-51.2016784 -23.3013924)
PR;4113700;191;91;2012;POINT(-51.2268286 -23.3194543)
PR;4113700;191;97;2012;POINT(-51.1442737 -23.3692979)
PR;4113700;191;98;2012;POINT(-51.1442737 -23.3692979)
PR;4113700;41;102;2012;POINT(-51.1429888 -23.2997048)
PR;4113700;41;104;2012;POINT(-51.1429888 -23.2997048)
PR;4113700;41;106;2012;POINT(-51.1357188 -23.2952374)
PR;4113700;41;108;2012;POINT(-51.1357188 -23.2952374)
PR;4113700;41;109;2012;POINT(-51.1357188 -23.2952374)
PR;4113700;41;114;2012;POINT(-51.1440688 -23.294058)
PR;4113700;41;123;2012;POINT(-51.1493751 -23.299962)
PR;4113700;41;124;2012;POINT(-51.1493751 -23.299962)
PR;4113700;41;149;2012;POINT(-51.1681096 -23.2994769)
PR;4113700;41;160;2012;POINT(-51.1585033 -23.3024333)
PR;4113700;41;168;2012;POINT(-51.1585033 -23.3024333)
PR;4113700;41;176;2012;POINT(-51.1585033 -23.3024333)
PR;4113700;41;181;2012;POINT(-51.1363723 -23.3119866)
PR;4113700;41;188;2012;POINT(-51.1596939 -23.3052427)
PR;4113700;41;199;2012;POINT(-51.1357188 -23.2952374)
PR;4113700;41;29;2012;POINT(-51.1650341 -23.3073988)
PR;4113700;41;43;2012;POINT(-51.160889 -23.3106991)
PR;4113700;41;8;2012;POINT(-51.160889 -23.3106991)
PR;4113700;41;90;2012;
PR;4113700;42;14;2012;
PR;4113700;42;169;2012;POINT(-51.1486321 -23.3475894)
PR;4113700;42;174;2012;
PR;4113700;42;191;2012;POINT(-51.1634631 -23.3123023)
PR;4113700;42;192;2012;POINT(-51.1656 -23.32075)
PR;4113700;42;193;2012;POINT(-51.1543421 -23.3278916)
PR;4113700;42;25;2012;POINT(-51.1635853 -23.3132324)
PR;4113700;42;49;2012;POINT(-51.1602143 -23.3206628)
PR;4113700;42;65;2012;POINT(-51.1656 -23.32075)
PR;4113700;42;67;2012;POINT(-51.1656 -23.32075)
PR;4113700;42;89;2012;POINT(-51.1543421 -23.3278916)
PR;4113700;42;90;2012;POINT(-51.1543421 -23.3278916)
PR;4113700;42;93;2012;POINT(-51.1543421 -23.3278916)
PR;4113700;42;95;2012;POINT(-51.1543421 -23.3278916)
PR;4113734;31;137;2012;
PR;4113734;31;139;2012;POINT(-52.27478282 -24.28614551)
PR;4113759;132;60;2012;POINT(-51.74251 -24.0761)
PR;4113809;159;40;2012;
PR;4113809;159;41;2012;
PR;4113908;37;25;2012;POINT(-50.7046976 -25.9698509)
PR;4113908;37;46;2012;
PR;4114005;170;25;2012;POINT(-52.528475 -24.3171317)
PR;4114005;170;29;2012;POINT(-52.528475 -24.3171317)
PR;4114005;170;34;2012;POINT(-52.5281652 -24.3091596)
PR;4114005;170;38;2012;POINT(-52.528475 -24.3171317)
PR;4114005;170;49;2012;
PR;4114104;102;13;2012;
PR;4114104;102;20;2012;
PR;4114104;102;68;2012;
PR;4114104;102;72;2012;
PR;4114104;102;79;2012;
PR;4114203;60;11;2012;POINT(-51.68052 -23.52171)
PR;4114203;60;16;2012;POINT(-51.6757763 -23.524997)
PR;4114203;60;21;2012;
PR;4114203;60;3;2012;
PR;4114203;60;32;2012;
PR;4114203;60;49;2012;POINT(-51.69755 -23.5111)
PR;4114203;60;6;2012;
PR;4114203;60;78;2012;
PR;4114203;60;79;2012;POINT(-51.69413 -23.5188)
PR;4114203;60;80;2012;
PR;4114302;144;109;2012;POINT(-49.3277817 -25.7776053)
PR;4114302;144;168;2012;POINT(-49.3262191 -25.7778746)
PR;4114302;144;246;2012;POINT(-49.3262191 -25.7778746)
PR;4114302;144;27;2012;POINT(-49.3472565 -25.9067029)
PR;4114302;144;271;2012;POINT(-49.36397488 -25.86925738)
PR;4114302;144;288;2012;POINT(-49.3472565 -25.9067029)
PR;4114302;144;29;2012;POINT(-49.3240359 -25.7556743)
PR;4114302;144;39;2012;POINT(-49.3262191 -25.7778746)
PR;4114302;144;40;2012;POINT(-49.3262191 -25.7778746)
PR;4114302;144;52;2012;POINT(-49.3472565 -25.9067029)
PR;4114302;144;65;2012;POINT(-49.3472565 -25.9067029)
PR;4114302;144;67;2012;
PR;4114351;131;52;2012;
PR;4114401;168;12;2012;
PR;4114401;168;13;2012;
PR;4114401;168;33;2012;
PR;4114401;168;4;2012;
PR;4114401;168;9;2012;
PR;4114500;196;107;2012;POINT(-51.6622495 -24.514473)
PR;4114500;196;108;2012;POINT(-51.6622495 -24.514473)
PR;4114500;196;133;2012;POINT(-51.64124167 -24.45368)
PR;4114500;196;137;2012;
PR;4114500;196;139;2012;
PR;4114500;196;140;2012;
PR;4114609;121;1;2012;
PR;4114609;121;10;2012;POINT(-54.0610905 -24.5529305)
PR;4114609;121;117;2012;
PR;4114609;121;130;2012;
PR;4114609;121;131;2012;
PR;4114609;121;133;2012;
PR;4114609;121;161;2012;
PR;4114609;121;162;2012;
PR;4114609;121;193;2012;POINT(-54.0528559 -24.5316009)
PR;4114609;121;33;2012;POINT(-54.0546024 -24.5444858)
PR;4114609;121;83;2012;
PR;4114708;142;32;2012;
PR;4114708;142;35;2012;POINT(-53.2067916 -23.6223039)
PR;4114807;81;116;2012;
PR;4114807;81;118;2012;POINT(-51.7937103 -23.479018)
PR;4114807;81;119;2012;POINT(-51.7937103 -23.479018)
PR;4114807;81;122;2012;
PR;4114807;81;157;2012;POINT(-51.7937103 -23.479018)
PR;4114807;81;164;2012;POINT(-51.8206721 -23.4652516)
PR;4114807;81;168;2012;POINT(-51.80755 -23.47564)
PR;4114807;81;173;2012;POINT(-51.8206721 -23.4652516)
PR;4114807;81;37;2012;
PR;4114807;81;57;2012;
PR;4114906;76;114;2012;
PR;4114906;76;25;2012;
PR;4114906;76;3;2012;POINT(-51.3088585 -23.7453508)
PR;4114906;76;35;2012;
PR;4114906;76;41;2012;
PR;4114906;76;6;2012;POINT(-51.3088585 -23.7453508)
PR;4115101;86;134;2012;POINT(-53.1479966 -24.0121994)
PR;4115101;86;46;2012;POINT(-53.1502328 -24.0106556)
PR;4115101;86;52;2012;POINT(-53.1502328 -24.0106556)
PR;4115101;86;54;2012;POINT(-53.1502328 -24.0106556)
PR;4115200;137;107;2012;POINT(-51.919686 -23.404103)
PR;4115200;137;126;2012;POINT(-51.9112704 -23.3997877)
PR;4115200;137;141;2012;POINT(-51.9152 -23.39653)
PR;4115200;137;142;2012;POINT(-51.9152 -23.39653)
PR;4115200;137;150;2012;POINT(-51.9152 -23.39653)
PR;4115200;137;196;2012;POINT(-51.919686 -23.404103)
PR;4115200;137;232;2012;POINT(-51.8972516 -23.4143403)
PR;4115200;137;235;2012;
PR;4115200;137;236;2012;POINT(-51.8806785 -23.4084316)
PR;4115200;137;246;2012;POINT(-51.8972516 -23.4143403)
PR;4115200;137;249;2012;POINT(-51.8983576 -23.4178242)
PR;4115200;137;262;2012;POINT(-51.9049077 -23.3880957)
PR;4115200;137;283;2012;
PR;4115200;137;291;2012;
PR;4115200;137;294;2012;POINT(-51.8881288 -23.4144203)
PR;4115200;137;295;2012;POINT(-51.9023369 -23.4131638)
PR;4115200;137;74;2012;
PR;4115200;137;80;2012;
PR;4115200;137;84;2012;
PR;4115200;137;90;2012;
PR;4115200;154;162;2012;POINT(-51.9327171 -23.4457689)
PR;4115200;154;176;2012;POINT(-51.9227701 -23.4401218)
PR;4115200;154;179;2012;POINT(-51.9146321 -23.4310336)
PR;4115200;154;182;2012;POINT(-51.9423048 -23.4560638)
PR;4115200;154;186;2012;POINT(-51.9713079 -23.4314621)
PR;4115200;154;203;2012;POINT(-51.9070531 -23.4548583)
PR;4115200;154;219;2012;POINT(-51.896463 -23.4396875)
PR;4115200;154;239;2012;POINT(-51.9124096 -23.4697882)
PR;4115200;154;45;2012;POINT(-51.9146321 -23.4310336)
PR;4115200;154;58;2012;POINT(-51.919624 -23.4614971)
PR;4115200;154;62;2012;POINT(-51.9327171 -23.4457689)
PR;4115200;154;66;2012;POINT(-51.93438 -23.43804)
PR;4115200;192;1;2012;POINT(-51.92914 -23.40536)
PR;4115200;192;109;2012;
PR;4115200;192;116;2012;POINT(-51.9399913 -23.404717)
PR;4115200;192;122;2012;POINT(-51.9218551 -23.3940496)
PR;4115200;192;184;2012;POINT(-51.9458442 -23.3849705)
PR;4115200;192;190;2012;POINT(-51.9250187 -23.3914219)
PR;4115200;192;27;2012;POINT(-51.94851 -23.40894)
PR;4115200;192;28;2012;POINT(-51.94851 -23.40894)
PR;4115200;192;48;2012;POINT(-51.9541303 -23.414595)
PR;4115200;192;52;2012;POINT(-51.9541303 -23.414595)
PR;4115200;192;59;2012;POINT(-51.9541303 -23.414595)
PR;4115200;192;78;2012;POINT(-51.94073 -23.38171)
PR;4115200;193;100;2012;POINT(-51.9532894 -23.422096)
PR;4115200;193;105;2012;POINT(-51.9486746 -23.4161349)
PR;4115200;193;111;2012;POINT(-51.9588432 -23.433587)
PR;4115200;193;12;2012;POINT(-51.9588432 -23.433587)
PR;4115200;193;126;2012;POINT(-51.9595921 -23.4037824)
PR;4115200;193;138;2012;POINT(-51.9532894 -23.422096)
PR;4115200;193;14;2012;POINT(-51.9588432 -23.433587)
PR;4115200;193;19;2012;POINT(-51.96832 -23.42593)
PR;4115200;193;35;2012;POINT(-51.954531 -23.4226729)
PR;4115200;193;41;2012;POINT(-51.9532894 -23.422096)
PR;4115200;193;76;2012;POINT(-51.9674957 -23.3944286)
PR;4115200;66;125;2012;POINT(-51.9257084 -23.4158849)
PR;4115200;66;126;2012;POINT(-51.9257084 -23.4158849)
PR;4115200;66;13;2012;POINT(-51.930693 -23.421784)
PR;4115200;66;19;2012;POINT(-51.9393146 -23.4278876)
PR;4115200;66;23;2012;POINT(-51.9393146 -23.4278876)
PR;4115200;66;3;2012;POINT(-51.94222 -23.4270698)
PR;4115200;66;35;2012;POINT(-51.9317717 -23.4305337)
PR;4115200;66;53;2012;POINT(-51.9197915 -23.422946)
PR;4115200;66;6;2012;POINT(-51.94222 -23.4270698)
PR;4115309;47;39;2012;
PR;4115358;124;53;2012;POINT(-53.7437687 -24.5315423)
PR;4115408;140;113;2012;POINT(-53.029935 -26.1504289)
PR;4115408;140;67;2012;
PR;4115408;140;88;2012;
PR;4115457;45;175;2012;
PR;4115457;45;176;2012;
PR;4115457;45;178;2012;
PR;4115507;70;83;2012;POINT(-51.6427926 -23.7073257)
PR;4115606;118;1;2012;POINT(-53.982247 -25.2375537)
PR;4115606;118;132;2012;POINT(-53.94451 -25.192)
PR;4115606;118;47;2012;POINT(-53.9805041 -25.2442922)
PR;4115606;118;48;2012;
PR;4115606;118;49;2012;
PR;4115705;194;107;2012;POINT(-48.53574 -25.81826)
PR;4115705;194;115;2012;
PR;4115705;194;116;2012;
PR;4115705;194;119;2012;
PR;4115705;194;123;2012;
PR;4115705;194;128;2012;POINT(-48.5385659 -25.8350459)
PR;4115705;194;129;2012;POINT(-48.5385659 -25.8350459)
PR;4115705;194;130;2012;POINT(-48.5385659 -25.8350459)
PR;4115705;194;146;2012;
PR;4115705;194;170;2012;
PR;4115705;194;183;2012;POINT(-48.5274 -25.79622)
PR;4115705;194;195;2012;
PR;4115705;194;99;2012;
PR;4115739;38;219;2012;
PR;4115739;38;225;2012;
PR;4115739;38;228;2012;
PR;4115739;38;234;2012;
PR;4115754;76;109;2012;POINT(-51.22455 -23.89564)
PR;4115754;76;110;2012;POINT(-51.22455 -23.89564)
PR;4115754;76;28;2012;POINT(-51.22455 -23.89564)
PR;4115754;76;39;2012;POINT(-51.2305102 -23.9039141)
PR;4115804;114;112;2012;POINT(-54.0908229 -25.3027872)
PR;4115804;114;12;2012;POINT(-54.0995702 -25.2963022)
PR;4115804;114;126;2012;POINT(-54.1002293 -25.2934815)
PR;4115804;114;133;2012;POINT(-54.1149506 -25.3009412)
PR;4115804;114;142;2012;
PR;4115804;114;15;2012;POINT(-54.0995702 -25.2963022)
PR;4115804;114;159;2012;
PR;4115804;114;16;2012;POINT(-54.0995702 -25.2963022)
PR;4115804;114;27;2012;POINT(-54.1002293 -25.2934815)
PR;4115804;114;39;2012;POINT(-54.0908229 -25.3027872)
PR;4115804;114;46;2012;POINT(-54.1149506 -25.3009412)
PR;4115804;114;47;2012;
PR;4115804;114;55;2012;POINT(-54.079728 -25.2925271)
PR;4115804;114;7;2012;POINT(-54.0948739 -25.3002304)
PR;4115853;121;62;2012;POINT(-54.1633516 -24.4521641)
PR;4115853;121;65;2012;
PR;4116000;65;24;2012;POINT(-51.482871 -22.968176)
PR;4116059;114;88;2012;POINT(-54.2474517 -25.0900791)
PR;4116109;92;114;2012;POINT(-52.8880908 -24.1094683)
PR;4116109;92;116;2012;POINT(-52.89075 -24.1091067)
PR;4116109;92;88;2012;POINT(-53.0144055 -24.0513494)
PR;4116109;92;91;2012;POINT(-53.0144055 -24.0513494)
PR;4116109;92;92;2012;POINT(-53.0144055 -24.0513494)
PR;4116109;92;96;2012;POINT(-53.0098737 -24.0515474)
PR;4116208;51;15;2012;
PR;4116208;51;31;2012;
PR;4116208;51;33;2012;
PR;4116307;67;70;2012;POINT(-51.77101 -23.14754)
PR;4116307;67;72;2012;POINT(-51.77101 -23.14754)
PR;4116307;67;99;2012;POINT(-51.77101 -23.14754)
PR;4116505;138;76;2012;
PR;4116604;35;77;2012;POINT(-50.7197226 -23.3310376)
PR;4116703;120;49;2012;POINT(-53.2599371 -24.5236022)
PR;4116703;120;50;2012;POINT(-53.2599371 -24.5236022)
PR;4116703;120;53;2012;POINT(-53.26278 -24.52617)
PR;4116703;120;69;2012;
PR;4116703;120;71;2012;
PR;4116703;120;79;2012;POINT(-53.2599371 -24.5236022)
PR;4116703;120;82;2012;POINT(-53.2516902 -24.529532)
PR;4116703;120;84;2012;POINT(-53.2622106 -24.5274114)
PR;4116802;169;47;2012;
PR;4116802;169;58;2012;POINT(-52.57007 -24.67454)
PR;4116802;169;59;2012;POINT(-52.57007 -24.67454)
PR;4116901;71;39;2012;POINT(-52.20017 -23.1862333)
PR;4116901;71;44;2012;POINT(-52.20017 -23.1862333)
PR;4116901;71;68;2012;
PR;4116950;162;121;2012;
PR;4117008;108;14;2012;
PR;4117008;108;2;2012;POINT(-50.56029 -23.43488)
PR;4117057;45;110;2012;
PR;4117057;45;125;2012;
PR;4117057;45;63;2012;
PR;4117057;45;67;2012;
PR;4117057;45;97;2012;
PR;4117107;96;42;2012;POINT(-52.9849035 -22.7614489)
PR;4117107;96;48;2012;POINT(-53.0005454 -22.7629656)
PR;4117206;127;56;2012;
PR;4117214;63;19;2012;POINT(-50.76375 -23.58715)
PR;4117222;121;181;2012;POINT(-53.9483768 -24.4708775)
PR;4117222;121;182;2012;
PR;4117222;121;184;2012;
PR;4117222;121;195;2012;POINT(-53.9483768 -24.4708775)
PR;4117255;162;48;2012;POINT(-53.3502067 -25.6348693)
PR;4117255;162;70;2012;POINT(-53.3422757 -25.6379798)
PR;4117255;162;87;2012;
PR;4117271;196;101;2012;POINT(-51.9483074 -24.4388574)
PR;4117271;196;105;2012;POINT(-51.9483074 -24.4388574)
PR;4117271;196;55;2012;POINT(-51.92931533 -24.5329263)
PR;4117271;196;58;2012;
PR;4117271;196;59;2012;
PR;4117271;196;62;2012;
PR;4117271;196;63;2012;
PR;4117271;196;64;2012;
PR;4117271;196;67;2012;
PR;4117271;196;73;2012;POINT(-51.9483074 -24.4388574)
PR;4117271;196;77;2012;
PR;4117271;196;79;2012;
PR;4117271;196;82;2012;
PR;4117297;150;46;2012;POINT(-51.50641 -23.75982)
PR;4117297;150;47;2012;POINT(-51.50641 -23.75982)
PR;4117297;150;48;2012;POINT(-51.50641 -23.75982)
PR;4117305;167;29;2012;
PR;4117305;167;36;2012;
PR;4117305;167;43;2012;
PR;4117305;167;5;2012;POINT(-50.9261873 -24.205822)
PR;4117305;167;80;2012;
PR;4117404;102;34;2012;
PR;4117404;102;37;2012;
PR;4117453;148;24;2012;POINT(-53.904729 -24.7723102)
PR;4117503;154;100;2012;POINT(-52.0430238 -23.4574588)
PR;4117503;154;102;2012;POINT(-52.0430238 -23.4574588)
PR;4117503;154;104;2012;POINT(-52.0430238 -23.4574588)
PR;4117503;154;111;2012;POINT(-52.0512363 -23.4589863)
PR;4117503;154;195;2012;POINT(-52.0612149 -23.4569438)
PR;4117503;154;244;2012;POINT(-52.03202 -23.45697)
PR;4117503;154;95;2012;POINT(-52.0506375 -23.4606236)
PR;4117602;32;105;2012;POINT(-52.0085383 -26.4702093)
PR;4117602;32;111;2012;POINT(-52.0085383 -26.4702093)
PR;4117602;32;119;2012;POINT(-52.0085383 -26.4702093)
PR;4117602;32;24;2012;POINT(-51.9877 -26.48004)
PR;4117602;32;39;2012;POINT(-52.0033496 -26.4705206)
PR;4117602;32;64;2012;POINT(-51.9907228 -26.4836824)
PR;4117602;32;66;2012;POINT(-52.0039214 -26.4725472)
PR;4117602;32;68;2012;POINT(-51.9900906 -26.487646)
PR;4117602;32;80;2012;POINT(-51.9831732 -26.4772993)
PR;4117602;32;81;2012;POINT(-51.9907228 -26.4836824)
PR;4117602;32;85;2012;
PR;4117602;32;87;2012;POINT(-51.9908548 -26.4849462)
PR;4117602;32;98;2012;POINT(-51.9955522 -26.4847085)
PR;4117701;13;18;2012;
PR;4117701;13;49;2012;
PR;4117701;13;52;2012;
PR;4117701;13;61;2012;
PR;4117701;13;7;2012;
PR;4117701;13;95;2012;
PR;4117800;134;18;2012;
PR;4117800;134;20;2012;
PR;4117800;134;25;2012;
PR;4117800;134;32;2012;POINT(-52.2124976 -24.8854657)
PR;4117800;134;9;2012;
PR;4117800;134;99;2012;POINT(-52.1978832 -24.8867163)
PR;4117909;124;1;2012;
PR;4117909;124;2;2012;
PR;4117909;124;35;2012;
PR;4118006;100;23;2012;
PR;4118105;91;31;2012;POINT(-52.1516262 -22.9332844)
PR;4118105;91;32;2012;POINT(-52.1516262 -22.9332844)
PR;4118204;158;131;2012;
PR;4118204;158;135;2012;
PR;4118204;158;161;2012;
PR;4118204;158;173;2012;POINT(-48.6266141 -25.5574138)
PR;4118204;158;175;2012;POINT(-48.6266141 -25.5574138)
PR;4118204;158;195;2012;POINT(-48.54717 -25.54258)
PR;4118204;158;197;2012;
PR;4118204;158;206;2012;
PR;4118204;158;210;2012;
PR;4118204;158;212;2012;POINT(-48.5507117 -25.5278736)
PR;4118204;158;213;2012;
PR;4118204;158;229;2012;
PR;4118204;158;230;2012;
PR;4118204;158;244;2012;
PR;4118204;158;52;2012;
PR;4118204;158;53;2012;
PR;4118204;158;72;2012;
PR;4118204;5;114;2012;POINT(-48.50315 -25.52772)
PR;4118204;5;13;2012;
PR;4118204;5;132;2012;
PR;4118204;5;151;2012;
PR;4118204;5;173;2012;
PR;4118204;5;185;2012;
PR;4118204;5;191;2012;
PR;4118204;5;210;2012;POINT(-48.50315 -25.52772)
PR;4118204;5;68;2012;
PR;4118204;5;8;2012;
PR;4118204;5;85;2012;
PR;4118204;5;87;2012;
PR;4118303;91;36;2012;POINT(-52.0822927 -22.6541746)
PR;4118402;138;25;2012;POINT(-52.4513401 -23.080493)
PR;4118402;138;28;2012;POINT(-52.4513401 -23.080493)
PR;4118402;138;39;2012;POINT(-52.4456779 -23.0779524)
PR;4118402;138;50;2012;POINT(-52.408586 -23.0742797)
PR;4118402;138;54;2012;POINT(-52.408586 -23.0742797)
PR;4118402;72;101;2012;POINT(-52.4787417 -23.0959718)
PR;4118402;72;102;2012;POINT(-52.4688444 -23.079443)
PR;4118402;72;107;2012;
PR;4118402;72;11;2012;POINT(-52.4555237 -23.0743817)
PR;4118402;72;12;2012;POINT(-52.4555237 -23.0743817)
PR;4118402;72;17;2012;POINT(-52.4787417 -23.0959718)
PR;4118402;72;25;2012;POINT(-52.4787417 -23.0959718)
PR;4118402;72;51;2012;POINT(-52.4491197 -23.092073)
PR;4118402;72;55;2012;POINT(-52.4491197 -23.092073)
PR;4118402;72;58;2012;POINT(-52.4688444 -23.079443)
PR;4118402;72;6;2012;POINT(-52.4539561 -23.084552)
PR;4118402;72;79;2012;POINT(-52.4688444 -23.079443)
PR;4118402;72;84;2012;POINT(-52.4688444 -23.079443)
PR;4118402;72;97;2012;POINT(-52.4539561 -23.084552)
PR;4118402;72;99;2012;POINT(-52.4491197 -23.092073)
PR;4118451;121;106;2012;
PR;4118501;73;110;2012;
PR;4118501;73;113;2012;POINT(-52.702819 -26.241998)
PR;4118501;73;12;2012;POINT(-52.68071 -26.24535)
PR;4118501;73;121;2012;POINT(-52.67661 -26.21601)
PR;4118501;73;125;2012;POINT(-52.67959 -26.24395)
PR;4118501;73;143;2012;
PR;4118501;73;149;2012;
PR;4118501;73;151;2012;POINT(-52.702819 -26.241998)
PR;4118501;73;156;2012;POINT(-52.6835151 -26.2314026)
PR;4118501;73;19;2012;
PR;4118501;73;192;2012;POINT(-52.702819 -26.241998)
PR;4118501;73;194;2012;POINT(-52.6835151 -26.2314026)
PR;4118501;73;198;2012;POINT(-52.6808096 -26.2640835)
PR;4118501;73;204;2012;POINT(-52.6808096 -26.2640835)
PR;4118501;73;208;2012;
PR;4118501;73;213;2012;POINT(-52.6808096 -26.2640835)
PR;4118501;73;22;2012;POINT(-52.66992 -26.24115)
PR;4118501;73;32;2012;
PR;4118501;73;33;2012;POINT(-52.6802 -26.23226)
PR;4118501;73;34;2012;POINT(-52.6802 -26.23226)
PR;4118501;73;38;2012;POINT(-52.6691 -26.22803)
PR;4118501;73;43;2012;
PR;4118501;73;50;2012;POINT(-52.6691 -26.22803)
PR;4118501;73;53;2012;POINT(-52.67878 -26.25915)
PR;4118501;73;63;2012;POINT(-52.664244 -26.229777)
PR;4118501;73;7;2012;POINT(-52.6900785 -26.262459)
PR;4118501;73;95;2012;POINT(-52.6835151 -26.2314026)
PR;4118600;33;145;2012;POINT(-50.9385459 -26.2093675)
PR;4118709;37;27;2012;
PR;4118709;37;34;2012;
PR;4118709;37;37;2012;
PR;4118808;74;42;2012;POINT(-52.34196 -23.91879)
PR;4118808;74;43;2012;
PR;4118808;74;51;2012;
PR;4118857;142;117;2012;POINT(-53.4090166 -23.8963224)
PR;4118907;135;20;2012;
PR;4118907;135;34;2012;POINT(-53.68893 -23.80473)
PR;4119004;107;156;2012;
PR;4119004;107;64;2012;
PR;4119004;107;68;2012;
PR;4119103;11;126;2012;
PR;4119103;11;19;2012;POINT(-49.3819227 -26.1205374)
PR;4119152;187;123;2012;POINT(-49.16465 -25.44171)
PR;4119152;187;168;2012;POINT(-49.17603 -25.43145)
PR;4119152;187;173;2012;POINT(-49.1801309 -25.4024596)
PR;4119152;187;181;2012;POINT(-49.152 -25.41929)
PR;4119152;187;192;2012;POINT(-49.1581138 -25.4418795)
PR;4119152;187;77;2012;POINT(-49.17353 -25.44142)
PR;4119152;187;82;2012;POINT(-49.17353 -25.44142)
PR;4119152;187;84;2012;POINT(-49.17353 -25.44142)
PR;4119152;187;89;2012;POINT(-49.17445 -25.44417)
PR;4119152;187;91;2012;POINT(-49.17445 -25.44417)
PR;4119152;188;119;2012;POINT(-49.1850692 -25.4502242)
PR;4119152;188;139;2012;
PR;4119152;188;171;2012;POINT(-49.1988083 -25.4382591)
PR;4119152;188;225;2012;POINT(-49.1835056 -25.4007516)
PR;4119152;188;235;2012;POINT(-49.1912489 -25.3925357)
PR;4119152;188;243;2012;POINT(-49.1854084 -25.4540872)
PR;4119152;188;245;2012;POINT(-49.1840839 -25.4566029)
PR;4119152;188;249;2012;POINT(-49.1854875 -25.4571688)
PR;4119152;188;270;2012;POINT(-49.1831012 -25.4567388)
PR;4119152;188;273;2012;POINT(-49.1854875 -25.4571688)
PR;4119152;188;305;2012;
PR;4119152;188;310;2012;POINT(-49.1831012 -25.4567388)
PR;4119152;188;328;2012;
PR;4119152;188;330;2012;POINT(-49.1928172 -25.4003273)
PR;4119152;188;349;2012;POINT(-49.1865724 -25.4620199)
PR;4119152;188;354;2012;POINT(-49.1884931 -25.4056304)
PR;4119202;19;12;2012;POINT(-50.0585441 -23.7933358)
PR;4119202;19;16;2012;POINT(-50.0585441 -23.7933358)
PR;4119202;19;19;2012;POINT(-50.0580809 -23.7929297)
PR;4119202;19;22;2012;
PR;4119301;160;111;2012;POINT(-51.64798 -25.6978)
PR;4119301;160;25;2012;POINT(-51.655166 -25.6905323)
PR;4119301;160;65;2012;
PR;4119301;160;98;2012;
PR;4119400;27;20;2012;POINT(-49.9370764 -24.5337428)
PR;4119400;27;25;2012;POINT(-49.9370764 -24.5337428)
PR;4119400;27;30;2012;
PR;4119400;27;38;2012;POINT(-49.84086064 -24.46874834)
PR;4119400;27;58;2012;POINT(-49.93811021 -24.5355232)
PR;4119509;155;108;2012;POINT(-49.16444 -25.45611)
PR;4119509;155;227;2012;POINT(-49.06548 -25.44589)
PR;4119509;155;246;2012;POINT(-49.06548 -25.44589)
PR;4119509;155;280;2012;POINT(-49.16444 -25.45611)
PR;4119509;155;368;2012;POINT(-49.1270573 -25.4555301)
PR;4119509;155;371;2012;
PR;4119509;155;373;2012;POINT(-49.1572977 -25.4570625)
PR;4119509;155;377;2012;POINT(-49.10297 -25.45436)
PR;4119509;155;380;2012;POINT(-49.1572977 -25.4570625)
PR;4119509;155;382;2012;POINT(-49.1270573 -25.4555301)
PR;4119509;155;383;2012;POINT(-49.10389 -25.44667)
PR;4119509;155;385;2012;
PR;4119509;155;40;2012;POINT(-49.06084 -25.44277)
PR;4119509;155;417;2012;POINT(-49.0494555 -25.4240119)
PR;4119509;155;46;2012;POINT(-49.06548 -25.44589)
PR;4119509;155;51;2012;POINT(-49.06548 -25.44589)
PR;4119509;155;52;2012;POINT(-49.06548 -25.44589)
PR;4119608;38;177;2012;
PR;4119608;38;188;2012;
PR;4119608;38;199;2012;POINT(-51.7645351 -24.7593111)
PR;4119608;38;204;2012;
PR;4119608;38;210;2012;
PR;4119608;38;217;2012;POINT(-51.7645351 -24.7593111)
PR;4119608;38;29;2012;
PR;4119608;38;45;2012;POINT(-51.7623142 -24.7572628)
PR;4119608;38;51;2012;POINT(-51.7645351 -24.7593111)
PR;4119707;94;40;2012;POINT(-52.9213273 -23.0239813)
PR;4119707;94;5;2012;POINT(-52.9215998 -23.0227066)
PR;4119806;107;113;2012;POINT(-53.7635007 -25.722501)
PR;4119806;107;122;2012;
PR;4119806;107;135;2012;POINT(-53.7635007 -25.722501)
PR;4119905;139;100;2012;
PR;4119905;139;180;2012;
PR;4119905;139;188;2012;
PR;4119905;139;205;2012;POINT(-50.1704145 -25.1460652)
PR;4119905;139;232;2012;
PR;4119905;139;236;2012;
PR;4119905;139;24;2012;POINT(-50.18542 -25.08624)
PR;4119905;139;25;2012;POINT(-50.18542 -25.08624)
PR;4119905;139;264;2012;
PR;4119905;139;34;2012;
PR;4119905;139;52;2012;
PR;4119905;139;53;2012;
PR;4119905;139;55;2012;
PR;4119905;139;67;2012;
PR;4119905;139;90;2012;
PR;4119905;139;91;2012;
PR;4119905;14;115;2012;POINT(-50.148717 -25.117147)
PR;4119905;14;119;2012;POINT(-50.1366796 -25.0917591)
PR;4119905;14;123;2012;POINT(-50.1366796 -25.0917591)
PR;4119905;14;14;2012;POINT(-50.15968 -25.093)
PR;4119905;14;16;2012;
PR;4119905;14;169;2012;POINT(-50.14629 -25.1290691)
PR;4119905;14;23;2012;
PR;4119905;14;32;2012;POINT(-50.15968 -25.093)
PR;4119905;14;42;2012;
PR;4119905;14;58;2012;POINT(-50.14629 -25.1290691)
PR;4119905;14;65;2012;POINT(-50.1468333 -25.0985923)
PR;4119905;14;74;2012;POINT(-50.1435005 -25.120685)
PR;4119905;15;103;2012;POINT(-50.1770553 -25.0849773)
PR;4119905;15;117;2012;POINT(-50.1619096 -25.0928555)
PR;4119905;15;119;2012;POINT(-50.1660871 -25.1059559)
PR;4119905;15;12;2012;
PR;4119905;15;126;2012;POINT(-50.15998 -25.13588)
PR;4119905;15;130;2012;POINT(-50.1832273 -25.0868232)
PR;4119905;15;144;2012;POINT(-50.1560742 -25.1145)
PR;4119905;15;151;2012;
PR;4119905;15;20;2012;POINT(-50.1757742 -25.1027733)
PR;4119905;15;21;2012;POINT(-50.1757742 -25.1027733)
PR;4119905;15;39;2012;POINT(-50.1660871 -25.1059559)
PR;4119905;15;46;2012;
PR;4119905;15;49;2012;
PR;4119905;15;52;2012;POINT(-50.15908 -25.12031)
PR;4119905;15;57;2012;POINT(-50.1560742 -25.1145)
PR;4119905;15;61;2012;POINT(-50.160262 -25.0913802)
PR;4119905;15;63;2012;POINT(-50.160262 -25.0913802)
PR;4119905;15;68;2012;
PR;4119905;15;78;2012;
PR;4119905;15;82;2012;
PR;4119905;15;93;2012;POINT(-50.1695143 -25.0933858)
PR;4119905;15;98;2012;POINT(-50.165159 -25.091981)
PR;4119905;197;106;2012;
PR;4119905;197;110;2012;
PR;4119905;197;17;2012;POINT(-50.1545586 -25.0859666)
PR;4119905;197;26;2012;POINT(-50.15769 -25.07616)
PR;4119905;197;34;2012;POINT(-50.1468858 -25.0666654)
PR;4119905;197;38;2012;POINT(-50.1320915 -25.0747833)
PR;4119905;197;46;2012;POINT(-50.1320915 -25.0747833)
PR;4119905;197;50;2012;POINT(-50.1284741 -25.0779244)
PR;4119905;197;55;2012;POINT(-50.179016 -25.078878)
PR;4119905;197;57;2012;POINT(-50.179016 -25.078878)
PR;4119905;197;59;2012;POINT(-50.179016 -25.078878)
PR;4119905;197;74;2012;POINT(-50.1636348 -25.0697098)
PR;4119905;197;83;2012;POINT(-50.15769 -25.07616)
PR;4119905;197;9;2012;POINT(-50.1376451 -25.0650747)
PR;4119905;197;92;2012;POINT(-50.1636348 -25.0697098)
PR;4119905;197;95;2012;
PR;4119905;198;109;2012;
PR;4119905;198;131;2012;POINT(-50.1007457 -25.1065718)
PR;4119905;198;17;2012;POINT(-50.0463 -25.22033)
PR;4119905;198;24;2012;
PR;4119905;198;30;2012;
PR;4119905;198;32;2012;
PR;4119905;198;36;2012;
PR;4119905;198;38;2012;
PR;4119905;198;48;2012;
PR;4119905;198;51;2012;
PR;4119905;198;82;2012;
PR;4119905;198;85;2012;POINT(-50.1162656 -25.0705902)
PR;4119905;198;95;2012;
PR;4119954;194;149;2012;POINT(-48.4435071 -25.6582815)
PR;4119954;194;171;2012;POINT(-48.4643609 -25.6703045)
PR;4119954;194;172;2012;
PR;4119954;194;189;2012;
PR;4119954;194;191;2012;
PR;4119954;194;87;2012;
PR;4120002;65;63;2012;POINT(-51.3850691 -22.7595768)
PR;4120002;65;66;2012;
PR;4120002;65;81;2012;POINT(-51.3850691 -22.7595768)
PR;4120002;65;88;2012;POINT(-51.3743687 -22.7578369)
PR;4120101;13;70;2012;
PR;4120150;45;75;2012;
PR;4120200;85;34;2012;POINT(-53.268268 -22.782812)
PR;4120200;85;38;2012;POINT(-53.268268 -22.782812)
PR;4120200;85;95;2012;POINT(-53.268268 -22.782812)
PR;4120309;153;96;2012;
PR;4120358;83;104;2012;
PR;4120358;83;108;2012;POINT(-53.74676 -26.01249)
PR;4120358;83;61;2012;POINT(-53.7978018 -25.9656129)
PR;4120408;71;77;2012;
PR;4120408;71;79;2012;
PR;4120408;71;88;2012;
PR;4120408;71;93;2012;
PR;4120507;104;15;2012;
PR;4120507;104;20;2012;
PR;4120507;104;23;2012;POINT(-51.1314478 -22.9356061)
PR;4120507;104;25;2012;
PR;4120507;104;3;2012;POINT(-51.022942 -22.848737)
PR;4120507;104;4;2012;POINT(-51.022942 -22.848737)
PR;4120606;30;10;2012;
PR;4120606;30;11;2012;
PR;4120606;30;113;2012;
PR;4120606;30;114;2012;POINT(-51.21668333 -24.80622333)
PR;4120606;30;122;2012;
PR;4120606;30;136;2012;
PR;4120606;30;143;2012;
PR;4120606;30;154;2012;
PR;4120606;30;17;2012;
PR;4120606;30;19;2012;
PR;4120606;30;20;2012;
PR;4120606;30;37;2012;
PR;4120606;30;49;2012;
PR;4120606;30;5;2012;
PR;4120606;30;51;2012;
PR;4120606;30;7;2012;
PR;4120606;30;79;2012;
PR;4120655;92;62;2012;POINT(-53.07565 -24.28028)
PR;4120655;92;73;2012;POINT(-53.21267 -24.30564)
PR;4120705;55;39;2012;
PR;4120804;195;120;2012;POINT(-49.098209 -25.3705329)
PR;4120804;195;56;2012;POINT(-49.0750865 -25.3680273)
PR;4120804;195;85;2012;
PR;4120853;121;150;2012;POINT(-53.9747286 -24.5765174)
PR;4120853;121;55;2012;POINT(-53.9747286 -24.5765174)
PR;4120853;121;59;2012;
PR;4120903;163;10;2012;
PR;4120903;163;2;2012;POINT(-52.9112997 -25.4532517)
PR;4120903;163;23;2012;
PR;4120903;163;25;2012;
PR;4120903;163;33;2012;
PR;4120903;163;48;2012;
PR;4120903;163;50;2012;
PR;4120903;163;7;2012;POINT(-52.9112997 -25.4532517)
PR;4120903;163;86;2012;POINT(-53.0017 -25.37252)
PR;4120903;163;87;2012;
PR;4120903;163;9;2012;
PR;4121000;85;119;2012;POINT(-53.48662 -23.08351)
PR;4121000;85;45;2012;POINT(-53.48662 -23.08351)
PR;4121000;85;56;2012;
PR;4121208;11;115;2012;
PR;4121208;11;166;2012;POINT(-49.4979046 -25.8728197)
PR;4121208;11;40;2012;
PR;4121208;11;44;2012;
PR;4121208;11;54;2012;
PR;4121257;118;50;2012;
PR;4121307;84;31;2012;POINT(-50.9162295 -23.0689305)
PR;4121356;92;130;2012;POINT(-52.9558258 -24.3064382)
PR;4121356;92;80;2012;POINT(-52.9558258 -24.3064382)
PR;4121406;130;155;2012;POINT(-53.5337497 -25.7724203)
PR;4121406;130;157;2012;POINT(-53.5337497 -25.7724203)
PR;4121406;130;164;2012;
PR;4121406;130;44;2012;POINT(-53.5337497 -25.7724203)
PR;4121406;130;45;2012;POINT(-53.5337497 -25.7724203)
PR;4121406;130;61;2012;
PR;4121505;62;12;2012;POINT(-50.55706645 -25.68151979)
PR;4121505;62;14;2012;
PR;4121505;62;18;2012;POINT(-50.7654703 -25.6026838)
PR;4121505;62;56;2012;
PR;4121505;62;8;2012;POINT(-50.6927736 -25.62230904)
PR;4121505;62;86;2012;POINT(-50.69425536 -25.61962424)
PR;4121604;140;118;2012;
PR;4121604;140;99;2012;
PR;4121703;39;1;2012;POINT(-50.8552602 -24.6545617)
PR;4121703;39;13;2012;POINT(-50.8484175 -24.6552803)
PR;4121703;39;19;2012;
PR;4121703;39;22;2012;
PR;4121703;39;3;2012;POINT(-50.8552602 -24.6545617)
PR;4121703;39;33;2012;
PR;4121703;39;59;2012;
PR;4121703;39;68;2012;POINT(-50.8508917 -24.6502747)
PR;4121703;39;9;2012;POINT(-50.8484175 -24.6552803)
PR;4121802;23;4;2012;POINT(-49.7602068 -23.2006823)
PR;4121901;82;28;2012;POINT(-50.3551 -23.40659)
PR;4121901;82;46;2012;POINT(-50.3545934 -23.4039539)
PR;4121901;82;47;2012;POINT(-50.3545934 -23.4039539)
PR;4121901;82;61;2012;POINT(-50.354024 -23.405755)
PR;4122008;62;42;2012;POINT(-50.91063566 -25.64531285)
PR;4122008;62;50;2012;POINT(-50.76243021 -25.82244257)
PR;4122008;62;51;2012;POINT(-50.76243021 -25.82244257)
PR;4122008;62;63;2012;
PR;4122156;45;202;2012;POINT(-52.5726505 -25.4680845)
PR;4122156;45;89;2012;POINT(-52.5276268 -25.4914288)
PR;4122206;156;117;2012;POINT(-49.3156276 -25.1802616)
PR;4122206;156;157;2012;
PR;4122206;156;160;2012;POINT(-49.3134283 -25.1930712)
PR;4122206;156;206;2012;POINT(-49.3156276 -25.1802616)
PR;4122305;11;102;2012;
PR;4122305;11;132;2012;POINT(-49.7786255 -26.0886312)
PR;4122305;11;179;2012;POINT(-49.8015099 -26.0925616)
PR;4122305;11;79;2012;POINT(-49.7911764 -26.1074519)
PR;4122305;11;86;2012;POINT(-49.7786255 -26.0886312)
PR;4122305;11;90;2012;POINT(-49.7786255 -26.0886312)
PR;4122404;59;110;2012;
PR;4122404;59;111;2012;
PR;4122404;59;130;2012;
PR;4122404;59;14;2012;POINT(-51.3615211 -23.3107453)
PR;4122404;59;2;2012;POINT(-51.3656451 -23.3118796)
PR;4122404;59;28;2012;POINT(-51.3645602 -23.3147069)
PR;4122404;59;4;2012;POINT(-51.3656451 -23.3118796)
PR;4122404;59;42;2012;
PR;4122404;59;47;2012;POINT(-51.3897515 -23.3118667)
PR;4122404;59;72;2012;POINT(-51.3760492 -23.3196794)
PR;4122404;59;78;2012;
PR;4122503;141;124;2012;
PR;4122503;141;125;2012;
PR;4122503;141;136;2012;
PR;4122503;141;148;2012;
PR;4122503;141;153;2012;
PR;4122503;141;202;2012;
PR;4122602;127;32;2012;POINT(-52.7768061 -23.412879)
PR;4122651;136;17;2012;POINT(-51.2464001 -24.2571803)
PR;4122651;136;25;2012;POINT(-51.2464001 -24.2571803)
PR;4122651;136;27;2012;POINT(-51.2464001 -24.2571803)
PR;4122701;180;62;2012;POINT(-51.5512 -23.31731)
PR;4122800;131;45;2012;
PR;4122909;21;45;2012;POINT(-49.6707205 -23.6354854)
PR;4122909;21;48;2012;POINT(-49.6707205 -23.6354854)
PR;4123006;162;16;2012;
PR;4123006;162;29;2012;
PR;4123006;162;32;2012;
PR;4123006;162;4;2012;POINT(-53.3118198 -25.7845941)
PR;4123006;162;5;2012;POINT(-53.3087108 -25.7795804)
PR;4123105;58;67;2012;POINT(-50.43186 -23.26794)
PR;4123105;58;76;2012;POINT(-50.42585 -23.26659)
PR;4123204;63;10;2012;
PR;4123204;63;5;2012;
PR;4123204;63;7;2012;
PR;4123303;85;62;2012;POINT(-53.2912647 -22.9630915)
PR;4123303;85;70;2012;
PR;4123402;67;85;2012;POINT(-51.8101 -23.04251)
PR;4123402;67;91;2012;POINT(-51.80503 -23.03998)
PR;4123501;129;14;2012;
PR;4123501;129;20;2012;
PR;4123501;129;47;2012;
PR;4123501;129;5;2012;
PR;4123501;129;50;2012;
PR;4123501;129;78;2012;POINT(-54.3359907 -24.8692682)
PR;4123501;129;87;2012;POINT(-54.3298782 -24.8499426)
PR;4123600;95;68;2012;
PR;4123709;94;17;2012;POINT(-53.191109 -23.0057315)
PR;4123709;94;22;2012;POINT(-53.198669 -23.003332)
PR;4123709;94;26;2012;POINT(-53.2781839 -23.1326326)
PR;4123709;94;27;2012;POINT(-53.2781839 -23.1326326)
PR;4123709;94;49;2012;POINT(-53.1990926 -23.0005142)
PR;4123808;130;113;2012;
PR;4123808;130;116;2012;POINT(-53.4519466 -25.8563506)
PR;4123808;130;80;2012;
PR;4123808;130;81;2012;
PR;4123808;130;84;2012;
PR;4123824;165;32;2012;POINT(-53.56964 -25.40766)
PR;4123857;38;236;2012;
PR;4123857;38;247;2012;
PR;4123857;38;257;2012;POINT(-51.8714534 -24.9391255)
PR;4124004;20;3;2012;
PR;4124004;20;6;2012;
PR;4124004;20;8;2012;
PR;4124020;68;303;2012;POINT(-53.619019 -25.0556993)
PR;4124020;68;306;2012;POINT(-53.619019 -25.0556993)
PR;4124020;68;309;2012;
PR;4124020;68;316;2012;POINT(-53.61924 -25.055446)
PR;4124020;68;318;2012;POINT(-53.61924 -25.055446)
PR;4124020;68;400;2012;POINT(-53.61924 -25.055446)
PR;4124053;205;144;2012;POINT(-54.39209 -25.43129)
PR;4124053;205;162;2012;POINT(-54.4017133 -25.4507639)
PR;4124053;205;49;2012;POINT(-54.40072 -25.44147)
PR;4124053;205;53;2012;POINT(-54.40072 -25.44147)
PR;4124053;205;65;2012;POINT(-54.403686 -25.44117)
PR;4124053;205;70;2012;POINT(-54.39463 -25.44655)
PR;4124053;205;76;2012;POINT(-54.3917036 -25.4301245)
PR;4124103;22;23;2012;POINT(-50.07799 -23.29134)
PR;4124103;22;26;2012;POINT(-50.07799 -23.29134)
PR;4124103;22;41;2012;
PR;4124103;22;52;2012;POINT(-50.080048 -23.2936068)
PR;4124103;22;60;2012;
PR;4124103;22;81;2012;
PR;4124301;99;28;2012;
PR;4124400;83;102;2012;
PR;4124400;83;25;2012;
PR;4124400;83;38;2012;
PR;4124400;83;40;2012;
PR;4124400;83;5;2012;
PR;4124400;83;7;2012;
PR;4124400;83;8;2012;
PR;4124509;95;110;2012;POINT(-51.79036 -22.69448)
PR;4124509;95;80;2012;POINT(-51.79036 -22.69448)
PR;4124608;100;25;2012;POINT(-52.4703666 -23.3167017)
PR;4124608;100;33;2012;POINT(-52.4703666 -23.3167017)
PR;4124707;63;21;2012;POINT(-50.740144 -23.724765)
PR;4124707;63;22;2012;POINT(-50.740144 -23.724765)
PR;4124707;63;27;2012;
PR;4124707;63;28;2012;
PR;4124707;63;34;2012;
PR;4124707;63;38;2012;
PR;4124707;63;39;2012;
PR;4124707;63;40;2012;
PR;4124707;63;55;2012;
PR;4124806;103;107;2012;
PR;4124806;103;74;2012;POINT(-52.7239074 -25.8299121)
PR;4124806;103;80;2012;
PR;4124806;103;90;2012;
PR;4124806;103;92;2012;
PR;4124806;103;99;2012;
PR;4124905;87;32;2012;POINT(-52.3411566 -22.8562177)
PR;4124905;87;39;2012;POINT(-52.3411566 -22.8562177)
PR;4124905;87;41;2012;POINT(-52.3411566 -22.8562177)
PR;4124905;87;60;2012;POINT(-52.3411566 -22.8562177)
PR;4125001;132;13;2012;
PR;4125001;132;27;2012;
PR;4125001;132;31;2012;
PR;4125001;132;4;2012;POINT(-51.8173097 -23.9878026)
PR;4125001;132;72;2012;POINT(-51.8173097 -23.9878026)
PR;4125001;132;73;2012;POINT(-51.8173097 -23.9878026)
PR;4125100;52;16;2012;
PR;4125100;52;32;2012;
PR;4125100;52;38;2012;
PR;4125100;52;45;2012;
PR;4125100;52;46;2012;
PR;4125100;52;8;2012;
PR;4125209;115;125;2012;POINT(-52.918237 -25.7049065)
PR;4125209;115;150;2012;
PR;4125209;115;151;2012;
PR;4125308;102;43;2012;
PR;4125308;102;52;2012;POINT(-52.29316 -23.42934)
PR;4125357;123;66;2012;POINT(-53.883118 -23.7595423)
PR;4125357;123;79;2012;
PR;4125407;20;110;2012;
PR;4125456;129;57;2012;POINT(-54.061235 -24.834258)
PR;4125506;199;10;2012;
PR;4125506;199;12;2012;
PR;4125506;199;122;2012;
PR;4125506;199;123;2012;
PR;4125506;199;127;2012;
PR;4125506;199;14;2012;
PR;4125506;199;162;2012;
PR;4125506;199;165;2012;POINT(-49.1894416 -25.5087507)
PR;4125506;199;168;2012;
PR;4125506;199;204;2012;POINT(-49.1487216 -25.473076)
PR;4125506;199;210;2012;
PR;4125506;199;216;2012;
PR;4125506;199;64;2012;
PR;4125506;199;8;2012;
PR;4125506;199;83;2012;
PR;4125506;200;105;2012;POINT(-49.1793988 -25.5460053)
PR;4125506;200;108;2012;POINT(-49.15452961 -25.54053155)
PR;4125506;200;113;2012;
PR;4125506;200;118;2012;POINT(-49.16051062 -25.56379887)
PR;4125506;200;123;2012;POINT(-49.1680908 -25.6055429)
PR;4125506;200;136;2012;POINT(-49.15452961 -25.54053155)
PR;4125506;200;160;2012;POINT(-49.15452961 -25.54053155)
PR;4125506;200;166;2012;POINT(-49.1551982 -25.54769323)
PR;4125506;200;30;2012;POINT(-49.16051062 -25.56379887)
PR;4125506;200;34;2012;POINT(-49.1835 -25.5543)
PR;4125506;200;43;2012;POINT(-49.1765149 -25.6143971)
PR;4125506;200;55;2012;POINT(-49.1793988 -25.5460053)
PR;4125506;200;58;2012;POINT(-49.1551982 -25.54769323)
PR;4125506;200;64;2012;POINT(-49.10199166 -25.69791909)
PR;4125506;200;67;2012;POINT(-49.1787232 -25.6307622)
PR;4125506;200;68;2012;POINT(-49.1787232 -25.6307622)
PR;4125506;200;69;2012;POINT(-49.1787232 -25.6307622)
PR;4125506;200;7;2012;POINT(-49.1695314 -25.5204566)
PR;4125506;200;82;2012;POINT(-49.1551982 -25.54769323)
PR;4125506;200;88;2012;POINT(-49.23726459 -25.66076967)
PR;4125506;200;96;2012;POINT(-49.1680908 -25.6055429)
PR;4125506;200;98;2012;
PR;4125506;200;99;2012;POINT(-49.16051062 -25.56379887)
PR;4125506;8;117;2012;
PR;4125506;8;121;2012;POINT(-49.20848418 -25.53940396)
PR;4125506;8;123;2012;POINT(-49.20848418 -25.53940396)
PR;4125506;8;127;2012;POINT(-49.2040988 -25.5209878)
PR;4125506;8;148;2012;
PR;4125506;8;185;2012;POINT(-49.2101981 -25.5648026)
PR;4125506;8;21;2012;POINT(-49.2101981 -25.5648026)
PR;4125506;8;214;2012;
PR;4125506;8;222;2012;POINT(-49.19628493 -25.56471125)
PR;4125506;8;227;2012;POINT(-49.2101981 -25.5648026)
PR;4125506;8;238;2012;POINT(-49.19628493 -25.56471125)
PR;4125506;8;261;2012;POINT(-49.19628493 -25.56471125)
PR;4125506;8;287;2012;POINT(-49.1934156 -25.5439374)
PR;4125506;8;38;2012;POINT(-49.2012561 -25.5225284)
PR;4125506;8;54;2012;
PR;4125506;8;80;2012;POINT(-49.20690348 -25.53506263)
PR;4125605;12;130;2012;POINT(-50.3890532 -25.895244)
PR;4125605;12;131;2012;
PR;4125605;12;29;2012;POINT(-50.3828613 -25.8737201)
PR;4125605;12;37;2012;
PR;4125605;12;45;2012;
PR;4125605;12;54;2012;
PR;4125605;12;68;2012;
PR;4125605;12;70;2012;
PR;4125605;12;75;2012;
PR;4125605;12;95;2012;
PR;4125605;12;98;2012;POINT(-50.3890532 -25.895244)
PR;4125704;122;19;2012;POINT(-54.2371299 -25.348226)
PR;4125704;122;27;2012;POINT(-54.15930177 -25.37083045)
PR;4125753;148;36;2012;
PR;4125803;70;99;2012;POINT(-51.8576784 -23.8686623)
PR;4126009;35;59;2012;POINT(-50.758852 -23.462834)
PR;4126009;35;63;2012;POINT(-50.7633049 -23.466135)
PR;4126009;35;68;2012;POINT(-50.758852 -23.462834)
PR;4126009;35;84;2012;POINT(-50.758042 -23.466235)
PR;4126108;149;39;2012;POINT(-52.5928086 -23.5354301)
PR;4126108;149;42;2012;POINT(-52.5928086 -23.5354301)
PR;4126108;149;43;2012;POINT(-52.5928086 -23.5354301)
PR;4126108;149;45;2012;POINT(-52.5869102 -23.5353855)
PR;4126108;149;72;2012;POINT(-52.5869102 -23.5353855)
PR;4126207;119;25;2012;
PR;4126207;119;30;2012;
PR;4126207;119;38;2012;
PR;4126256;206;102;2012;
PR;4126256;206;106;2012;
PR;4126256;206;113;2012;POINT(-51.8603646 -23.4314925)
PR;4126256;206;121;2012;POINT(-51.8716125 -23.4338201)
PR;4126256;206;126;2012;POINT(-51.8796297 -23.4482716)
PR;4126256;206;137;2012;POINT(-51.8788339 -23.4288621)
PR;4126256;206;144;2012;POINT(-51.87431 -23.44315)
PR;4126256;206;154;2012;POINT(-51.87887 -23.42835)
PR;4126256;206;28;2012;POINT(-51.86988 -23.44737)
PR;4126256;206;38;2012;POINT(-51.8704513 -23.4385224)
PR;4126256;206;56;2012;POINT(-51.87887 -23.42835)
PR;4126256;206;79;2012;POINT(-51.8767053 -23.439473)
PR;4126256;206;95;2012;POINT(-51.86988 -23.44737)
PR;4126256;206;99;2012;POINT(-51.8716125 -23.4338201)
PR;4126272;103;182;2012;POINT(-52.6179106 -25.6876519)
PR;4126272;103;188;2012;POINT(-52.6179106 -25.6876519)
PR;4126306;54;11;2012;POINT(-49.472138 -24.1152749)
PR;4126306;54;12;2012;
PR;4126306;54;16;2012;
PR;4126306;54;17;2012;
PR;4126306;54;2;2012;POINT(-49.472138 -24.1152749)
PR;4126306;54;44;2012;
PR;4126306;54;47;2012;
PR;4126306;54;6;2012;
PR;4126355;114;62;2012;POINT(-54.041412 -25.410193)
PR;4126355;114;64;2012;POINT(-54.041412 -25.410193)
PR;4126405;26;112;2012;POINT(-50.8171798 -23.0414735)
PR;4126504;40;27;2012;POINT(-51.0452752 -23.0575385)
PR;4126504;40;31;2012;POINT(-51.0303213 -23.0515016)
PR;4126504;40;5;2012;POINT(-51.0428733 -23.0574254)
PR;4126504;40;6;2012;POINT(-51.0428733 -23.0574254)
PR;4126603;21;18;2012;POINT(-49.8217916 -23.6837174)
PR;4126603;21;19;2012;POINT(-49.8217916 -23.6837174)
PR;4126603;21;22;2012;POINT(-49.8313411 -23.688788)
PR;4126603;21;24;2012;POINT(-49.8313411 -23.688788)
PR;4126603;21;28;2012;POINT(-49.8313411 -23.688788)
PR;4126603;21;57;2012;POINT(-49.8217916 -23.6837174)
PR;4126652;103;154;2012;
PR;4126652;103;18;2012;
PR;4126652;103;19;2012;
PR;4126652;103;190;2012;
PR;4126678;146;103;2012;
PR;4126678;146;107;2012;POINT(-51.0985097 -23.7242485)
PR;4126678;146;116;2012;
PR;4126678;146;120;2012;
PR;4126702;138;69;2012;
PR;4126702;138;73;2012;
PR;4126801;86;164;2012;POINT(-52.8671715 -23.7363774)
PR;4126900;127;66;2012;
PR;4126900;127;75;2012;
PR;4127007;53;6;2012;
PR;4127106;111;100;2012;POINT(-50.6310694 -24.325176)
PR;4127106;111;102;2012;POINT(-50.6310694 -24.325176)
PR;4127106;111;129;2012;
PR;4127106;111;132;2012;POINT(-50.6325975 -24.331744)
PR;4127106;111;135;2012;POINT(-50.6325975 -24.331744)
PR;4127106;111;147;2012;
PR;4127106;111;166;2012;POINT(-50.6218323 -24.3312805)
PR;4127106;111;172;2012;
PR;4127106;111;175;2012;
PR;4127106;111;176;2012;
PR;4127106;111;185;2012;POINT(-50.6533344 -24.3333367)
PR;4127106;111;194;2012;POINT(-50.6381437 -24.3222299)
PR;4127106;111;215;2012;
PR;4127106;111;226;2012;POINT(-50.6310694 -24.325176)
PR;4127106;111;232;2012;POINT(-50.6579844 -24.320224)
PR;4127106;111;239;2012;POINT(-50.6310694 -24.325176)
PR;4127106;111;247;2012;
PR;4127106;111;76;2012;POINT(-50.61733 -24.3293)
PR;4127106;111;96;2012;
PR;4127205;173;19;2012;POINT(-52.4434128 -23.7712423)
PR;4127205;173;37;2012;POINT(-52.4597026 -23.7672381)
PR;4127205;173;39;2012;POINT(-52.4597026 -23.7672381)
PR;4127304;105;14;2012;POINT(-52.6246823 -22.7314467)
PR;4127304;105;17;2012;POINT(-52.6246823 -22.7314467)
PR;4127304;105;31;2012;POINT(-52.6164692 -22.7215048)
PR;4127403;125;14;2012;POINT(-54.0988429 -24.1661371)
PR;4127403;125;5;2012;POINT(-54.100764 -24.1674241)
PR;4127403;125;63;2012;
PR;4127403;125;64;2012;
PR;4127403;125;67;2012;
PR;4127403;125;84;2012;POINT(-54.0965467 -24.1715515)
PR;4127403;125;88;2012;POINT(-54.100764 -24.1674241)
PR;4127502;17;1;2012;
PR;4127502;17;26;2012;POINT(-50.4120117 -24.5116872)
PR;4127502;17;28;2012;POINT(-50.4157484 -24.5118122)
PR;4127502;17;3;2012;
PR;4127502;17;4;2012;
PR;4127502;17;56;2012;POINT(-50.4157484 -24.5118122)
PR;4127601;199;213;2012;
PR;4127601;199;94;2012;POINT(-49.178965 -25.926879)
PR;4127700;148;104;2012;POINT(-53.7331039 -24.759962)
PR;4127700;148;4;2012;
PR;4127700;148;81;2012;
PR;4127700;148;88;2012;POINT(-53.766596 -24.717198)
PR;4127700;148;91;2012;POINT(-53.7676104 -24.7112369)
PR;4127700;148;95;2012;POINT(-53.7676104 -24.7112369)
PR;4127700;148;97;2012;POINT(-53.7331039 -24.759962)
PR;4127700;201;106;2012;POINT(-53.70697 -24.736321)
PR;4127700;201;109;2012;POINT(-53.704529 -24.7394326)
PR;4127700;201;116;2012;POINT(-53.7186713 -24.7495577)
PR;4127700;201;126;2012;POINT(-53.704529 -24.7394326)
PR;4127700;201;127;2012;POINT(-53.723943 -24.743477)
PR;4127700;201;129;2012;POINT(-53.70697 -24.736321)
PR;4127700;201;131;2012;POINT(-53.717391 -24.742358)
PR;4127700;201;18;2012;
PR;4127700;201;33;2012;
PR;4127700;201;49;2012;POINT(-53.70697 -24.736321)
PR;4127700;201;6;2012;POINT(-53.723943 -24.743477)
PR;4127700;201;61;2012;
PR;4127700;201;66;2012;POINT(-53.717391 -24.742358)
PR;4127700;201;7;2012;POINT(-53.723943 -24.743477)
PR;4127700;201;98;2012;POINT(-53.7186713 -24.7495577)
PR;4127700;75;14;2012;POINT(-53.7527931 -24.7244836)
PR;4127700;75;148;2012;POINT(-53.747889 -24.708584)
PR;4127700;75;19;2012;
PR;4127700;75;21;2012;
PR;4127700;75;23;2012;
PR;4127700;75;3;2012;POINT(-53.7449562 -24.7296643)
PR;4127700;75;41;2012;POINT(-53.7404172 -24.7168446)
PR;4127700;75;43;2012;POINT(-53.7404172 -24.7168446)
PR;4127700;75;49;2012;POINT(-53.7413695 -24.721686)
PR;4127700;75;61;2012;
PR;4127700;75;62;2012;
PR;4127700;75;70;2012;
PR;4127700;75;75;2012;POINT(-53.7403064 -24.7362695)
PR;4127809;19;30;2012;POINT(-49.951336 -23.777329)
PR;4127809;19;48;2012;
PR;4127858;166;54;2012;POINT(-53.1813167 -25.4215127)
PR;4127858;166;55;2012;POINT(-53.1813167 -25.4215127)
PR;4127858;166;56;2012;POINT(-53.1813167 -25.4215127)
PR;4127858;166;62;2012;POINT(-53.1897284 -25.4211918)
PR;4127858;166;67;2012;POINT(-53.1813167 -25.4215127)
PR;4127858;166;71;2012;POINT(-53.1813167 -25.4215127)
PR;4127858;166;82;2012;POINT(-53.1813167 -25.4215127)
PR;4127858;166;83;2012;POINT(-53.1897284 -25.4211918)
PR;4127908;86;181;2012;POINT(-52.8800028 -23.8719894)
PR;4127908;86;182;2012;POINT(-52.8800028 -23.8719894)
PR;4127908;86;190;2012;POINT(-52.8800028 -23.8719894)
PR;4127908;86;193;2012;POINT(-52.8800028 -23.8719894)
PR;4127957;113;100;2012;POINT(-53.51796 -24.58611)
PR;4127957;113;94;2012;POINT(-53.51796 -24.58611)
PR;4127965;44;136;2012;POINT(-51.3809161 -24.9362992)
PR;4127965;44;144;2012;
PR;4127965;44;152;2012;
PR;4127965;44;153;2012;
PR;4127965;44;155;2012;
PR;4127965;44;197;2012;
PR;4127965;44;202;2012;
PR;4127965;44;243;2012;POINT(-51.3809161 -24.9362992)
PR;4128005;98;111;2012;
PR;4128005;98;71;2012;POINT(-52.9881873 -24.5452149)
PR;4128005;98;74;2012;POINT(-52.9881873 -24.5452149)
PR;4128005;98;94;2012;
PR;4128005;98;99;2012;POINT(-52.98801 -24.53788)
PR;4128104;202;10;2012;
PR;4128104;202;100;2012;
PR;4128104;202;14;2012;
PR;4128104;202;16;2012;
PR;4128104;202;22;2012;POINT(-53.3022579 -23.7649963)
PR;4128104;202;4;2012;POINT(-53.30185 -23.75196)
PR;4128104;202;56;2012;POINT(-53.301389 -23.756703)
PR;4128104;202;60;2012;POINT(-53.301389 -23.756703)
PR;4128104;202;66;2012;POINT(-53.3174313 -23.7636148)
PR;4128104;202;73;2012;POINT(-53.3853244 -23.6158526)
PR;4128104;202;77;2012;POINT(-53.3853244 -23.6158526)
PR;4128104;202;78;2012;POINT(-53.3853244 -23.6158526)
PR;4128104;202;8;2012;POINT(-53.30185 -23.75196)
PR;4128104;202;88;2012;POINT(-53.2925887 -23.7590698)
PR;4128104;202;97;2012;
PR;4128104;89;1;2012;POINT(-53.32489 -23.77776)
PR;4128104;89;200;2012;POINT(-53.32489 -23.77776)
PR;4128104;89;201;2012;POINT(-53.3136544 -23.759333)
PR;4128104;89;208;2012;POINT(-53.3300399 -23.77015)
PR;4128104;89;222;2012;POINT(-53.3140621 -23.7802533)
PR;4128104;89;25;2012;POINT(-53.3060583 -23.759775)
PR;4128104;89;250;2012;POINT(-53.3136544 -23.759333)
PR;4128104;89;251;2012;POINT(-53.3183401 -23.7751881)
PR;4128104;89;30;2012;POINT(-53.3060583 -23.759775)
PR;4128104;89;5;2012;POINT(-53.32489 -23.77776)
PR;4128104;89;78;2012;
PR;4128203;33;101;2012;
PR;4128203;33;117;2012;
PR;4128203;33;122;2012;POINT(-51.05448 -26.233322)
PR;4128203;33;128;2012;POINT(-51.11164833 -26.26899667)
PR;4128203;33;13;2012;
PR;4128203;33;130;2012;POINT(-51.05557667 -26.19998667)
PR;4128203;33;14;2012;
PR;4128203;33;140;2012;POINT(-51.08143167 -26.19925333)
PR;4128203;33;154;2012;POINT(-51.05448 -26.233322)
PR;4128203;33;161;2012;POINT(-51.0889609 -26.207004)
PR;4128203;33;37;2012;
PR;4128203;33;42;2012;
PR;4128203;33;67;2012;POINT(-51.0912199 -26.2422392)
PR;4128203;33;76;2012;POINT(-51.06914167 -26.23211167)
PR;4128401;84;34;2012;POINT(-50.7937049 -23.1953988)
PR;4128401;84;36;2012;POINT(-50.7937049 -23.1953988)
PR;4128401;84;46;2012;POINT(-50.7944136 -23.2026241)
PR;4128500;20;44;2012;
PR;4128500;20;49;2012;POINT(-49.8031601 -23.8781154)
PR;4128500;20;51;2012;POINT(-49.8031601 -23.8781154)
PR;4128500;20;58;2012;POINT(-49.81001 -23.8799)
PR;4128500;20;73;2012;POINT(-49.8031601 -23.8781154)
PR;4128500;20;91;2012;POINT(-49.81001 -23.8799)
PR;4128500;20;96;2012;
PR;4128500;20;97;2012;POINT(-49.81001 -23.8799)
PR;4128534;17;38;2012;POINT(-50.2442 -24.24814)
PR;4128534;17;8;2012;POINT(-50.30094 -24.16681)
PR;4128559;118;102;2012;POINT(-53.9319434 -25.0039475)
PR;4128559;118;92;2012;
PR;4128559;118;98;2012;
PR;4128609;115;167;2012;
PR;4128609;115;176;2012;
PR;4128625;172;36;2012;POINT(-53.73101975 -23.50895304)
PR;4128625;172;37;2012;POINT(-53.73101975 -23.50895304)
PR;4128633;7;36;2012;
PR;4128633;7;57;2012;
PR;4128633;7;58;2012;POINT(-49.42278 -24.56996)
PR;4128633;7;66;2012;
PR;4128633;7;67;2012;
PR;4128633;7;69;2012;
PR;4128658;203;129;2012;POINT(-52.2048981 -25.3790076)
PR;4128807;117;17;2012;POINT(-53.6251234 -23.7545306)
PR;4128807;117;26;2012;POINT(-53.598102 -23.720043)
PR;4128807;117;4;2012;POINT(-53.48581468 -23.73713242)
PR;4128807;117;6;2012;POINT(-53.48581468 -23.73713242)
